ID,Status,Name,Einzigartig,Kartenart,Kartentext-Planung,Kartentext,Flavourtext,Element,⚔️,🛡️,⭕️,Kartentyp,Kosten Aeris,Kosten Aqua,Kosten Ignis,Kosten Magica,Kosten Terra,Kosten Ungeprägt,Erstellt von,Artwork,Art Production,Glossar,Erstellungsdatum,Kritik,Letzte Änderung,Set Release,Zustimmung
3,TCG Arena,Weißer Greif,No,Charakter (https://www.notion.so/Charakter-cdfda7ca52aa435bbb22610007798d2f?pvs=21),"Wenn ich sterbe, kehrt ich auf deine Hand zurück.","Wenn <self>ich</self> <key>sterbe</key>, kehre <self>ich</self> auf Deine <zone>Hand</zone> zurück.","Sie sahen ihn kommen, wie jedes Mal: ein Sturm aus Federn zwischen den Wolken – und sie wussten, dass Aeris sich einmal mehr auf ihre Seite stellt.",Aeris (https://www.notion.so/Aeris-5996f3899d7740fc809fe30a652d20c6?pvs=21),40/40,40/40,,Bestie (https://www.notion.so/Bestie-95ad0a0b63a24c66940280fe886abd05?pvs=21),3,,,,,3,Timon,Alle%20Karten%2070ddd0aaafb74f56b205e643b0901290/3.png,,,"June 26, 2023 2:24 PM",,"July 24, 2025 8:33 PM",,C. Playtest
4,Playtest,Heulende Eulen,No,Charakter (https://www.notion.so/Charakter-cdfda7ca52aa435bbb22610007798d2f?pvs=21),Sofort spielbar,,"Niemand sah sie kommen, denn alle blickten gen Himmel.",Terra (https://www.notion.so/Terra-a6762ab5136d4598aafb8d77da6be70f?pvs=21),10/10,10/10,,Bestie (https://www.notion.so/Bestie-95ad0a0b63a24c66940280fe886abd05?pvs=21),,,,,1,1,Jan Appel,Alle%20Karten%2070ddd0aaafb74f56b205e643b0901290/wia._hooting_owl_on_tree_by_Titus_Lunter_mtg_wallpaper_forest__9a89ce6b-c870-4507-a6b7-0cc11223d27b.png,,,"August 23, 2023 11:57 PM",,"May 17, 2025 5:23 PM",,C. Playtest
5,Idee,Korporal Langhorn,No,Charakter (https://www.notion.so/Charakter-cdfda7ca52aa435bbb22610007798d2f?pvs=21),Alle deine Wölfe Bjarturs haben +10 ⚔️ und +15 🛡️.,,,Terra (https://www.notion.so/Terra-a6762ab5136d4598aafb8d77da6be70f?pvs=21),20,20,,Krieger (https://www.notion.so/Krieger-86700da5b47d4073ae8e37cc896f9162?pvs=21),,,,,,,Jan Appel,,,,"August 23, 2023 11:59 PM",,"April 25, 2024 8:56 PM",,
8,Backup,Baumsängerin Betula,No,Charakter (https://www.notion.so/Charakter-cdfda7ca52aa435bbb22610007798d2f?pvs=21),Tribute diese Karte; Rufe ein [7] oder weniger “Besungener Baum” aus dem Deck.,,,Terra (https://www.notion.so/Terra-a6762ab5136d4598aafb8d77da6be70f?pvs=21),35,30,,,,,,,,,Timon,Alle%20Karten%2070ddd0aaafb74f56b205e643b0901290/wia._celtic_shaman_sorceress_singing_black_hair_magical_scener_4c55d035-e200-44b0-aee3-0375ab0d96d7.png,,,"August 27, 2023 3:01 PM",,"November 23, 2023 9:37 PM",,
9,Backup,Lieblicher Lautenklang der Baumsängerinnen,No,Ereignis (https://www.notion.so/Ereignis-88e179fa1fd740499a32ee3ed4377596?pvs=21),Suche einen Baumsängerin (https://www.notion.so/Baums-ngerin-af7ba6f57aba4f63b5ceb62076cff89a?pvs=21) Charakter,,,Terra (https://www.notion.so/Terra-a6762ab5136d4598aafb8d77da6be70f?pvs=21),,,,,,,,,,,Timon,Alle%20Karten%2070ddd0aaafb74f56b205e643b0901290/wia._harp_forest_background_fantasy_concept_art_magic_the_gath_d438ac21-7fe1-4151-b8de-0a41c2369229.png,,,"August 27, 2023 4:52 PM",,"November 23, 2023 9:37 PM",,
12,Backup,Baumsängerin Tilia,No,Charakter (https://www.notion.so/Charakter-cdfda7ca52aa435bbb22610007798d2f?pvs=21),Tribute diese Karte; Rufe ein [8] oder weniger “Besungener Baum” aus dem Deck.,,,Terra (https://www.notion.so/Terra-a6762ab5136d4598aafb8d77da6be70f?pvs=21),45,30,,,,,,,,,Timon,Alle%20Karten%2070ddd0aaafb74f56b205e643b0901290/wia._celtic_shaman_barbarian_sorceress_elf_singing_red_hair_ma_40f3759a-a129-42cc-b94a-65bb78a7ffe5.png,,,"August 27, 2023 8:38 PM",,"November 23, 2023 9:37 PM",,
13,Backup,Baumsängerin Abies,No,Charakter (https://www.notion.so/Charakter-cdfda7ca52aa435bbb22610007798d2f?pvs=21),Falls diese Karte auf den Friedhof gelegt wird; Rufe ein “Besungener Baum” von deinem Friedhof (Einmal pro Spielzug),,,Terra (https://www.notion.so/Terra-a6762ab5136d4598aafb8d77da6be70f?pvs=21),35,20,,,,,,,,,Timon,Alle%20Karten%2070ddd0aaafb74f56b205e643b0901290/wia._celtic_shaman_barbarian_sorceress_elf_singing_red_hair_ma_a9278542-fe50-46f4-be5f-1eed3f953a60.png,,,"August 27, 2023 8:40 PM",,"November 24, 2023 10:21 AM",,
14,Backup,Heiterer Lautenklang der Baumsängerinnen,No,Ereignis (https://www.notion.so/Ereignis-88e179fa1fd740499a32ee3ed4377596?pvs=21),Suche einen Baumsängerin (https://www.notion.so/Baums-ngerin-af7ba6f57aba4f63b5ceb62076cff89a?pvs=21) Charakter,,,Terra (https://www.notion.so/Terra-a6762ab5136d4598aafb8d77da6be70f?pvs=21),,,,,,,,,,,Timon,Alle%20Karten%2070ddd0aaafb74f56b205e643b0901290/wia._harp_forest_background_fantasy_concept_art_magic_the_gath_4e621d90-bc0f-406d-8992-11abe88e0004.png,,,"August 27, 2023 8:42 PM",,"November 23, 2023 9:37 PM",,
15,Backup,Baumsängerin Larix,No,Charakter (https://www.notion.so/Charakter-cdfda7ca52aa435bbb22610007798d2f?pvs=21),Tribute diese Karte; Rufe ein [6] oder weniger “Besungener Baum” aus dem Deck.,,,Terra (https://www.notion.so/Terra-a6762ab5136d4598aafb8d77da6be70f?pvs=21),30,30,,,,,,,,,Timon,Alle%20Karten%2070ddd0aaafb74f56b205e643b0901290/wia._celtic_shaman_sorceress_singing_brown_hair_magical_scener_60872445-330f-4be8-bb49-b4ff54b07aba.png,,,"August 27, 2023 8:43 PM",,"November 23, 2023 9:37 PM",,
16,Backup,Besungener Baum Fagus,No,Charakter (https://www.notion.so/Charakter-cdfda7ca52aa435bbb22610007798d2f?pvs=21),Alle verbündeten Baumsängerin (https://www.notion.so/Baums-ngerin-af7ba6f57aba4f63b5ceb62076cff89a?pvs=21)  und Wildtier (https://www.notion.so/Wildtier-566a219b7ef049469e5743f0e8b351de?pvs=21)  Kosten 1 Element weniger um sie zu rufen,,,Terra (https://www.notion.so/Terra-a6762ab5136d4598aafb8d77da6be70f?pvs=21),0,55,,,,,,,,,Timon,,,,"August 27, 2023 8:45 PM",,"November 23, 2023 9:37 PM",,
17,Backup,Besungener Baum Carpinus,No,Charakter (https://www.notion.so/Charakter-cdfda7ca52aa435bbb22610007798d2f?pvs=21),Bezahle 2 Terra; Zerstöre einen Charakter (Einmal pro Spielzug),,,Terra (https://www.notion.so/Terra-a6762ab5136d4598aafb8d77da6be70f?pvs=21),0,85,,,,,,,,,Timon,Alle%20Karten%2070ddd0aaafb74f56b205e643b0901290/wia._ancient_mighty_tree_emerging_from_forest_low_camera_angle_7f601446-88af-4256-b974-e2fafe89e466.png,,,"August 27, 2023 8:50 PM",,"November 23, 2023 9:37 PM",,
18,Backup,Besungener Baum Aesculus,No,Charakter (https://www.notion.so/Charakter-cdfda7ca52aa435bbb22610007798d2f?pvs=21),Um den Effekt einer Baumsängerin (https://www.notion.so/Baums-ngerin-af7ba6f57aba4f63b5ceb62076cff89a?pvs=21) zu aktiveren kannst du anstelle sie als Tribut anzubieten 2 Terra bezahlen,,,Terra (https://www.notion.so/Terra-a6762ab5136d4598aafb8d77da6be70f?pvs=21),0,55,,,,,,,,,Timon,Alle%20Karten%2070ddd0aaafb74f56b205e643b0901290/wia._ancient_mighty_fir_tree_emerging_from_forest_low_camera_a_a5e395e9-e34a-40b7-8f0d-031ee03a908b.png,,,"August 27, 2023 8:52 PM",,"November 23, 2023 9:37 PM",,
19,Backup,Schützender Lautenklang der Baumsängerinnen,No,Ereignis (https://www.notion.so/Ereignis-88e179fa1fd740499a32ee3ed4377596?pvs=21),Bis zum Ende dieses Spielzugs: eine Baumsängerin (https://www.notion.so/Baums-ngerin-af7ba6f57aba4f63b5ceb62076cff89a?pvs=21) oder ein “Besungener Baum” ist von Karteneffekten unberührt und kann nicht zerstört werden,,,Terra (https://www.notion.so/Terra-a6762ab5136d4598aafb8d77da6be70f?pvs=21),,,,,,,,,,,Timon,Alle%20Karten%2070ddd0aaafb74f56b205e643b0901290/wia._harp_forest_background_fantasy_concept_art_magic_the_gath_6fdf1d76-b208-415c-a121-d6e2b203165a.png,,,"August 27, 2023 8:55 PM",,"November 23, 2023 9:37 PM",,
20,Backup,Bestie aus dem Wald,No,Charakter (https://www.notion.so/Charakter-cdfda7ca52aa435bbb22610007798d2f?pvs=21),ersch (https://www.notion.so/ersch-0e02f231f9ed4e67bd55eada1e50b09e?pvs=21)einen. Zerstöre einen Charakter auf dem Feld,,,Terra (https://www.notion.so/Terra-a6762ab5136d4598aafb8d77da6be70f?pvs=21),50,10,,,,,,,,,Timon,Alle%20Karten%2070ddd0aaafb74f56b205e643b0901290/wia._angry_deer_in_forest_character_art_by_Titus_Lunter_and_Pa_62bf456d-1f94-45d7-806d-287efa848cbe.png,,,"September 3, 2023 9:09 PM",,"November 23, 2023 9:40 PM",,
21,Backup,Brauner Hirsch,No,Charakter (https://www.notion.so/Charakter-cdfda7ca52aa435bbb22610007798d2f?pvs=21),,,,Terra (https://www.notion.so/Terra-a6762ab5136d4598aafb8d77da6be70f?pvs=21),45,35,,,,,,,,,Timon,Alle%20Karten%2070ddd0aaafb74f56b205e643b0901290/wia._deer_in_forest_by_Titus_Lunter_mtg_wallpaper_green_trees__28801dd7-fc87-4e3e-82fb-66578f78deb0.png,,,"September 3, 2023 9:11 PM",,"November 23, 2023 9:40 PM",,
22,Backup,Rasender Bär,No,Charakter (https://www.notion.so/Charakter-cdfda7ca52aa435bbb22610007798d2f?pvs=21),,,,Terra (https://www.notion.so/Terra-a6762ab5136d4598aafb8d77da6be70f?pvs=21),60,55,,,,,,,,,Timon,Alle%20Karten%2070ddd0aaafb74f56b205e643b0901290/wia._bear_in_forest_character_art_by_Titus_Lunter_and_Painting_b2507883-ba0e-4488-8a47-d832fbb69409.png,,,"September 3, 2023 9:12 PM",,"November 23, 2023 9:40 PM",,
23,Backup,Erwachen des Waldes,No,Ereignis (https://www.notion.so/Ereignis-88e179fa1fd740499a32ee3ed4377596?pvs=21),Falls du ein Terra Charakter kontrollierst. Füge deiner Hand bis zu 2 Wildtier (https://www.notion.so/Wildtier-566a219b7ef049469e5743f0e8b351de?pvs=21) Charaktere hinzu,,,Terra (https://www.notion.so/Terra-a6762ab5136d4598aafb8d77da6be70f?pvs=21),,,,,,,,,,,Timon,Alle%20Karten%2070ddd0aaafb74f56b205e643b0901290/wia._sunrise_over_deep_forest_green_trees_birds_flying_in_the__e8a5f961-6899-4c1e-914f-198db1fe01b2.png,,,"September 3, 2023 9:13 PM",,"November 23, 2023 9:40 PM",,
24,Backup,Fröhliche Waldlichtung,No,Manifestation (https://www.notion.so/Manifestation-01fa783543da4ed2964edb521e465bd0?pvs=21),Einmal pro Spielzug die Rufkosten für ein Wildtier vom Element Terra sind um bis zu 2 reduziert,,,Terra (https://www.notion.so/Terra-a6762ab5136d4598aafb8d77da6be70f?pvs=21),,,2,,,,,,,,Timon,Alle%20Karten%2070ddd0aaafb74f56b205e643b0901290/wia._light_flooded_forest_by_Titus_Lunter_mtg_wallpaper_green__a127a6e2-80d5-49c1-9846-6a3d749d224f.png,,,"September 3, 2023 9:16 PM",,"November 23, 2023 9:40 PM",,
25,Backup,Schildheilerin Elaria,No,Charakter (https://www.notion.so/Charakter-cdfda7ca52aa435bbb22610007798d2f?pvs=21),"Wenn eine Untitled (https://www.notion.so/b1303df2f24d4014b6316e53f3e74243?pvs=21)einer Charakter (https://www.notion.so/Charakter-cdfda7ca52aa435bbb22610007798d2f?pvs=21)n, inklusive Schildheilerin Elaria (https://www.notion.so/Schildheilerin-Elaria-269751abdc774539bcb14942c029b97b?pvs=21), ersch (https://www.notion.so/ersch-0e02f231f9ed4e67bd55eada1e50b09e?pvs=21)eint, entdeck (https://www.notion.so/entdeck-bc14ca1b366b418397d988c1c99579f6?pvs=21)e einen Untitled (https://www.notion.so/7d85c5583f0144ad94a6d3532be61da0?pvs=21) aus Untitled (https://www.notion.so/b1303df2f24d4014b6316e53f3e74243?pvs=21)einem Deck (https://www.notion.so/Deck-12e336df2ea64e2194cabce2e4d93d61?pvs=21). Untitled (https://www.notion.so/b1303df2f24d4014b6316e53f3e74243?pvs=21)u darfst die ersch (https://www.notion.so/ersch-0e02f231f9ed4e67bd55eada1e50b09e?pvs=21)ienene Untitled (https://www.notion.so/bafefdffb74944b09dc4f9de10183b2d?pvs=21) damit vers (https://www.notion.so/vers-6a91c6bfe98549699eed7a53885c2d9b?pvs=21)ehen. Andernfalls misches ihn inUntitled (https://www.notion.so/b1303df2f24d4014b6316e53f3e74243?pvs=21)ein Deck (https://www.notion.so/Deck-12e336df2ea64e2194cabce2e4d93d61?pvs=21).",,,,15,15,,,,,,,,,Jan Appel,https://cdn.discordapp.com/attachments/1140326119963377664/1150242763217051790/itschotsch_water_mage_woman_casting_a_blue_magical_shield_in_ac_2555d53b-dd56-42c0-b2e0-87c7d1ca6067.png,,,"September 9, 2023 1:45 PM",,"November 23, 2023 9:40 PM",,
26,Backup,Ritual des Ewigen Urquell,No,Untitled (https://www.notion.so/eff2926a20744f63b63ea77a6d71edd9?pvs=21),"1. Kontrolliere mindestens 3 Aqua (https://www.notion.so/Aqua-8c3b1bb2cc364f6ba274d390ac8d3800?pvs=21)-Untitled (https://www.notion.so/2b9adcd059614612bb0133aece543b8a?pvs=21)n → zieh (https://www.notion.so/zieh-b15d78fb02034a8f94b549601fe794f5?pvs=21)e 1 Untitled (https://www.notion.so/6ddef2a437ec4b918cdc8a75c9262128?pvs=21).
2. zieh (https://www.notion.so/zieh-b15d78fb02034a8f94b549601fe794f5?pvs=21)e in 1 Zug (https://www.notion.so/Zug-1dea8b0b0db6480ea14c8b3f2d6dda20?pvs=21) mehrere Untitled (https://www.notion.so/6ddef2a437ec4b918cdc8a75c9262128?pvs=21)n → zieh (https://www.notion.so/zieh-b15d78fb02034a8f94b549601fe794f5?pvs=21)e 1 Untitled (https://www.notion.so/6ddef2a437ec4b918cdc8a75c9262128?pvs=21) und spiel (https://www.notion.so/spiel-b5c878a58a374f5282838f3bb3b69799?pvs=21)e eine zusätzliche Aqua (https://www.notion.so/Aqua-8c3b1bb2cc364f6ba274d390ac8d3800?pvs=21)-Untitled (https://www.notion.so/2b9adcd059614612bb0133aece543b8a?pvs=21).
3. Lasse in 1 Zug (https://www.notion.so/Zug-1dea8b0b0db6480ea14c8b3f2d6dda20?pvs=21) Untitled (https://www.notion.so/6ddef2a437ec4b918cdc8a75c9262128?pvs=21)n für GesamtElementarkosten (https://www.notion.so/Elementarkosten-fea3906dd57841dfb44fe508414a2ce9?pvs=21) von mindestens 7 Aqua (https://www.notion.so/Aqua-8c3b1bb2cc364f6ba274d390ac8d3800?pvs=21) ersch (https://www.notion.so/ersch-0e02f231f9ed4e67bd55eada1e50b09e?pvs=21)einen → such (https://www.notion.so/such-97002fcad18b4a7ba59c8706c1742c2f?pvs=21)e und spiel (https://www.notion.so/spiel-b5c878a58a374f5282838f3bb3b69799?pvs=21)e Ewiger Urquell (https://www.notion.so/Ewiger-Urquell-c3c61448100e4c8ab27ce089b7876bcb?pvs=21), ohne Elementarkosten (https://www.notion.so/Elementarkosten-fea3906dd57841dfb44fe508414a2ce9?pvs=21) zu zahlen.",,,,0,50,,,,,,,,,Jan Appel,https://cdn.discordapp.com/attachments/1140326119963377664/1151133009492312135/itschotsch_beautiful_magical_ritual_around_a_water_source_water_b7bfd1e5-7512-42ab-bb63-23f7e4ac7de6.png,,,"September 9, 2023 1:48 PM",,"November 23, 2023 9:40 PM",,
28,Backup,Fluss der Neugierde,No,Manifestation (https://www.notion.so/Manifestation-01fa783543da4ed2964edb521e465bd0?pvs=21),"zieh (https://www.notion.so/zieh-b15d78fb02034a8f94b549601fe794f5?pvs=21)e zwei statt einer Untitled (https://www.notion.so/6ddef2a437ec4b918cdc8a75c9262128?pvs=21) zu Beginn Untitled (https://www.notion.so/b1303df2f24d4014b6316e53f3e74243?pvs=21)eines Zug (https://www.notion.so/Zug-1dea8b0b0db6480ea14c8b3f2d6dda20?pvs=21)s. spiele die billigere, ohne die Elementarkosten (https://www.notion.so/Elementarkosten-fea3906dd57841dfb44fe508414a2ce9?pvs=21) zu bezahlen.",,,,0,20,,,,,,,,,Jan Appel,https://cdn.discordapp.com/attachments/1140326119963377664/1151090506709860352/itschotsch_beautiful_magic_glowing_blue_river_beautiful_forest__49331638-eac8-4a85-b4d4-4c0a99ed32f3.png,,,"September 9, 2023 1:52 PM",,"November 23, 2023 9:40 PM",,
29,Backup,Steter Tropfen,No,Ereignis (https://www.notion.so/Ereignis-88e179fa1fd740499a32ee3ed4377596?pvs=21),"zerstör (https://www.notion.so/zerst-r-353ca16d2f8a4864a2987a024552914f?pvs=21)e alle Untitled (https://www.notion.so/bafefdffb74944b09dc4f9de10183b2d?pvs=21)n mit Elementarkosten (https://www.notion.so/Elementarkosten-fea3906dd57841dfb44fe508414a2ce9?pvs=21) $x$. Falls dabei Untitled (https://www.notion.so/bafefdffb74944b09dc4f9de10183b2d?pvs=21)n zerstör (https://www.notion.so/zerst-r-353ca16d2f8a4864a2987a024552914f?pvs=21)t werden, spiele Steter Tropfen (https://www.notion.so/Steter-Tropfen-97c7af5d6e1d40909e7753429a2cdb29?pvs=21) mit $x+1$. Beginne mit $x=1$.",,,,,,,,,,,,,,Jan Appel,https://cdn.discordapp.com/attachments/1140326119963377664/1150461074362081372/itschotsch_close-up_macro_shot_of_water_drop_falling_onto_rock__08273bf1-5e9c-422e-8aa9-9d458b23866d.png,,,"September 9, 2023 1:52 PM",,"November 23, 2023 9:40 PM",,
30,Backup,Sintflut,No,Ereignis (https://www.notion.so/Ereignis-88e179fa1fd740499a32ee3ed4377596?pvs=21),zerstör (https://www.notion.so/zerst-r-353ca16d2f8a4864a2987a024552914f?pvs=21)e alle Untitled (https://www.notion.so/bafefdffb74944b09dc4f9de10183b2d?pvs=21)n auf dem Schlachtfeld (https://www.notion.so/Schlachtfeld-00d6e8bce1a7450e917e836d0bf3b24e?pvs=21). Alle Untitled (https://www.notion.so/8f9b118372384c41817b4234398dfa75?pvs=21) zieh (https://www.notion.so/zieh-b15d78fb02034a8f94b549601fe794f5?pvs=21)en eine Untitled (https://www.notion.so/6ddef2a437ec4b918cdc8a75c9262128?pvs=21).,,,,,,,,,,,,,,Jan Appel,https://cdn.discordapp.com/attachments/1140326119963377664/1150457937744109719/itschotsch_massive_dramatic_rushing_torrential_flood_foamy_wate_d3560762-81e5-4436-8fdc-2725fdbfa000.png,,,"September 9, 2023 1:55 PM",,"November 23, 2023 9:40 PM",,
31,Backup,Laminarströmung,No,Manifestation (https://www.notion.so/Manifestation-01fa783543da4ed2964edb521e465bd0?pvs=21),"Wenn die vers (https://www.notion.so/vers-6a91c6bfe98549699eed7a53885c2d9b?pvs=21)ehene Untitled (https://www.notion.so/bafefdffb74944b09dc4f9de10183b2d?pvs=21) Schaden (https://www.notion.so/Schaden-9a09537dfc724c1b887d4dbfdc822726?pvs=21) erleidet, wird stattdessen die Laminarströmung (https://www.notion.so/Laminarstr-mung-f0bf24bbe1a649bcafa939cf668fb9f8?pvs=21) zerstör (https://www.notion.so/zerst-r-353ca16d2f8a4864a2987a024552914f?pvs=21)t.",,,,,,,,,,,,,,Jan Appel,https://cdn.discordapp.com/attachments/1140326119963377664/1150255268085633085/itschotsch_transparent_water_sphere_over_the_ocean_magical_forc_e8cea2ae-5496-4ae3-8b00-9d15c3596864.png,,,"September 9, 2023 1:56 PM",,"November 23, 2023 9:40 PM",,
32,Backup,Fluss der Zeit,No,Ereignis (https://www.notion.so/Ereignis-88e179fa1fd740499a32ee3ed4377596?pvs=21),"Mache einen zweiten Zug (https://www.notion.so/Zug-1dea8b0b0db6480ea14c8b3f2d6dda20?pvs=21) direkt im Anschluss, ohne Untitled (https://www.notion.so/b1303df2f24d4014b6316e53f3e74243?pvs=21)eine Untitled (https://www.notion.so/2b9adcd059614612bb0133aece543b8a?pvs=21)n zu regenerier (https://www.notion.so/regenerier-79d2d18c168c41d683999d2bd25fc7c9?pvs=21)en.",,,,,,,,,,,,,,Jan Appel,https://cdn.discordapp.com/attachments/1140326119963377664/1151095171702861904/itschotsch_hourglass_in_the_center_beautiful_magic_glowing_blue_0a880f4f-057f-4749-a56b-a34b3c130a8a.png,,,"September 9, 2023 1:59 PM",,"April 26, 2024 10:34 AM",,
33,Backup,Versiegter Brunnen,No,Manifestation (https://www.notion.so/Manifestation-01fa783543da4ed2964edb521e465bd0?pvs=21),"vers (https://www.notion.so/vers-6a91c6bfe98549699eed7a53885c2d9b?pvs=21)ieh einen beliebigen Untitled (https://www.notion.so/8f9b118372384c41817b4234398dfa75?pvs=21) mit Versiegter Brunnen (https://www.notion.so/Versiegter-Brunnen-19665096f59e4daa90d45da2ca4cd6db?pvs=21). Solange kann der Untitled (https://www.notion.so/8f9b118372384c41817b4234398dfa75?pvs=21) keine Untitled (https://www.notion.so/6ddef2a437ec4b918cdc8a75c9262128?pvs=21)n zieh (https://www.notion.so/zieh-b15d78fb02034a8f94b549601fe794f5?pvs=21)en. Am Ende jeden Zug (https://www.notion.so/Zug-1dea8b0b0db6480ea14c8b3f2d6dda20?pvs=21)es darf der vers (https://www.notion.so/vers-6a91c6bfe98549699eed7a53885c2d9b?pvs=21)ehene Untitled (https://www.notion.so/8f9b118372384c41817b4234398dfa75?pvs=21) 1 Untitled (https://www.notion.so/710cb303190e42c187c5b6603253aa7a?pvs=21) bezahlen, um Versiegter Brunnen (https://www.notion.so/Versiegter-Brunnen-19665096f59e4daa90d45da2ca4cd6db?pvs=21) zu zerstör (https://www.notion.so/zerst-r-353ca16d2f8a4864a2987a024552914f?pvs=21)en, oder 1 beliebiges anderes Untitled (https://www.notion.so/0c6eab460133447db29c66c512586863?pvs=21) bezahlen, um einen anderen Untitled (https://www.notion.so/8f9b118372384c41817b4234398dfa75?pvs=21) damit zu vers (https://www.notion.so/vers-6a91c6bfe98549699eed7a53885c2d9b?pvs=21)ehen.",,,,0,20,,,,,,,,,Jan Appel,https://cdn.discordapp.com/attachments/1140326119963377664/1151096425120288850/itschotsch_dried_up_well_fountain_cracks_drought_bright_colors__a3ab8e2b-8f75-4b32-85bf-e8ee0a87f904.png,,,"September 9, 2023 2:14 PM",,"November 23, 2023 9:40 PM",,
34,Backup,Dürre,No,Ereignis (https://www.notion.so/Ereignis-88e179fa1fd740499a32ee3ed4377596?pvs=21),"sofort (https://www.notion.so/sofort-9c56f076fccf4157b07459dd557d86d7?pvs=21) spielbar.
Alle Untitled (https://www.notion.so/8f9b118372384c41817b4234398dfa75?pvs=21) werfen ihre Hand (https://www.notion.so/Hand-02eed85235d546fc8cd87be30bc8b7c8?pvs=21) ab (https://www.notion.so/ab-3f245ce4bda845e09078a709034e2907?pvs=21) und zieh (https://www.notion.so/zieh-b15d78fb02034a8f94b549601fe794f5?pvs=21)en 3 Untitled (https://www.notion.so/6ddef2a437ec4b918cdc8a75c9262128?pvs=21)n.",,,,,,,,,,,,,,Jan Appel,https://cdn.discordapp.com/attachments/1140326119963377664/1151107286249525319/itschotsch_wide_dried_up_land_cracks_drought_bright_colors_digi_a87fab1f-accc-4cf0-be42-2ad06ad042b8.png,,,"September 9, 2023 2:15 PM",,"November 23, 2023 9:39 PM",,
35,Backup,Ewiger Urquell,No,Manifestation (https://www.notion.so/Manifestation-01fa783543da4ed2964edb521e465bd0?pvs=21),Untitled (https://www.notion.so/b1303df2f24d4014b6316e53f3e74243?pvs=21)u hast keine maximale Hand (https://www.notion.so/Hand-02eed85235d546fc8cd87be30bc8b7c8?pvs=21)kartenzahl.,,,Terra (https://www.notion.so/Terra-a6762ab5136d4598aafb8d77da6be70f?pvs=21),0,50,,,,,,,,,Jan Appel,https://cdn.discordapp.com/attachments/1140326119963377664/1150260613566713866/itschotsch_beautiful_water_source_in_the_forest_spring_summer_d_e8f108bb-eea7-4aa7-acf6-c4a8c377fdec.png,,,"September 9, 2023 2:16 PM",,"November 23, 2023 9:37 PM",,
36,Backup,Jungbrunnen,No,Manifestation (https://www.notion.so/Manifestation-01fa783543da4ed2964edb521e465bd0?pvs=21),"Wenn der Jungbrunnen (https://www.notion.so/Jungbrunnen-09524568d6ff4fa4bf04ac56bcb0fefd?pvs=21) noch leb (https://www.notion.so/leb-692df7818193496192e870be274ab13b?pvs=21)t, nachdem er verteidig (https://www.notion.so/verteidig-839e6f9d7cbd46cebaa3c27a3d39a179?pvs=21)t, vers (https://www.notion.so/vers-6a91c6bfe98549699eed7a53885c2d9b?pvs=21)ieh eine andere Untitled (https://www.notion.so/bafefdffb74944b09dc4f9de10183b2d?pvs=21) mit einen Untitled (https://www.notion.so/7d85c5583f0144ad94a6d3532be61da0?pvs=21), ohne Elementarkosten (https://www.notion.so/Elementarkosten-fea3906dd57841dfb44fe508414a2ce9?pvs=21) zu zahlen.",,,,0,40,,,,,,,,,Jan Appel,,,,"September 9, 2023 2:18 PM",,"November 23, 2023 9:37 PM",,
37,Backup,Speerfischer Albert,No,Charakter (https://www.notion.so/Charakter-cdfda7ca52aa435bbb22610007798d2f?pvs=21),-,,,,30,20,,,,,,,,,Jan Appel,"Alle%20Karten%2070ddd0aaafb74f56b205e643b0901290/00034-370775683.png, https://cdn.discordapp.com/attachments/1140326119963377664/1150245062719049728/itschotsch_Human_Fisherman_fishing_standing_in_a_river_lake_by__532f5aa5-0c39-4852-a483-985dfe03af31.png",,,"September 9, 2023 2:27 PM",,"November 23, 2023 9:37 PM",,
38,Backup,Speerfischer Hans,No,Charakter (https://www.notion.so/Charakter-cdfda7ca52aa435bbb22610007798d2f?pvs=21),-,,,,20,30,,,,,,,,,Jan Appel,https://cdn.discordapp.com/attachments/1140326119963377664/1150245038140436481/itschotsch_Human_Fisherman_fishing_standing_in_a_river_lake_by__8f931dee-201d-4b48-8b87-a12aa4e5a216.png,,,"September 9, 2023 2:29 PM",,"November 23, 2023 9:37 PM",,
39,Backup,Schleimkröte,No,Charakter (https://www.notion.so/Charakter-cdfda7ca52aa435bbb22610007798d2f?pvs=21),"Wenn die Schleimkröte (https://www.notion.so/Schleimkr-te-2817df0d5c2c43d6a38b67509384fdd4?pvs=21) ein Untitled (https://www.notion.so/fce8858c271f419a8a1cfc93bdd3c75e?pvs=21) angr (https://www.notion.so/gr-67b7334ca6da4432b1b2462f108f30e1?pvs=21)eift, darfst Untitled (https://www.notion.so/b1303df2f24d4014b6316e53f3e74243?pvs=21)u dieses in Angriffsposition (https://www.notion.so/Angriffsposition-b0b16f0eec474e6fa92eb5d09f48f5b7?pvs=21) oder Verteidigungsposition (https://www.notion.so/Verteidigungsposition-40ccf690416b4f68aef823771c6b0615?pvs=21) versetzen.",,,Terra (https://www.notion.so/Terra-a6762ab5136d4598aafb8d77da6be70f?pvs=21),30,20,,,,,,,,,Jan Appel,https://cdn.discordapp.com/attachments/1140326119963377664/1150248562727321710/itschotsch_angry_shiny_slimey_toad_in_dark_swamp_tall_reed_dram_c3215b75-adda-4940-967e-8af46bc3991d.png,,,"September 9, 2023 2:30 PM",,"November 23, 2023 9:37 PM",,
40,Backup,Sumpfkröte,No,Charakter (https://www.notion.so/Charakter-cdfda7ca52aa435bbb22610007798d2f?pvs=21),"Wenn die Sumpfkröte (https://www.notion.so/Sumpfkr-te-8c33f75aa0d4460bac47c58b86f59931?pvs=21) ersch (https://www.notion.so/ersch-0e02f231f9ed4e67bd55eada1e50b09e?pvs=21)eint, darfst Du eine beliebige andere Untitled (https://www.notion.so/bafefdffb74944b09dc4f9de10183b2d?pvs=21) verschwind (https://www.notion.so/verschwind-43bb30ae08cb45c7a465f320d7ca5f91?pvs=21)en und wieder ersch (https://www.notion.so/ersch-0e02f231f9ed4e67bd55eada1e50b09e?pvs=21)einen lassen.",,,Terra (https://www.notion.so/Terra-a6762ab5136d4598aafb8d77da6be70f?pvs=21),5,35,,,,,,,,,Jan Appel,https://cdn.discordapp.com/attachments/1140326119963377664/1150248733397749820/itschotsch_angry_shiny_slimey_toad_in_dark_swamp_tall_reed_dram_178dc079-c8cc-4e9b-bb96-83a14d630598.png,,,"September 9, 2023 2:32 PM",,"November 23, 2023 9:37 PM",,
41,Backup,Stacheliger Kugelfisch,No,Charakter (https://www.notion.so/Charakter-cdfda7ca52aa435bbb22610007798d2f?pvs=21),"Wenn Stacheliger Kugelfisch (https://www.notion.so/Stacheliger-Kugelfisch-be275f692d6e4183baa985c2d2afe8fd?pvs=21) verteidig (https://www.notion.so/verteidig-839e6f9d7cbd46cebaa3c27a3d39a179?pvs=21)t, wird die angr (https://www.notion.so/gr-67b7334ca6da4432b1b2462f108f30e1?pvs=21)eifende Untitled (https://www.notion.so/6ddef2a437ec4b918cdc8a75c9262128?pvs=21) zerstör (https://www.notion.so/zerst-r-353ca16d2f8a4864a2987a024552914f?pvs=21)t.",,,,10,10,,,,,,,,,Jan Appel,"Alle%20Karten%2070ddd0aaafb74f56b205e643b0901290/00116-4223229129.png, Alle%20Karten%2070ddd0aaafb74f56b205e643b0901290/00105-4251622031.png",,,"September 9, 2023 2:36 PM",,"November 23, 2023 9:37 PM",,
42,Backup,Wasserschwall,No,Manifestation (https://www.notion.so/Manifestation-01fa783543da4ed2964edb521e465bd0?pvs=21),"Der Verteidigungswert (https://www.notion.so/Verteidigungswert-e67635d2fccf454d85d29b869ee8b6ff?pvs=21) der vers (https://www.notion.so/vers-6a91c6bfe98549699eed7a53885c2d9b?pvs=21)ehenen Untitled (https://www.notion.so/bafefdffb74944b09dc4f9de10183b2d?pvs=21) ist um $x$ erhöht, wobei $x$ die Summe aller Elementarkosten (https://www.notion.so/Elementarkosten-fea3906dd57841dfb44fe508414a2ce9?pvs=21) Untitled (https://www.notion.so/b1303df2f24d4014b6316e53f3e74243?pvs=21)einer Aqua (https://www.notion.so/Aqua-8c3b1bb2cc364f6ba274d390ac8d3800?pvs=21)-Untitled (https://www.notion.so/bafefdffb74944b09dc4f9de10183b2d?pvs=21)n ist.",,,,,,,,,,,,,,Jan Appel,https://cdn.discordapp.com/attachments/1140326119963377664/1150254375403532338/itschotsch_tall_water_wave_splashing_foam_magical_force_shield__e02c454e-dca0-4dd3-b4e8-7e28a31453d6.png,,,"September 9, 2023 2:39 PM",,"November 23, 2023 9:37 PM",,
43,Backup,Tosender Wasserfall,No,Manifestation (https://www.notion.so/Manifestation-01fa783543da4ed2964edb521e465bd0?pvs=21),"Immer, wenn Untitled (https://www.notion.so/b1303df2f24d4014b6316e53f3e74243?pvs=21)u Untitled (https://www.notion.so/6ddef2a437ec4b918cdc8a75c9262128?pvs=21)n zieh (https://www.notion.so/zieh-b15d78fb02034a8f94b549601fe794f5?pvs=21)st, zieh (https://www.notion.so/zieh-b15d78fb02034a8f94b549601fe794f5?pvs=21)st Untitled (https://www.notion.so/b1303df2f24d4014b6316e53f3e74243?pvs=21)u stattdessen eine mehr.",,,,0,1,,,,,,,,,Jan Appel,https://cdn.discordapp.com/attachments/1140326119963377664/1151119520656789574/itschotsch_beautiful_massive_blue_waterfall_white_mist_bright_c_d43c5ee1-ab20-4d2d-9cbc-ef292416b7a2.png,,,"September 9, 2023 2:41 PM",,"November 23, 2023 9:37 PM",,
44,Backup,Reissender Fluss,No,Manifestation (https://www.notion.so/Manifestation-01fa783543da4ed2964edb521e465bd0?pvs=21),"Wenn die vers (https://www.notion.so/vers-6a91c6bfe98549699eed7a53885c2d9b?pvs=21)eheneUntitled (https://www.notion.so/bafefdffb74944b09dc4f9de10183b2d?pvs=21) während der verteidig (https://www.notion.so/verteidig-839e6f9d7cbd46cebaa3c27a3d39a179?pvs=21)ung zerstör (https://www.notion.so/zerst-r-353ca16d2f8a4864a2987a024552914f?pvs=21)t wird, wird auch die angr (https://www.notion.so/gr-67b7334ca6da4432b1b2462f108f30e1?pvs=21)eifende Untitled (https://www.notion.so/6ddef2a437ec4b918cdc8a75c9262128?pvs=21) zerstör (https://www.notion.so/zerst-r-353ca16d2f8a4864a2987a024552914f?pvs=21)t.",,,,,,,,,,,,,,Jan Appel,https://cdn.discordapp.com/attachments/1140326119963377664/1150256089305206804/itschotsch_dramatic_rushing_torrential_river_flood_destroyed_la_babff7b2-1934-4b3b-a909-6be2e3cf424a.png,,,"September 9, 2023 2:50 PM",,"November 23, 2023 9:37 PM",,
45,Backup,Turbulenter Strom,No,Manifestation (https://www.notion.so/Manifestation-01fa783543da4ed2964edb521e465bd0?pvs=21),"Wenn die vers (https://www.notion.so/vers-6a91c6bfe98549699eed7a53885c2d9b?pvs=21)ehene Untitled (https://www.notion.so/bafefdffb74944b09dc4f9de10183b2d?pvs=21) angegr (https://www.notion.so/gr-67b7334ca6da4432b1b2462f108f30e1?pvs=21)iffen wird, darfst du sie mit einem beliebigen Untitled (https://www.notion.so/b1303df2f24d4014b6316e53f3e74243?pvs=21)einer Charakter (https://www.notion.so/Charakter-cdfda7ca52aa435bbb22610007798d2f?pvs=21) verteidig (https://www.notion.so/verteidig-839e6f9d7cbd46cebaa3c27a3d39a179?pvs=21)en. Falls nicht, wird Turbulenter Strom (https://www.notion.so/Turbulenter-Strom-2cb9b81fdc5c442fb79d5b8e45c9ea87?pvs=21) zerstör (https://www.notion.so/zerst-r-353ca16d2f8a4864a2987a024552914f?pvs=21)t.",,,,,,,,,,,,,,Jan Appel,https://cdn.discordapp.com/attachments/1140326119963377664/1150461638357561394/itschotsch_massive_dramatic_tall_wave_swirl_rotating_foaming_wa_f5843e19-0079-4d84-ad29-57683dec118e.png,,,"September 9, 2023 2:51 PM",,"November 23, 2023 9:37 PM",,
46,Backup,Brunnen der Persistenz,No,Manifestation (https://www.notion.so/Manifestation-01fa783543da4ed2964edb521e465bd0?pvs=21),"Wenn die vers (https://www.notion.so/vers-6a91c6bfe98549699eed7a53885c2d9b?pvs=21)ehene Untitled (https://www.notion.so/bafefdffb74944b09dc4f9de10183b2d?pvs=21) noch leb (https://www.notion.so/leb-692df7818193496192e870be274ab13b?pvs=21)t, nachdem sie verteidig (https://www.notion.so/verteidig-839e6f9d7cbd46cebaa3c27a3d39a179?pvs=21)t, darfst Untitled (https://www.notion.so/b1303df2f24d4014b6316e53f3e74243?pvs=21)u einen Untitled (https://www.notion.so/7d85c5583f0144ad94a6d3532be61da0?pvs=21) aus Untitled (https://www.notion.so/b1303df2f24d4014b6316e53f3e74243?pvs=21)einem Deck (https://www.notion.so/Deck-12e336df2ea64e2194cabce2e4d93d61?pvs=21) such (https://www.notion.so/such-97002fcad18b4a7ba59c8706c1742c2f?pvs=21)en und für seine Elementarkosten (https://www.notion.so/Elementarkosten-fea3906dd57841dfb44fe508414a2ce9?pvs=21) eine andere Untitled (https://www.notion.so/bafefdffb74944b09dc4f9de10183b2d?pvs=21) mit ihm vers (https://www.notion.so/vers-6a91c6bfe98549699eed7a53885c2d9b?pvs=21)ehen.",,,,,,,,,,,,,,Jan Appel,https://cdn.discordapp.com/attachments/1140326119963377664/1150257950997364736/itschotsch_large_medieval_well_epic_structure_waves_clashing_by_7c8e645a-52d1-4951-9f7e-8031ec4f5f90.png,,,"September 9, 2023 2:51 PM",,"November 23, 2023 9:37 PM",,
47,Backup,Wilde Wogen,No,Ereignis (https://www.notion.so/Ereignis-88e179fa1fd740499a32ee3ed4377596?pvs=21),"zerstör (https://www.notion.so/zerst-r-353ca16d2f8a4864a2987a024552914f?pvs=21)e $x$ Charakter (https://www.notion.so/Charakter-cdfda7ca52aa435bbb22610007798d2f?pvs=21)e Untitled (https://www.notion.so/b1303df2f24d4014b6316e53f3e74243?pvs=21)einer Wahl, wobei $x$ die Anzahl (https://www.notion.so/Anzahl-09cf5acb69fa4d5ea84c749a17cf2bb0?pvs=21) Untitled (https://www.notion.so/b1303df2f24d4014b6316e53f3e74243?pvs=21)einer Untitled (https://www.notion.so/7d85c5583f0144ad94a6d3532be61da0?pvs=21)e ist.",,,,,,,,,,,,,,Jan Appel,https://cdn.discordapp.com/attachments/1140326119963377664/1150458520123228220/itschotsch_massive_dramatic_tall_wave_foaming_water_splashing_b_e0501fe4-73f5-4eee-9d03-d8a424b24090.png,,,"September 10, 2023 12:36 AM",,"November 23, 2023 9:37 PM",,
48,Backup,Ebbe,No,Ereignis (https://www.notion.so/Ereignis-88e179fa1fd740499a32ee3ed4377596?pvs=21),"Zahle $x$ Untitled (https://www.notion.so/710cb303190e42c187c5b6603253aa7a?pvs=21): plan (https://www.notion.so/plan-75375ecda7fa415a8b626a3c14cdf4eb?pvs=21)e $x$ Untitled (https://www.notion.so/6ddef2a437ec4b918cdc8a75c9262128?pvs=21)n.
Wenn Untitled (https://www.notion.so/b1303df2f24d4014b6316e53f3e74243?pvs=21)u in diesem Zug (https://www.notion.so/Zug-1dea8b0b0db6480ea14c8b3f2d6dda20?pvs=21) die Flut (https://www.notion.so/Flut-79d77c78eb6641e8acd1bd480fc085b0?pvs=21) gespiel (https://www.notion.so/spiel-b5c878a58a374f5282838f3bb3b69799?pvs=21)t hast, such (https://www.notion.so/such-97002fcad18b4a7ba59c8706c1742c2f?pvs=21)e die Springflut (https://www.notion.so/Springflut-8bc81b75064342c68c5596d2db5193bf?pvs=21) aus Untitled (https://www.notion.so/b1303df2f24d4014b6316e53f3e74243?pvs=21)einem Deck (https://www.notion.so/Deck-12e336df2ea64e2194cabce2e4d93d61?pvs=21) und spiel (https://www.notion.so/spiel-b5c878a58a374f5282838f3bb3b69799?pvs=21)e sie, ohne ihre Elementarkosten (https://www.notion.so/Elementarkosten-fea3906dd57841dfb44fe508414a2ce9?pvs=21) zu bezahlen.",,,,,,,,,,,,,,Jan Appel,"Alle%20Karten%2070ddd0aaafb74f56b205e643b0901290/00083-2294322753.png, Alle%20Karten%2070ddd0aaafb74f56b205e643b0901290/00079-895315652.png, Alle%20Karten%2070ddd0aaafb74f56b205e643b0901290/00076-2101063357.png",,,"September 10, 2023 12:39 AM",,"November 24, 2023 10:21 AM",,
49,Backup,Flut,No,Ereignis (https://www.notion.so/Ereignis-88e179fa1fd740499a32ee3ed4377596?pvs=21),"Zahle $2x$ Untitled (https://www.notion.so/710cb303190e42c187c5b6603253aa7a?pvs=21): zieh (https://www.notion.so/zieh-b15d78fb02034a8f94b549601fe794f5?pvs=21)e $x$ Untitled (https://www.notion.so/6ddef2a437ec4b918cdc8a75c9262128?pvs=21)n.
Wenn Untitled (https://www.notion.so/b1303df2f24d4014b6316e53f3e74243?pvs=21)u in diesem Zug (https://www.notion.so/Zug-1dea8b0b0db6480ea14c8b3f2d6dda20?pvs=21) die Ebbe (https://www.notion.so/Ebbe-58acd68eedf84da7bfbf8b50233a8693?pvs=21) gespiel (https://www.notion.so/spiel-b5c878a58a374f5282838f3bb3b69799?pvs=21)t hast, such (https://www.notion.so/such-97002fcad18b4a7ba59c8706c1742c2f?pvs=21)e die Springflut (https://www.notion.so/Springflut-8bc81b75064342c68c5596d2db5193bf?pvs=21) aus Untitled (https://www.notion.so/b1303df2f24d4014b6316e53f3e74243?pvs=21)einem Deck (https://www.notion.so/Deck-12e336df2ea64e2194cabce2e4d93d61?pvs=21) und spiel (https://www.notion.so/spiel-b5c878a58a374f5282838f3bb3b69799?pvs=21)e sie, ohne ihre Elementarkosten (https://www.notion.so/Elementarkosten-fea3906dd57841dfb44fe508414a2ce9?pvs=21) zu bezahlen.",,,,,,,,,,,,,,Jan Appel,Alle%20Karten%2070ddd0aaafb74f56b205e643b0901290/00100-709031558.png,,,"September 10, 2023 12:39 AM",,"November 24, 2023 10:21 AM",,
50,Backup,Springflut,No,Untitled (https://www.notion.so/3982764085c2477e827623c38aec8f98?pvs=21),"1. Runde (https://www.notion.so/Runde-d203b45604604e129e5015129b597641?pvs=21): entdeck (https://www.notion.so/entdeck-bc14ca1b366b418397d988c1c99579f6?pvs=21)e 3 Charakter (https://www.notion.so/Charakter-cdfda7ca52aa435bbb22610007798d2f?pvs=21) aus Untitled (https://www.notion.so/b1303df2f24d4014b6316e53f3e74243?pvs=21)einem Deck (https://www.notion.so/Deck-12e336df2ea64e2194cabce2e4d93d61?pvs=21) und nimm sie auf (https://www.notion.so/auf-e5bc4ea646fa468aa4d0ee5800a3c5e2?pvs=21) die Hand (https://www.notion.so/Hand-02eed85235d546fc8cd87be30bc8b7c8?pvs=21).
2. Runde (https://www.notion.so/Runde-d203b45604604e129e5015129b597641?pvs=21): spiel (https://www.notion.so/spiel-b5c878a58a374f5282838f3bb3b69799?pvs=21)e bis zu 3 Charakter (https://www.notion.so/Charakter-cdfda7ca52aa435bbb22610007798d2f?pvs=21)e irgendwelcher Elementarkosten (https://www.notion.so/Elementarkosten-fea3906dd57841dfb44fe508414a2ce9?pvs=21) für 1 Untitled (https://www.notion.so/710cb303190e42c187c5b6603253aa7a?pvs=21).
3. Runde (https://www.notion.so/Runde-d203b45604604e129e5015129b597641?pvs=21): zerstör (https://www.notion.so/zerst-r-353ca16d2f8a4864a2987a024552914f?pvs=21)e alle Charakter (https://www.notion.so/Charakter-cdfda7ca52aa435bbb22610007798d2f?pvs=21)e auf dem Schlachtfeld (https://www.notion.so/Schlachtfeld-00d6e8bce1a7450e917e836d0bf3b24e?pvs=21).",,,,0,50,,,,,,,,,Jan Appel,https://cdn.discordapp.com/attachments/1140326119963377664/1151088325092974602/itschotsch_large_massive_waves_against_a_harbor_quay_wall_by_pe_e83fd377-48e0-45c2-a352-23c58d0dccf3.png,,,"September 10, 2023 12:40 AM",,"November 24, 2023 10:21 AM",,
51,Backup,Ding aus der Tiefe,No,Charakter (https://www.notion.so/Charakter-cdfda7ca52aa435bbb22610007798d2f?pvs=21),"Wenn das Ding aus der Tiefe (https://www.notion.so/Ding-aus-der-Tiefe-fefde341406542c6b89d8660745d4660?pvs=21) ersch (https://www.notion.so/ersch-0e02f231f9ed4e67bd55eada1e50b09e?pvs=21)eint, zerstör (https://www.notion.so/zerst-r-353ca16d2f8a4864a2987a024552914f?pvs=21)e eine beliebige Auswahl (https://www.notion.so/Auswahl-0a18c0ac8baa47b59e780d173eaf6e42?pvs=21) Untitled (https://www.notion.so/b1303df2f24d4014b6316e53f3e74243?pvs=21)einer Charakter (https://www.notion.so/Charakter-cdfda7ca52aa435bbb22610007798d2f?pvs=21)e und lege sie unter diese Untitled (https://www.notion.so/6ddef2a437ec4b918cdc8a75c9262128?pvs=21). Immer, wenn das Ding aus der Tiefe (https://www.notion.so/Ding-aus-der-Tiefe-fefde341406542c6b89d8660745d4660?pvs=21) einen Charakter (https://www.notion.so/Charakter-cdfda7ca52aa435bbb22610007798d2f?pvs=21) zerstör (https://www.notion.so/zerst-r-353ca16d2f8a4864a2987a024552914f?pvs=21)t, lege ihn ebenfalls unter diese Untitled (https://www.notion.so/6ddef2a437ec4b918cdc8a75c9262128?pvs=21). Angriffswert (https://www.notion.so/Angriffswert-08a93843021a40dba6e7e34862f163fa?pvs=21) und Verteidigungswert (https://www.notion.so/Verteidigungswert-e67635d2fccf454d85d29b869ee8b6ff?pvs=21) des Ding aus der Tiefe (https://www.notion.so/Ding-aus-der-Tiefe-fefde341406542c6b89d8660745d4660?pvs=21) sind stets die entsprechenden Summen der unter ihm liegenden Untitled (https://www.notion.so/6ddef2a437ec4b918cdc8a75c9262128?pvs=21)n.",,,,0,0,,,,,,,,,Jan Appel,"https://cdn.discordapp.com/attachments/1140326119963377664/1150468909787516938/itschotsch_silhouette_of_unrecognizable_dramatic_massive_tentac_4b32ed08-2816-4a11-9f9c-74463defb49a.png, Alle%20Karten%2070ddd0aaafb74f56b205e643b0901290/00042-4278159929.png",,,"September 10, 2023 12:44 AM",,"November 24, 2023 10:21 AM",,
52,Backup,Perlentaucher,No,Charakter (https://www.notion.so/Charakter-cdfda7ca52aa435bbb22610007798d2f?pvs=21),"verkünde (https://www.notion.so/verk-nde-60617eed7ae244bab7664a1d221879c2?pvs=21) zu Beginn Untitled (https://www.notion.so/b1303df2f24d4014b6316e53f3e74243?pvs=21)eines Zug (https://www.notion.so/Zug-1dea8b0b0db6480ea14c8b3f2d6dda20?pvs=21)es einen Entitäten (https://www.notion.so/09a479f6a9da4570a428e67ff08006f4?pvs=21)typ. Wenn die erste Untitled (https://www.notion.so/6ddef2a437ec4b918cdc8a75c9262128?pvs=21), die Untitled (https://www.notion.so/b1303df2f24d4014b6316e53f3e74243?pvs=21)u diesen Zug (https://www.notion.so/Zug-1dea8b0b0db6480ea14c8b3f2d6dda20?pvs=21) zieh (https://www.notion.so/zieh-b15d78fb02034a8f94b549601fe794f5?pvs=21)st, diesem Entitäten (https://www.notion.so/09a479f6a9da4570a428e67ff08006f4?pvs=21)typ entspricht, darfst Untitled (https://www.notion.so/b1303df2f24d4014b6316e53f3e74243?pvs=21)u sie für 1 Aqua (https://www.notion.so/Aqua-8c3b1bb2cc364f6ba274d390ac8d3800?pvs=21) spiel (https://www.notion.so/spiel-b5c878a58a374f5282838f3bb3b69799?pvs=21)en. Andernfalls nimmst Untitled (https://www.notion.so/b1303df2f24d4014b6316e53f3e74243?pvs=21)u sie auf (https://www.notion.so/auf-e5bc4ea646fa468aa4d0ee5800a3c5e2?pvs=21) Untitled (https://www.notion.so/b1303df2f24d4014b6316e53f3e74243?pvs=21)eine Hand (https://www.notion.so/Hand-02eed85235d546fc8cd87be30bc8b7c8?pvs=21).",,,,15,15,,,,,,,,,Jan Appel,https://cdn.discordapp.com/attachments/1140326119963377664/1150249730341871686/itschotsch_young_man_under_water_finding_beautiful_pearl_in_a_s_80d8b090-1601-4d76-a216-c5d8058cc576.png,,,"September 10, 2023 12:54 AM",,"November 24, 2023 10:21 AM",,
53,Backup,Fresnel’sche Spiegelung,No,Manifestation (https://www.notion.so/Manifestation-01fa783543da4ed2964edb521e465bd0?pvs=21),Untitled (https://www.notion.so/38d8865e0868489d84eed7aab3fdb7d3?pvs=21) können nur die vers (https://www.notion.so/vers-6a91c6bfe98549699eed7a53885c2d9b?pvs=21)ehene Untitled (https://www.notion.so/bafefdffb74944b09dc4f9de10183b2d?pvs=21) als Untitled (https://www.notion.so/fce8858c271f419a8a1cfc93bdd3c75e?pvs=21) für ihren Angr (https://www.notion.so/gr-67b7334ca6da4432b1b2462f108f30e1?pvs=21)iff wählen.,,,,,,,,,,,,,,Jan Appel,https://cdn.discordapp.com/attachments/1140326119963377664/1150461858793406544/itschotsch_bautiful_ocean_wave_foaming_water_very_bright_reflec_248525a8-a2e0-4b44-a5de-cebd6ed5cfa6.png,,,"September 10, 2023 1:06 AM",,"November 24, 2023 10:21 AM",,
54,TCG Arena,Magierin des Ausgleichs,No,Charakter (https://www.notion.so/Charakter-cdfda7ca52aa435bbb22610007798d2f?pvs=21),"Wenn ich eine Karte zerstöre, ziehe eine Karte.","Wenn <self>ich</self> eine <key>Karte</key> <key>zerstöre</key>, <key>ziehe</key> eine <key>Karte</key>.",,Magica (https://www.notion.so/Magica-ba80d98941c8405d875cb3e6fdb6bf34?pvs=21),20/20,20/30,,Magier (https://www.notion.so/Magier-3a53f2f6a1ef426b8a25520ab3d354b1?pvs=21),,,,2,,2,Jan Appel,Alle%20Karten%2070ddd0aaafb74f56b205e643b0901290/54.png,,,"September 10, 2023 1:10 AM",,"July 24, 2025 9:31 PM",,C. Playtest
55,Idee,Meerjungfrau Marna,No,Charakter (https://www.notion.so/Charakter-cdfda7ca52aa435bbb22610007798d2f?pvs=21),"Wenn Meerjungfrau Marna (https://www.notion.so/Meerjungfrau-Marna-bea5a1b4be7940fdb3c40ddc0b966608?pvs=21) angr (https://www.notion.so/gr-67b7334ca6da4432b1b2462f108f30e1?pvs=21)eift, darfst Untitled (https://www.notion.so/b1303df2f24d4014b6316e53f3e74243?pvs=21)u den Wassermann Torlan (https://www.notion.so/Wassermann-Torlan-831de7267ffa4a5ca40736c2068d30ea?pvs=21) such (https://www.notion.so/such-97002fcad18b4a7ba59c8706c1742c2f?pvs=21)en und spiel (https://www.notion.so/spiel-b5c878a58a374f5282838f3bb3b69799?pvs=21)en.",,,Aeris (https://www.notion.so/Aeris-5996f3899d7740fc809fe30a652d20c6?pvs=21),15,20,,,,,,,,,Jan Appel,"Alle%20Karten%2070ddd0aaafb74f56b205e643b0901290/00013-2959953176.png, https://cdn.discordapp.com/attachments/1140326119963377664/1150521570029211698/itschotsch_wide_shot_of_stunning_beautiful_young_mermaid_with_a_cf593150-f43e-4c84-86b9-9e166838422e.png",,,"September 10, 2023 1:27 AM",,"April 25, 2024 8:56 PM",,
56,Idee,Nixe Arvia,No,Manifestation (https://www.notion.so/Manifestation-01fa783543da4ed2964edb521e465bd0?pvs=21),"vers (https://www.notion.so/vers-6a91c6bfe98549699eed7a53885c2d9b?pvs=21)ieh einen beliebigen Charakter (https://www.notion.so/Charakter-cdfda7ca52aa435bbb22610007798d2f?pvs=21) mit der Nixe Arvia (https://www.notion.so/Nixe-Arvia-c96c2162ea524e7da5071d642203889f?pvs=21). Der vers (https://www.notion.so/vers-6a91c6bfe98549699eed7a53885c2d9b?pvs=21)ehene Charakter (https://www.notion.so/Charakter-cdfda7ca52aa435bbb22610007798d2f?pvs=21) hat solange ohnmächtig (https://www.notion.so/ohnm-chtig-052e31a81ae24fb5ac51512957908c0d?pvs=21) und die Nixe Arvia (https://www.notion.so/Nixe-Arvia-c96c2162ea524e7da5071d642203889f?pvs=21) kann angegr (https://www.notion.so/gr-67b7334ca6da4432b1b2462f108f30e1?pvs=21)iffen werden, aber nicht angr (https://www.notion.so/gr-67b7334ca6da4432b1b2462f108f30e1?pvs=21)eifen.",,,Aqua (https://www.notion.so/Aqua-8c3b1bb2cc364f6ba274d390ac8d3800?pvs=21),,,0,,,,,,,,Jan Appel,Alle%20Karten%2070ddd0aaafb74f56b205e643b0901290/00051-4278159930.png,,,"September 10, 2023 1:27 AM",,"April 25, 2024 8:56 PM",,
57,Idee,Nymphe Nerida,No,Charakter (https://www.notion.so/Charakter-cdfda7ca52aa435bbb22610007798d2f?pvs=21),"Wenn die Nymphe Nerida (https://www.notion.so/Nymphe-Nerida-8f0683beacc94954b0a9523b2fa66107?pvs=21) ersch (https://www.notion.so/ersch-0e02f231f9ed4e67bd55eada1e50b09e?pvs=21)eint, darfst Untitled (https://www.notion.so/b1303df2f24d4014b6316e53f3e74243?pvs=21)u eine Untitled (https://www.notion.so/2b9adcd059614612bb0133aece543b8a?pvs=21) spielen.
Wenn die Nymphe Nerida (https://www.notion.so/Nymphe-Nerida-8f0683beacc94954b0a9523b2fa66107?pvs=21) verschwind (https://www.notion.so/verschwind-43bb30ae08cb45c7a465f320d7ca5f91?pvs=21)et, musst Untitled (https://www.notion.so/b1303df2f24d4014b6316e53f3e74243?pvs=21)u eine Deiner Untitled (https://www.notion.so/2b9adcd059614612bb0133aece543b8a?pvs=21)n zerstör (https://www.notion.so/zerst-r-353ca16d2f8a4864a2987a024552914f?pvs=21)en.",,,Aeris (https://www.notion.so/Aeris-5996f3899d7740fc809fe30a652d20c6?pvs=21),20,20,,,,,,,,,Jan Appel,"Alle%20Karten%2070ddd0aaafb74f56b205e643b0901290/00012-2959953175.png, https://cdn.discordapp.com/attachments/1140326119963377664/1150519764880470187/itschotsch_wide_shot_of_stunning_beautiful_young_mermaid_with_a_b817e8cb-3886-4056-bb1b-d5f57f4f0838.png",,,"September 10, 2023 1:39 AM",,"April 25, 2024 8:56 PM",,
58,Idee,Sirene Thalassa,No,Charakter (https://www.notion.so/Charakter-cdfda7ca52aa435bbb22610007798d2f?pvs=21),"vers (https://www.notion.so/vers-6a91c6bfe98549699eed7a53885c2d9b?pvs=21)ieh einen beliebigen Charakter (https://www.notion.so/Charakter-cdfda7ca52aa435bbb22610007798d2f?pvs=21) mit der Sirene Thalassa (https://www.notion.so/Sirene-Thalassa-01693bf0618c4bd29e710b24869cf3df?pvs=21), dessen Angriffswert (https://www.notion.so/Angriffswert-08a93843021a40dba6e7e34862f163fa?pvs=21) und Verteidigungswert (https://www.notion.so/Verteidigungswert-e67635d2fccf454d85d29b869ee8b6ff?pvs=21) zusammen nicht höher als 100 ist. Der versehene Charakter (https://www.notion.so/Charakter-cdfda7ca52aa435bbb22610007798d2f?pvs=21) ist solange unter Untitled (https://www.notion.so/b1303df2f24d4014b6316e53f3e74243?pvs=21)einer kontr (https://www.notion.so/kontr-2b98ac3701c74c8db29660ccd548453e?pvs=21)olle, bis Sirene Thalassa (https://www.notion.so/Sirene-Thalassa-01693bf0618c4bd29e710b24869cf3df?pvs=21) die gegnerische Linien verlässt, kann seine Position nicht ändern und in diesem Zug (https://www.notion.so/Zug-1dea8b0b0db6480ea14c8b3f2d6dda20?pvs=21) nicht angr (https://www.notion.so/gr-67b7334ca6da4432b1b2462f108f30e1?pvs=21)eifen.",,,Ignis (https://www.notion.so/Ignis-ca68b053cd74404a8fa85893e505b753?pvs=21),25,10,,,,,,,,,Jan Appel,Alle%20Karten%2070ddd0aaafb74f56b205e643b0901290/00054-4278159929.png,,,"September 10, 2023 1:40 AM",,"April 25, 2024 8:56 PM",,
59,Idee,Seemannsgarn,No,Manifestation (https://www.notion.so/Manifestation-01fa783543da4ed2964edb521e465bd0?pvs=21),"Entscheide Untitled (https://www.notion.so/b1303df2f24d4014b6316e53f3e74243?pvs=21)ich zu Beginn Untitled (https://www.notion.so/b1303df2f24d4014b6316e53f3e74243?pvs=21)eines Zug (https://www.notion.so/Zug-1dea8b0b0db6480ea14c8b3f2d6dda20?pvs=21)es, ob Untitled (https://www.notion.so/b1303df2f24d4014b6316e53f3e74243?pvs=21)eine Charakter (https://www.notion.so/Charakter-cdfda7ca52aa435bbb22610007798d2f?pvs=21)e bis zu Untitled (https://www.notion.so/b1303df2f24d4014b6316e53f3e74243?pvs=21)einem nächsten Zug (https://www.notion.so/Zug-1dea8b0b0db6480ea14c8b3f2d6dda20?pvs=21)$+10x$ Angriffswert (https://www.notion.so/Angriffswert-08a93843021a40dba6e7e34862f163fa?pvs=21) oder $+10x$ Verteidigungswert (https://www.notion.so/Verteidigungswert-e67635d2fccf454d85d29b869ee8b6ff?pvs=21) haben, wobei $x$ die Anzahl (https://www.notion.so/Anzahl-09cf5acb69fa4d5ea84c749a17cf2bb0?pvs=21) Untitled (https://www.notion.so/6ddef2a437ec4b918cdc8a75c9262128?pvs=21)n ist, die Untitled (https://www.notion.so/b1303df2f24d4014b6316e53f3e74243?pvs=21)u seit der Entscheidung zieh (https://www.notion.so/zieh-b15d78fb02034a8f94b549601fe794f5?pvs=21)st.",,,Terra (https://www.notion.so/Terra-a6762ab5136d4598aafb8d77da6be70f?pvs=21),,,1,,,,,,,,Jan Appel,https://cdn.discordapp.com/attachments/1140326119963377664/1150241933457895434/itschotsch_old_sailor_captain_telling_a_story_in_a_dark_harbor__40fad0c2-4da9-4c46-b393-42a2ed5fd4d2.png,,,"September 10, 2023 1:49 AM",,"November 1, 2024 8:35 AM",,
60,Idee,Die Albatross,No,Charakter (https://www.notion.so/Charakter-cdfda7ca52aa435bbb22610007798d2f?pvs=21),,,,Ignis (https://www.notion.so/Ignis-ca68b053cd74404a8fa85893e505b753?pvs=21),65,50,,,,,,,,,Jan Appel,https://cdn.discordapp.com/attachments/1140326119963377664/1151132921210609799/itschotsch_beautiful_epic_large_sailing_ship_between_small_trop_bd7b89c2-8652-4a12-bff4-3f72dbd24c9f.png,,,"September 10, 2023 1:50 AM",,"April 25, 2024 8:56 PM",,
61,Idee,Schrecken der Lüfte,No,Ereignis (https://www.notion.so/Ereignis-88e179fa1fd740499a32ee3ed4377596?pvs=21),zerstör (https://www.notion.so/zerst-r-353ca16d2f8a4864a2987a024552914f?pvs=21)e alle Untitled (https://www.notion.so/b1303df2f24d4014b6316e53f3e74243?pvs=21)eine Charakter (https://www.notion.so/Charakter-cdfda7ca52aa435bbb22610007798d2f?pvs=21)e. spiel (https://www.notion.so/spiel-b5c878a58a374f5282838f3bb3b69799?pvs=21)e für jeden zerstör (https://www.notion.so/zerst-r-353ca16d2f8a4864a2987a024552914f?pvs=21)ten Charakter (https://www.notion.so/Charakter-cdfda7ca52aa435bbb22610007798d2f?pvs=21) einen Charakter (https://www.notion.so/Charakter-cdfda7ca52aa435bbb22610007798d2f?pvs=21) von Untitled (https://www.notion.so/b1303df2f24d4014b6316e53f3e74243?pvs=21)einer Hand (https://www.notion.so/Hand-02eed85235d546fc8cd87be30bc8b7c8?pvs=21).,,,Aeris (https://www.notion.so/Aeris-5996f3899d7740fc809fe30a652d20c6?pvs=21),,,,,,,,,,,Jan Appel,"Alle%20Karten%2070ddd0aaafb74f56b205e643b0901290/00042-4278159929.png, https://cdn.discordapp.com/attachments/1140326119963377664/1150468909787516938/itschotsch_silhouette_of_unrecognizable_dramatic_massive_tentac_4b32ed08-2816-4a11-9f9c-74463defb49a.png",,,"September 10, 2023 1:54 AM",,"April 25, 2024 8:56 PM",,
62,Backup,Brauner Stummfisch,No,Charakter (https://www.notion.so/Charakter-cdfda7ca52aa435bbb22610007798d2f?pvs=21),sofort (https://www.notion.so/sofort-9c56f076fccf4157b07459dd557d86d7?pvs=21) spiel (https://www.notion.so/spiel-b5c878a58a374f5282838f3bb3b69799?pvs=21)bar.,,,Aqua (https://www.notion.so/Aqua-8c3b1bb2cc364f6ba274d390ac8d3800?pvs=21),10,0,,,,,,,,,Jan Appel,https://cdn.discordapp.com/attachments/1140326119963377664/1150250922245636188/itschotsch_fish_swimming_underwater_gray_brown_codfish_by_peter_3396e464-daf3-4956-b786-9ac39e584520.png,,,"September 10, 2023 1:58 AM",,"March 10, 2024 9:51 PM",,
63,Idee,Regenbogenquappschlappe,No,Charakter (https://www.notion.so/Charakter-cdfda7ca52aa435bbb22610007798d2f?pvs=21),Die Regenbogenquappschlappe (https://www.notion.so/Regenbogenquappschlappe-c695e5302d69411b83972e5f18cf3fc3?pvs=21) kann in der Verteidigungsposition (https://www.notion.so/Verteidigungsposition-40ccf690416b4f68aef823771c6b0615?pvs=21) nicht als Untitled (https://www.notion.so/fce8858c271f419a8a1cfc93bdd3c75e?pvs=21) gewählt werden.,,,Magica (https://www.notion.so/Magica-ba80d98941c8405d875cb3e6fdb6bf34?pvs=21),15,15,,,,,,,,,Jan Appel,https://cdn.discordapp.com/attachments/1140326119963377664/1150252890414399519/itschotsch_fish_swimming_underwater_colorful_mother-of-pearl_sc_ff43e1df-d913-4043-aa44-68079b41aebb.png,,,"September 10, 2023 1:58 AM",,"April 25, 2024 8:56 PM",,
65,Backup,Geld ist Macht,No,Manifestation (https://www.notion.so/Manifestation-01fa783543da4ed2964edb521e465bd0?pvs=21),"vers (https://www.notion.so/vers-6a91c6bfe98549699eed7a53885c2d9b?pvs=21)ieh eine Untitled (https://www.notion.so/bafefdffb74944b09dc4f9de10183b2d?pvs=21) mit Geld ist Macht (https://www.notion.so/Geld-ist-Macht-43a806f801ee4f8898cfaec5781b4295?pvs=21). Lege bis zu 25 Untitled (https://www.notion.so/8a43ae64dd89409b80adca5a926d497b?pvs=21)n auf diese Untitled (https://www.notion.so/bafefdffb74944b09dc4f9de10183b2d?pvs=21). Angriffswert (https://www.notion.so/Angriffswert-08a93843021a40dba6e7e34862f163fa?pvs=21) und Verteidigungswert (https://www.notion.so/Verteidigungswert-e67635d2fccf454d85d29b869ee8b6ff?pvs=21) der vers (https://www.notion.so/vers-6a91c6bfe98549699eed7a53885c2d9b?pvs=21)ehenen Untitled (https://www.notion.so/bafefdffb74944b09dc4f9de10183b2d?pvs=21) sind um diese Anzahl (https://www.notion.so/Anzahl-09cf5acb69fa4d5ea84c749a17cf2bb0?pvs=21) erhöht. Wird die vers (https://www.notion.so/vers-6a91c6bfe98549699eed7a53885c2d9b?pvs=21)ehene Untitled (https://www.notion.so/bafefdffb74944b09dc4f9de10183b2d?pvs=21) zerstör (https://www.notion.so/zerst-r-353ca16d2f8a4864a2987a024552914f?pvs=21)t, erhält der zerstör (https://www.notion.so/zerst-r-353ca16d2f8a4864a2987a024552914f?pvs=21)ende Untitled (https://www.notion.so/8f9b118372384c41817b4234398dfa75?pvs=21) die Untitled (https://www.notion.so/8a43ae64dd89409b80adca5a926d497b?pvs=21)n und diese Karte auf die Hand.",,,,,,,,,,,,,,Jan Appel,,,,"September 10, 2023 2:25 AM",,"May 2, 2024 11:02 AM",,
66,TCG Arena,Grauer Stummfisch,No,Charakter (https://www.notion.so/Charakter-cdfda7ca52aa435bbb22610007798d2f?pvs=21),Sofort spielbar,<ability>Sofort spielbar</ability> <desc>Du darfst <self>mich</self> jederzeit spielen.</desc>,,Aqua (https://www.notion.so/Aqua-8c3b1bb2cc364f6ba274d390ac8d3800?pvs=21),5/5,0/10,,Bestie (https://www.notion.so/Bestie-95ad0a0b63a24c66940280fe886abd05?pvs=21),,1,,,,1,Jan Appel,https://cdn.discordapp.com/attachments/1140326119963377664/1150250887277727795/itschotsch_fish_swimming_underwater_gray_brown_codfish_by_peter_a9bf7d66-03d9-49ac-8a09-29b2db8c5f43.png,,,"September 10, 2023 2:44 AM",,"July 24, 2025 8:46 PM",,C. Playtest
67,Backup,Speerfischer Peter,No,Charakter (https://www.notion.so/Charakter-cdfda7ca52aa435bbb22610007798d2f?pvs=21),"Wenn Speerfischer Peter (https://www.notion.so/Speerfischer-Peter-617fff15b87d4e40b5e589760c76d825?pvs=21) erscheint, verkünde (https://www.notion.so/verk-nde-60617eed7ae244bab7664a1d221879c2?pvs=21) eine Karten-Art. zieh (https://www.notion.so/zieh-b15d78fb02034a8f94b549601fe794f5?pvs=21)e Untitled (https://www.notion.so/6ddef2a437ec4b918cdc8a75c9262128?pvs=21)n von Untitled (https://www.notion.so/b1303df2f24d4014b6316e53f3e74243?pvs=21)einem Deck (https://www.notion.so/Deck-12e336df2ea64e2194cabce2e4d93d61?pvs=21), bis Untitled (https://www.notion.so/b1303df2f24d4014b6316e53f3e74243?pvs=21)u den verkünde (https://www.notion.so/verk-nde-60617eed7ae244bab7664a1d221879c2?pvs=21)ten Entitäten (https://www.notion.so/09a479f6a9da4570a428e67ff08006f4?pvs=21)typ zieh (https://www.notion.so/zieh-b15d78fb02034a8f94b549601fe794f5?pvs=21)st oder Untitled (https://www.notion.so/b1303df2f24d4014b6316e53f3e74243?pvs=21)ein Deck (https://www.notion.so/Deck-12e336df2ea64e2194cabce2e4d93d61?pvs=21) leer ist. Wirf schlussendlich gleich viele Untitled (https://www.notion.so/6ddef2a437ec4b918cdc8a75c9262128?pvs=21)n ab (https://www.notion.so/ab-3f245ce4bda845e09078a709034e2907?pvs=21).",,,Aeris (https://www.notion.so/Aeris-5996f3899d7740fc809fe30a652d20c6?pvs=21),15,10,,,,,,,,,Jan Appel,"Alle%20Karten%2070ddd0aaafb74f56b205e643b0901290/00014-1520330541.png, https://cdn.discordapp.com/attachments/1140326119963377664/1150464612148457562/itschotsch_old_fisherman_wearing_a_hat_holding_an_old_shoe_stan_35ea3094-0da6-45dd-a4d3-9d6d56ae3c6b.png",,,"September 10, 2023 2:58 AM",,"November 23, 2023 10:06 PM",,
68,Backup,Sonntagsmarkt,No,Ereignis (https://www.notion.so/Ereignis-88e179fa1fd740499a32ee3ed4377596?pvs=21),"verkünde (https://www.notion.so/verk-nde-60617eed7ae244bab7664a1d221879c2?pvs=21) einen Entitäten (https://www.notion.so/09a479f6a9da4570a428e67ff08006f4?pvs=21)typ. zieh (https://www.notion.so/zieh-b15d78fb02034a8f94b549601fe794f5?pvs=21)e Untitled (https://www.notion.so/6ddef2a437ec4b918cdc8a75c9262128?pvs=21)n von Untitled (https://www.notion.so/b1303df2f24d4014b6316e53f3e74243?pvs=21)einem Deck (https://www.notion.so/Deck-12e336df2ea64e2194cabce2e4d93d61?pvs=21), bis Untitled (https://www.notion.so/b1303df2f24d4014b6316e53f3e74243?pvs=21)u den verkünde (https://www.notion.so/verk-nde-60617eed7ae244bab7664a1d221879c2?pvs=21)ten Entitäten (https://www.notion.so/09a479f6a9da4570a428e67ff08006f4?pvs=21)typ zieh (https://www.notion.so/zieh-b15d78fb02034a8f94b549601fe794f5?pvs=21)st. Nimm diese Untitled (https://www.notion.so/6ddef2a437ec4b918cdc8a75c9262128?pvs=21) auf (https://www.notion.so/auf-e5bc4ea646fa468aa4d0ee5800a3c5e2?pvs=21) die Hand (https://www.notion.so/Hand-02eed85235d546fc8cd87be30bc8b7c8?pvs=21). Alle anderen so gezogenen Untitled (https://www.notion.so/6ddef2a437ec4b918cdc8a75c9262128?pvs=21)n werden zwischen allen Untitled (https://www.notion.so/38d8865e0868489d84eed7aab3fdb7d3?pvs=21)n für Untitled (https://www.notion.so/8a43ae64dd89409b80adca5a926d497b?pvs=21)n versteigert, die Untitled (https://www.notion.so/b1303df2f24d4014b6316e53f3e74243?pvs=21)u erhältst.",,,,,,,,,,,,,,Jan Appel,,,,"September 10, 2023 3:05 AM",,"November 23, 2023 9:37 PM",,
69,Backup,Geisterschiff,No,Charakter (https://www.notion.so/Charakter-cdfda7ca52aa435bbb22610007798d2f?pvs=21),,,,,,,,,,,,,,,Jan Appel,,,,"September 10, 2023 3:13 AM",,"November 23, 2023 9:37 PM",,
72,Backup,Wassermann Torlan,No,Charakter (https://www.notion.so/Charakter-cdfda7ca52aa435bbb22610007798d2f?pvs=21),"Wenn Wassermann Torlan (https://www.notion.so/Wassermann-Torlan-831de7267ffa4a5ca40736c2068d30ea?pvs=21) verteidig (https://www.notion.so/verteidig-839e6f9d7cbd46cebaa3c27a3d39a179?pvs=21)t, darfst Untitled (https://www.notion.so/b1303df2f24d4014b6316e53f3e74243?pvs=21)u die Meerjungfrau Marna (https://www.notion.so/Meerjungfrau-Marna-bea5a1b4be7940fdb3c40ddc0b966608?pvs=21) such (https://www.notion.so/such-97002fcad18b4a7ba59c8706c1742c2f?pvs=21)en und spiel (https://www.notion.so/spiel-b5c878a58a374f5282838f3bb3b69799?pvs=21)en.",,,Aqua (https://www.notion.so/Aqua-8c3b1bb2cc364f6ba274d390ac8d3800?pvs=21),20,15,,,,,,,,,Jan Appel,,,,"September 10, 2023 7:24 PM",,"March 27, 2024 9:13 AM",,
73,Idee,Keimling,No,Charakter (https://www.notion.so/Charakter-cdfda7ca52aa435bbb22610007798d2f?pvs=21),,,,Terra (https://www.notion.so/Terra-a6762ab5136d4598aafb8d77da6be70f?pvs=21),40,10,,Elementarwesen (https://www.notion.so/Elementarwesen-416ecc433e6d4261a4640d1384950176?pvs=21),,,,,,,Jan Appel,,,,"September 12, 2023 10:46 AM",,"April 25, 2024 8:56 PM",,
74,Backup,Kreuzsee,No,Ereignis (https://www.notion.so/Ereignis-88e179fa1fd740499a32ee3ed4377596?pvs=21),"sofort (https://www.notion.so/sofort-9c56f076fccf4157b07459dd557d86d7?pvs=21) spielbar.
neutralisier (https://www.notion.so/neutralisier-c0c9232450044d979cc6456ac433b4cd?pvs=21)e ein Ereignis (https://www.notion.so/Ereignis-88e179fa1fd740499a32ee3ed4377596?pvs=21) mit Elementarkosten (https://www.notion.so/Elementarkosten-fea3906dd57841dfb44fe508414a2ce9?pvs=21) 4 oder weniger.",,,,,,,,,,,,,,Jan Appel,,,,"September 12, 2023 5:59 PM",,"November 23, 2023 9:40 PM",,
75,Backup,Küstenböe,No,Ereignis (https://www.notion.so/Ereignis-88e179fa1fd740499a32ee3ed4377596?pvs=21),"sofort (https://www.notion.so/sofort-9c56f076fccf4157b07459dd557d86d7?pvs=21) spielbar.
neutralisier (https://www.notion.so/neutralisier-c0c9232450044d979cc6456ac433b4cd?pvs=21)e eine Untitled (https://www.notion.so/bafefdffb74944b09dc4f9de10183b2d?pvs=21), die kein Charakter (https://www.notion.so/Charakter-cdfda7ca52aa435bbb22610007798d2f?pvs=21) ist, mit Elementarkosten (https://www.notion.so/Elementarkosten-fea3906dd57841dfb44fe508414a2ce9?pvs=21) $2x$ oder weniger.",,,,,,,,,,,,,,Jan Appel,,,,"September 12, 2023 6:07 PM",,"November 23, 2023 9:40 PM",,
76,Backup,Klabautermann,No,,,,,,,,,,,,,,,,Jan Appel,,,,"September 12, 2023 6:51 PM",,"November 23, 2023 9:40 PM",,
77,Backup,Neunauge,No,,,,,,,,,,,,,,,,Jan Appel,,,,"September 12, 2023 6:51 PM",,"November 23, 2023 9:40 PM",,
80,Backup,Angebot & Nachfrage,No,Manifestation (https://www.notion.so/Manifestation-01fa783543da4ed2964edb521e465bd0?pvs=21),"Der Untitled (https://www.notion.so/8f9b118372384c41817b4234398dfa75?pvs=21) am Zug (https://www.notion.so/Zug-1dea8b0b0db6480ea14c8b3f2d6dda20?pvs=21) darf mit den anderen Untitled (https://www.notion.so/8f9b118372384c41817b4234398dfa75?pvs=21)n handeln: Untitled (https://www.notion.so/6ddef2a437ec4b918cdc8a75c9262128?pvs=21)n, Elementare und Untitled (https://www.notion.so/8a43ae64dd89409b80adca5a926d497b?pvs=21)n dürfen beliebig gehandelt und geschenkt werden.",,,,0,0,,,,,,,,,Jan Appel,,,,"September 13, 2023 12:28 PM",,"May 2, 2024 11:01 AM",,
81,Backup,Feuerteufel,No,Charakter (https://www.notion.so/Charakter-cdfda7ca52aa435bbb22610007798d2f?pvs=21),"Um diese Untitled (https://www.notion.so/6ddef2a437ec4b918cdc8a75c9262128?pvs=21) zu spielen, entferne als zusätzlich (https://www.notion.so/zus-tzlich-a23f9b82df1d444c8d5586d469aee01f?pvs=21)e Kosten einen Untitled (https://www.notion.so/b1303df2f24d4014b6316e53f3e74243?pvs=21)einer Untitled (https://www.notion.so/4df17cf9d68c430e89f3337925f15637?pvs=21)e aus dem Spiel. Wenn Feuerteufel (https://www.notion.so/Feuerteufel-91745a7a2e964ff797a7e53942c2c5a8?pvs=21) eine gegnerisch (https://www.notion.so/gegnerisch-459fafb1da0340bcb0744267999f295f?pvs=21)e Untitled (https://www.notion.so/bafefdffb74944b09dc4f9de10183b2d?pvs=21) zerstört, erhältst du den Untitled (https://www.notion.so/4df17cf9d68c430e89f3337925f15637?pvs=21) zurück.",,Ein Leben für ein Leben,,40,30,,,,,,,,,Tim,,,,"September 14, 2023 9:18 PM",,"November 23, 2023 9:40 PM",,
82,Backup,Sengende Reinigung,No,Ereignis (https://www.notion.so/Ereignis-88e179fa1fd740499a32ee3ed4377596?pvs=21),"Als zusätzlich (https://www.notion.so/zus-tzlich-a23f9b82df1d444c8d5586d469aee01f?pvs=21)e Kosten, wirf 3 Untitled (https://www.notion.so/6ddef2a437ec4b918cdc8a75c9262128?pvs=21)n ab (https://www.notion.so/ab-3f245ce4bda845e09078a709034e2907?pvs=21). zerstör (https://www.notion.so/zerst-r-353ca16d2f8a4864a2987a024552914f?pvs=21)e alle Charakter (https://www.notion.so/Charakter-cdfda7ca52aa435bbb22610007798d2f?pvs=21). Wenn dabei mindestens 3 Charakter (https://www.notion.so/Charakter-cdfda7ca52aa435bbb22610007798d2f?pvs=21) zerstör (https://www.notion.so/zerst-r-353ca16d2f8a4864a2987a024552914f?pvs=21)t wurden, ziehe 2 Untitled (https://www.notion.so/6ddef2a437ec4b918cdc8a75c9262128?pvs=21)n.",,,,,,,,,,,,,,Tim,,,,"September 14, 2023 9:33 PM",,"November 23, 2023 9:40 PM",,
83,Backup,Versengte Erde,No,Manifestation (https://www.notion.so/Manifestation-01fa783543da4ed2964edb521e465bd0?pvs=21),"Wirf zu beginn Untitled (https://www.notion.so/b1303df2f24d4014b6316e53f3e74243?pvs=21)eines Zug (https://www.notion.so/Zug-1dea8b0b0db6480ea14c8b3f2d6dda20?pvs=21)s eine Untitled (https://www.notion.so/6ddef2a437ec4b918cdc8a75c9262128?pvs=21) ab (https://www.notion.so/ab-3f245ce4bda845e09078a709034e2907?pvs=21). Wenn Untitled (https://www.notion.so/b1303df2f24d4014b6316e53f3e74243?pvs=21)u dabei mindestens eine Untitled (https://www.notion.so/6ddef2a437ec4b918cdc8a75c9262128?pvs=21) ab (https://www.notion.so/ab-3f245ce4bda845e09078a709034e2907?pvs=21)geworfen hast, dürfen bis zu Untitled (https://www.notion.so/b1303df2f24d4014b6316e53f3e74243?pvs=21)einem nächsten Zug (https://www.notion.so/Zug-1dea8b0b0db6480ea14c8b3f2d6dda20?pvs=21) keine Untitled (https://www.notion.so/bafefdffb74944b09dc4f9de10183b2d?pvs=21)n mehr gespiel (https://www.notion.so/spiel-b5c878a58a374f5282838f3bb3b69799?pvs=21)t werden. Untitled (https://www.notion.so/b1303df2f24d4014b6316e53f3e74243?pvs=21)u darfst Versengte Erde (https://www.notion.so/Versengte-Erde-a2aac141ce69463381cb34a697508649?pvs=21) zerstör (https://www.notion.so/zerst-r-353ca16d2f8a4864a2987a024552914f?pvs=21)en.",,,,,30,,,,,,,,,Tim,,,,"September 14, 2023 9:38 PM",,"November 23, 2023 9:40 PM",,
84,Backup,Verrückter Narr,No,Charakter (https://www.notion.so/Charakter-cdfda7ca52aa435bbb22610007798d2f?pvs=21),"Als zusätzlich (https://www.notion.so/zus-tzlich-a23f9b82df1d444c8d5586d469aee01f?pvs=21)e Kosten, wirf eine Karte ab (https://www.notion.so/ab-3f245ce4bda845e09078a709034e2907?pvs=21). Wenn Verrückter Narr (https://www.notion.so/Verr-ckter-Narr-02913adc5fa14825a0b85eb99b7cc5f2?pvs=21) angreift und überlebt, zieh (https://www.notion.so/zieh-b15d78fb02034a8f94b549601fe794f5?pvs=21)e eine Untitled (https://www.notion.so/6ddef2a437ec4b918cdc8a75c9262128?pvs=21). Verrückter Narr (https://www.notion.so/Verr-ckter-Narr-02913adc5fa14825a0b85eb99b7cc5f2?pvs=21) muss jeden Zug (https://www.notion.so/Zug-1dea8b0b0db6480ea14c8b3f2d6dda20?pvs=21) angreifen.",,,,30,20,,,,,,,,,Tim,,,,"September 14, 2023 9:44 PM",,"November 23, 2023 9:40 PM",,
85,Backup,Funkensprung,No,Ereignis (https://www.notion.so/Ereignis-88e179fa1fd740499a32ee3ed4377596?pvs=21),"zerstör (https://www.notion.so/zerst-r-353ca16d2f8a4864a2987a024552914f?pvs=21)e Untitled (https://www.notion.so/6ddef2a437ec4b918cdc8a75c9262128?pvs=21)n mit insgesamt bis zu 20*x Verteidigungswert (https://www.notion.so/Verteidigungswert-e67635d2fccf454d85d29b869ee8b6ff?pvs=21), wobei x die Anzahl aller in diesem Zug (https://www.notion.so/Zug-1dea8b0b0db6480ea14c8b3f2d6dda20?pvs=21) abgeworfenen Untitled (https://www.notion.so/6ddef2a437ec4b918cdc8a75c9262128?pvs=21)n ist. ",,,,,,,,,,,,,,Tim,,,,"September 14, 2023 9:51 PM",,"November 23, 2023 9:40 PM",,
86,Backup,"Wie du mir, so ich dir",No,Ereignis (https://www.notion.so/Ereignis-88e179fa1fd740499a32ee3ed4377596?pvs=21),"sofort (https://www.notion.so/sofort-9c56f076fccf4157b07459dd557d86d7?pvs=21) spielbar. Wiederhole den Effekt der soeben vom Untitled (https://www.notion.so/38d8865e0868489d84eed7aab3fdb7d3?pvs=21) gespielten Untitled (https://www.notion.so/6ddef2a437ec4b918cdc8a75c9262128?pvs=21), wobei Untitled (https://www.notion.so/b1303df2f24d4014b6316e53f3e74243?pvs=21)u das neue Ziel definierst.",,,,,,,,,,,,,,Tim,,,,"September 14, 2023 9:56 PM",,"November 23, 2023 9:40 PM",,
88,Backup,Flammengeist,No,Charakter (https://www.notion.so/Charakter-cdfda7ca52aa435bbb22610007798d2f?pvs=21),"zieh (https://www.notion.so/zieh-b15d78fb02034a8f94b549601fe794f5?pvs=21)e für jede ab (https://www.notion.so/ab-3f245ce4bda845e09078a709034e2907?pvs=21)geworfene Untitled (https://www.notion.so/6ddef2a437ec4b918cdc8a75c9262128?pvs=21) eine neue. ",,,,25,15,,,,,,,,,Tim,,,,"September 14, 2023 10:00 PM",,"November 23, 2023 9:40 PM",,
89,Backup,Trümmerfeld,No,Manifestation (https://www.notion.so/Manifestation-01fa783543da4ed2964edb521e465bd0?pvs=21),"Statt eine Untitled (https://www.notion.so/6ddef2a437ec4b918cdc8a75c9262128?pvs=21) auf den Friedhof (https://www.notion.so/Friedhof-e253bfb78fc24f27b12562f1a8bd6a5f?pvs=21) zu legen, lege sie als unterstes unter Trümmerfeld (https://www.notion.so/Tr-mmerfeld-ba3f0690c7474aed932be7426ee6177a?pvs=21). Immer wenn du eine Untitled (https://www.notion.so/6ddef2a437ec4b918cdc8a75c9262128?pvs=21) ziehst, darfst du aussuchen, ob du von deinem Deck (https://www.notion.so/Deck-12e336df2ea64e2194cabce2e4d93d61?pvs=21), oder vom Trümmerfeld (https://www.notion.so/Tr-mmerfeld-ba3f0690c7474aed932be7426ee6177a?pvs=21) ziehst. Wenn Trümmerfeld (https://www.notion.so/Tr-mmerfeld-ba3f0690c7474aed932be7426ee6177a?pvs=21) zerstört wird, lege alle darunterliegenden Untitled (https://www.notion.so/6ddef2a437ec4b918cdc8a75c9262128?pvs=21)n auf den Friedhof (https://www.notion.so/Friedhof-e253bfb78fc24f27b12562f1a8bd6a5f?pvs=21).",,,,,40,,,,,,,,,Tim,,,,"September 14, 2023 10:03 PM",,"November 23, 2023 9:40 PM",,
90,Backup,Feuersalamander,No,Charakter (https://www.notion.so/Charakter-cdfda7ca52aa435bbb22610007798d2f?pvs=21),"sofort (https://www.notion.so/sofort-9c56f076fccf4157b07459dd557d86d7?pvs=21) spielbar. Wenn Feuersalamander (https://www.notion.so/Feuersalamander-2f7b188a88b0419e9d29d0f4a79b74a4?pvs=21) von einem Charakter (https://www.notion.so/Charakter-cdfda7ca52aa435bbb22610007798d2f?pvs=21)  ﻿zerstör (https://www.notion.so/zerst-r-353ca16d2f8a4864a2987a024552914f?pvs=21)t wird, wird der zerstörende @ gebrandmarkt (https://www.notion.so/gebrandmarkt-544e31bf95b349abaf97ade09ca624bc?pvs=21).",,,,10,10,,,,,,,,,Tim,,,,"September 14, 2023 10:15 PM",,"November 23, 2023 9:40 PM",,
91,Backup,Brandmarkender Eid,No,Ereignis (https://www.notion.so/Ereignis-88e179fa1fd740499a32ee3ed4377596?pvs=21),"Alle Untitled (https://www.notion.so/b1303df2f24d4014b6316e53f3e74243?pvs=21)eine Charakter (https://www.notion.so/Charakter-cdfda7ca52aa435bbb22610007798d2f?pvs=21) werden gebrandmarkt (https://www.notion.so/gebrandmarkt-544e31bf95b349abaf97ade09ca624bc?pvs=21) (Wenn sie zerstör (https://www.notion.so/zerst-r-353ca16d2f8a4864a2987a024552914f?pvs=21)t werden, zieh (https://www.notion.so/zieh-b15d78fb02034a8f94b549601fe794f5?pvs=21)t der Zerstörende eine Untitled (https://www.notion.so/6ddef2a437ec4b918cdc8a75c9262128?pvs=21)). zieh (https://www.notion.so/zieh-b15d78fb02034a8f94b549601fe794f5?pvs=21) eine Untitled (https://www.notion.so/6ddef2a437ec4b918cdc8a75c9262128?pvs=21) für jeden gebrandmarkt (https://www.notion.so/gebrandmarkt-544e31bf95b349abaf97ade09ca624bc?pvs=21)en Charakter (https://www.notion.so/Charakter-cdfda7ca52aa435bbb22610007798d2f?pvs=21). ",,,,,,,,,,,,,,Tim,,,,"September 14, 2023 10:25 PM",,"November 23, 2023 9:40 PM",,
92,Backup,Gebrandmarkter Krieger,No,Charakter (https://www.notion.so/Charakter-cdfda7ca52aa435bbb22610007798d2f?pvs=21),"Ist gebrandmarkt (https://www.notion.so/gebrandmarkt-544e31bf95b349abaf97ade09ca624bc?pvs=21). ",,,,45,40,,,,,,,,,Tim,,,,"September 14, 2023 10:31 PM",,"November 23, 2023 9:40 PM",,
93,Backup,Gebrandmarkter Truppenführer,No,Charakter (https://www.notion.so/Charakter-cdfda7ca52aa435bbb22610007798d2f?pvs=21),"Ist gebrandmarkt (https://www.notion.so/gebrandmarkt-544e31bf95b349abaf97ade09ca624bc?pvs=21). Als zusätzlich (https://www.notion.so/zus-tzlich-a23f9b82df1d444c8d5586d469aee01f?pvs=21)e Kosten, wird eine anderer verbündet (https://www.notion.so/verb-ndet-76b6117405774f5ba575df0e30e1fca6?pvs=21)er Charakter (https://www.notion.so/Charakter-cdfda7ca52aa435bbb22610007798d2f?pvs=21) gebrandmarkt (https://www.notion.so/gebrandmarkt-544e31bf95b349abaf97ade09ca624bc?pvs=21).",,,,45,45,,,,,,,,,Tim,,,,"September 14, 2023 10:31 PM",,"November 23, 2023 9:40 PM",,
94,Backup,Den Flammen entkommen,No,Ereignis (https://www.notion.so/Ereignis-88e179fa1fd740499a32ee3ed4377596?pvs=21),"Untitled (https://www.notion.so/b1303df2f24d4014b6316e53f3e74243?pvs=21)u musst für die nächste Untitled (https://www.notion.so/6ddef2a437ec4b918cdc8a75c9262128?pvs=21), die Untitled (https://www.notion.so/b1303df2f24d4014b6316e53f3e74243?pvs=21)u in diesem Zug (https://www.notion.so/Zug-1dea8b0b0db6480ea14c8b3f2d6dda20?pvs=21) spiel (https://www.notion.so/spiel-b5c878a58a374f5282838f3bb3b69799?pvs=21)st, die zusätzlich (https://www.notion.so/zus-tzlich-a23f9b82df1d444c8d5586d469aee01f?pvs=21)en Kosten nicht bezahlen.",,,,,,,,,,,,,,Tim,,,,"September 14, 2023 10:36 PM",,"November 23, 2023 9:40 PM",,
95,Backup,Finger verbrannt,No,Manifestation (https://www.notion.so/Manifestation-01fa783543da4ed2964edb521e465bd0?pvs=21),Untitled (https://www.notion.so/b1303df2f24d4014b6316e53f3e74243?pvs=21)u musst nicht mehr als 3 Untitled (https://www.notion.so/6ddef2a437ec4b918cdc8a75c9262128?pvs=21)n in einer Runde (https://www.notion.so/Runde-d203b45604604e129e5015129b597641?pvs=21) abwerfen.,,,,,40,,,,,,,,,Tim,,,,"September 14, 2023 10:40 PM",,"November 23, 2023 9:40 PM",,
97,Backup,Flammenbiest,No,Charakter (https://www.notion.so/Charakter-cdfda7ca52aa435bbb22610007798d2f?pvs=21),"Als zusätzlich (https://www.notion.so/zus-tzlich-a23f9b82df1d444c8d5586d469aee01f?pvs=21)e Kosten, zerstör (https://www.notion.so/zerst-r-353ca16d2f8a4864a2987a024552914f?pvs=21)e eine verbündet (https://www.notion.so/verb-ndet-76b6117405774f5ba575df0e30e1fca6?pvs=21)e Untitled (https://www.notion.so/bafefdffb74944b09dc4f9de10183b2d?pvs=21).",,,,70,60,,,,,,,,,Tim,,,,"September 14, 2023 10:43 PM",,"November 23, 2023 9:39 PM",,
98,Backup,Alternativer Schmerz,No,Manifestation (https://www.notion.so/Manifestation-01fa783543da4ed2964edb521e465bd0?pvs=21),"Statt für eine Untitled (https://www.notion.so/6ddef2a437ec4b918cdc8a75c9262128?pvs=21) zusätzlich (https://www.notion.so/zus-tzlich-a23f9b82df1d444c8d5586d469aee01f?pvs=21)e Kosten zu bezahlen, werfe stattdessen eine Untitled (https://www.notion.so/6ddef2a437ec4b918cdc8a75c9262128?pvs=21) ab (https://www.notion.so/ab-3f245ce4bda845e09078a709034e2907?pvs=21). Wenn das passiert, zerstör (https://www.notion.so/zerst-r-353ca16d2f8a4864a2987a024552914f?pvs=21)e Alternativer Schmerz (https://www.notion.so/Alternativer-Schmerz-40034790a31740ae80f341b477bf84b4?pvs=21).",,,,,30,,,,,,,,,Tim,,,,"September 14, 2023 10:44 PM",,"November 23, 2023 9:39 PM",,
99,Backup,Brandeisenschmied,No,Charakter (https://www.notion.so/Charakter-cdfda7ca52aa435bbb22610007798d2f?pvs=21),"Immer wenn Brandeisenschmied (https://www.notion.so/Brandeisenschmied-195f78aa5bbe42e6b22ce3371b769d1c?pvs=21) verteidig (https://www.notion.so/verteidig-839e6f9d7cbd46cebaa3c27a3d39a179?pvs=21)t, muss ein nicht-gebrandmarkt (https://www.notion.so/gebrandmarkt-544e31bf95b349abaf97ade09ca624bc?pvs=21)er Charakter (https://www.notion.so/Charakter-cdfda7ca52aa435bbb22610007798d2f?pvs=21)  gebrandmarkt (https://www.notion.so/gebrandmarkt-544e31bf95b349abaf97ade09ca624bc?pvs=21) werden. Wenn alle Charakter (https://www.notion.so/Charakter-cdfda7ca52aa435bbb22610007798d2f?pvs=21) gebrandmarkt (https://www.notion.so/gebrandmarkt-544e31bf95b349abaf97ade09ca624bc?pvs=21) sind, kann Brandeisenschmied (https://www.notion.so/Brandeisenschmied-195f78aa5bbe42e6b22ce3371b769d1c?pvs=21) nicht verteidig (https://www.notion.so/verteidig-839e6f9d7cbd46cebaa3c27a3d39a179?pvs=21)en. ",,,,20,40,,,,,,,,,Tim,,,,"September 14, 2023 10:51 PM",,"November 23, 2023 9:39 PM",,
100,Backup,Feuersturm,No,Ereignis (https://www.notion.so/Ereignis-88e179fa1fd740499a32ee3ed4377596?pvs=21),"Alle gebrandmarkt (https://www.notion.so/gebrandmarkt-544e31bf95b349abaf97ade09ca624bc?pvs=21)en Charakter (https://www.notion.so/Charakter-cdfda7ca52aa435bbb22610007798d2f?pvs=21) werden zerstör (https://www.notion.so/zerst-r-353ca16d2f8a4864a2987a024552914f?pvs=21)t, ohne dass jemand eine Untitled (https://www.notion.so/6ddef2a437ec4b918cdc8a75c9262128?pvs=21) zieh (https://www.notion.so/zieh-b15d78fb02034a8f94b549601fe794f5?pvs=21)t.",,,,,,,,,,,,,,Tim,,,,"September 14, 2023 10:59 PM",,"November 23, 2023 9:39 PM",,
101,Backup,Pech und Schwefel,No,Untitled (https://www.notion.so/eff2926a20744f63b63ea77a6d71edd9?pvs=21),"- Wirf 3 oder mehr Untitled (https://www.notion.so/6ddef2a437ec4b918cdc8a75c9262128?pvs=21)n in einem Zug (https://www.notion.so/Zug-1dea8b0b0db6480ea14c8b3f2d6dda20?pvs=21) ab (https://www.notion.so/ab-3f245ce4bda845e09078a709034e2907?pvs=21) → Mische die obersten 10 Untitled (https://www.notion.so/6ddef2a437ec4b918cdc8a75c9262128?pvs=21)n deines Friedhof (https://www.notion.so/Friedhof-e253bfb78fc24f27b12562f1a8bd6a5f?pvs=21)s in dein Deck (https://www.notion.so/Deck-12e336df2ea64e2194cabce2e4d93d61?pvs=21).
- 3 oder mehr Charakter (https://www.notion.so/Charakter-cdfda7ca52aa435bbb22610007798d2f?pvs=21)e sind gebrandmarkt (https://www.notion.so/gebrandmarkt-544e31bf95b349abaf97ade09ca624bc?pvs=21) → spiel (https://www.notion.so/spiel-b5c878a58a374f5282838f3bb3b69799?pvs=21)e eine Untitled (https://www.notion.so/6ddef2a437ec4b918cdc8a75c9262128?pvs=21) und bezahle weder ihre Elementarkosten (https://www.notion.so/Elementarkosten-fea3906dd57841dfb44fe508414a2ce9?pvs=21), noch ihre zusätzlich (https://www.notion.so/zus-tzlich-a23f9b82df1d444c8d5586d469aee01f?pvs=21)en Kosten.",,,,,60,,,,,,,,,Tim,,,,"September 14, 2023 11:11 PM",,"November 23, 2023 9:39 PM",,
102,Backup,Weltenbrand (alt),No,Untitled (https://www.notion.so/3982764085c2477e827623c38aec8f98?pvs=21),"1. Eine gewählter Charakter (https://www.notion.so/Charakter-cdfda7ca52aa435bbb22610007798d2f?pvs=21) ist diese Runde (https://www.notion.so/Runde-d203b45604604e129e5015129b597641?pvs=21) ohnmächtig (https://www.notion.so/ohnm-chtig-052e31a81ae24fb5ac51512957908c0d?pvs=21).
2. Spiele Untitled (https://www.notion.so/6ddef2a437ec4b918cdc8a75c9262128?pvs=21)n für ihre doppelten Elementarkosten (https://www.notion.so/Elementarkosten-fea3906dd57841dfb44fe508414a2ce9?pvs=21), ohne ihre zusätzlich (https://www.notion.so/zus-tzlich-a23f9b82df1d444c8d5586d469aee01f?pvs=21)en Kosten zu bezahlen .
3. Alle gebrandmarkt (https://www.notion.so/gebrandmarkt-544e31bf95b349abaf97ade09ca624bc?pvs=21)en Charakter (https://www.notion.so/Charakter-cdfda7ca52aa435bbb22610007798d2f?pvs=21)e haben diese Runde (https://www.notion.so/Runde-d203b45604604e129e5015129b597641?pvs=21) +30/+30",,,,,50,,,,,,,,,Tim,,,,"September 14, 2023 11:12 PM",,"March 10, 2024 9:56 PM",,
103,Backup,Selbsterkorener Prometheus,No,Charakter (https://www.notion.so/Charakter-cdfda7ca52aa435bbb22610007798d2f?pvs=21),"Als zusätzlich (https://www.notion.so/zus-tzlich-a23f9b82df1d444c8d5586d469aee01f?pvs=21)e Kosten, nimm eine Untitled (https://www.notion.so/b1303df2f24d4014b6316e53f3e74243?pvs=21)einer Untitled (https://www.notion.so/2b9adcd059614612bb0133aece543b8a?pvs=21)n auf die Hand (https://www.notion.so/Hand-02eed85235d546fc8cd87be30bc8b7c8?pvs=21), Untitled (https://www.notion.so/b1303df2f24d4014b6316e53f3e74243?pvs=21)u darfst sie diesen Zug (https://www.notion.so/Zug-1dea8b0b0db6480ea14c8b3f2d6dda20?pvs=21) ohne Elementarkosten (https://www.notion.so/Elementarkosten-fea3906dd57841dfb44fe508414a2ce9?pvs=21) und ohne zusätzlich (https://www.notion.so/zus-tzlich-a23f9b82df1d444c8d5586d469aee01f?pvs=21)e Kosten spiel (https://www.notion.so/spiel-b5c878a58a374f5282838f3bb3b69799?pvs=21)en. Wenn Selbsterkorener Prometheus (https://www.notion.so/Selbsterkorener-Prometheus-996b38739c594a9bba6b9daa3bb30e58?pvs=21) einen gegnerisch (https://www.notion.so/gegnerisch-459fafb1da0340bcb0744267999f295f?pvs=21)en Untitled (https://www.notion.so/4df17cf9d68c430e89f3337925f15637?pvs=21) zerstör (https://www.notion.so/zerst-r-353ca16d2f8a4864a2987a024552914f?pvs=21)t, darfst Untitled (https://www.notion.so/b1303df2f24d4014b6316e53f3e74243?pvs=21)u eine weitere Untitled (https://www.notion.so/2b9adcd059614612bb0133aece543b8a?pvs=21) spielen.",,,,30,40,,,,,,,,,Tim,,,,"September 14, 2023 11:33 PM",,"November 23, 2023 9:39 PM",,
104,Backup,Feueressenz,No,Ereignis (https://www.notion.so/Ereignis-88e179fa1fd740499a32ee3ed4377596?pvs=21),"Nimm eine Untitled (https://www.notion.so/b1303df2f24d4014b6316e53f3e74243?pvs=21)einer Untitled (https://www.notion.so/2b9adcd059614612bb0133aece543b8a?pvs=21)n auf die Hand (https://www.notion.so/Hand-02eed85235d546fc8cd87be30bc8b7c8?pvs=21). Untitled (https://www.notion.so/b1303df2f24d4014b6316e53f3e74243?pvs=21)u darfst sie diesen Zug (https://www.notion.so/Zug-1dea8b0b0db6480ea14c8b3f2d6dda20?pvs=21) ohne Elementarkosten (https://www.notion.so/Elementarkosten-fea3906dd57841dfb44fe508414a2ce9?pvs=21) und ohne zusätzlich (https://www.notion.so/zus-tzlich-a23f9b82df1d444c8d5586d469aee01f?pvs=21)e Kosten spiel (https://www.notion.so/spiel-b5c878a58a374f5282838f3bb3b69799?pvs=21)en. ",,,,,,,,,,,,,,Tim,,,,"September 14, 2023 11:41 PM",,"November 23, 2023 9:39 PM",,
106,Backup,Gluthund,No,Charakter (https://www.notion.so/Charakter-cdfda7ca52aa435bbb22610007798d2f?pvs=21),"Als zusätzlich (https://www.notion.so/zus-tzlich-a23f9b82df1d444c8d5586d469aee01f?pvs=21)e Kosten, zerstör (https://www.notion.so/zerst-r-353ca16d2f8a4864a2987a024552914f?pvs=21)e einen verbündet (https://www.notion.so/verb-ndet-76b6117405774f5ba575df0e30e1fca6?pvs=21)en Charakter (https://www.notion.so/Charakter-cdfda7ca52aa435bbb22610007798d2f?pvs=21). Nachdem Gluthund (https://www.notion.so/Gluthund-362ad239195a446f81ee6d00b30c0911?pvs=21) zerstör (https://www.notion.so/zerst-r-353ca16d2f8a4864a2987a024552914f?pvs=21)t wird, zerstör (https://www.notion.so/zerst-r-353ca16d2f8a4864a2987a024552914f?pvs=21)e einen gegnerisch (https://www.notion.so/gegnerisch-459fafb1da0340bcb0744267999f295f?pvs=21)en Charakter (https://www.notion.so/Charakter-cdfda7ca52aa435bbb22610007798d2f?pvs=21).",,,,40,30,,,,,,,,,Tim,,,,"September 15, 2023 11:05 AM",,"November 23, 2023 9:39 PM",,
107,Backup,Funkenstürmer,No,Charakter (https://www.notion.so/Charakter-cdfda7ca52aa435bbb22610007798d2f?pvs=21),"Als zusätzlich (https://www.notion.so/zus-tzlich-a23f9b82df1d444c8d5586d469aee01f?pvs=21)e Kosten, bezahle 2 Elementarkosten (https://www.notion.so/Elementarkosten-fea3906dd57841dfb44fe508414a2ce9?pvs=21) dazu.",,,,25,35,,,,,,,,,Tim,,,,"September 15, 2023 11:21 AM",,"November 23, 2023 9:39 PM",,
108,Backup,Auflodern,No,Ereignis (https://www.notion.so/Ereignis-88e179fa1fd740499a32ee3ed4377596?pvs=21),"zieh (https://www.notion.so/zieh-b15d78fb02034a8f94b549601fe794f5?pvs=21) eine Untitled (https://www.notion.so/6ddef2a437ec4b918cdc8a75c9262128?pvs=21). Wenn sie zusätzlich (https://www.notion.so/zus-tzlich-a23f9b82df1d444c8d5586d469aee01f?pvs=21)e Kosten hat, wiederhole den Effekt.",,,,,,,,,,,,,,Tim,,,,"September 15, 2023 11:24 AM",,"November 23, 2023 9:39 PM",,
109,Backup,Überläufer,No,Charakter (https://www.notion.so/Charakter-cdfda7ca52aa435bbb22610007798d2f?pvs=21),"Wenn Überläufer (https://www.notion.so/berl-ufer-c96986e601df48bb8a8ea21bbde21b92?pvs=21) von einem Charakter (https://www.notion.so/Charakter-cdfda7ca52aa435bbb22610007798d2f?pvs=21) zerstört würde, wechselt er stattdessen seinen Besitzer zum zerstörenden Spieler. Wenn das passiert, werfen alle Untitled (https://www.notion.so/8f9b118372384c41817b4234398dfa75?pvs=21) eine Untitled (https://www.notion.so/6ddef2a437ec4b918cdc8a75c9262128?pvs=21) ab (https://www.notion.so/ab-3f245ce4bda845e09078a709034e2907?pvs=21).",,,,15,10,,,,,,,,,Tim,,,,"September 15, 2023 11:27 AM",,"November 23, 2023 9:39 PM",,
110,Backup,Schmied Reckar,No,Charakter (https://www.notion.so/Charakter-cdfda7ca52aa435bbb22610007798d2f?pvs=21),"jedes Mal wenn Schmied Reckar (https://www.notion.so/Schmied-Reckar-636af068614141fc943302d0ad14b9c9?pvs=21) angr (https://www.notion.so/gr-67b7334ca6da4432b1b2462f108f30e1?pvs=21)eift, wirf eine Untitled (https://www.notion.so/6ddef2a437ec4b918cdc8a75c9262128?pvs=21) ab.",,,,35,25,,,,,,,,,Tim,,,,"September 15, 2023 11:58 AM",,"November 23, 2023 9:39 PM",,
111,Backup,Feuerwand,No,Manifestation (https://www.notion.so/Manifestation-01fa783543da4ed2964edb521e465bd0?pvs=21),"gegnerisch (https://www.notion.so/gegnerisch-459fafb1da0340bcb0744267999f295f?pvs=21)e Charakter (https://www.notion.so/Charakter-cdfda7ca52aa435bbb22610007798d2f?pvs=21), die Untitled (https://www.notion.so/b1303df2f24d4014b6316e53f3e74243?pvs=21)ich angr (https://www.notion.so/gr-67b7334ca6da4432b1b2462f108f30e1?pvs=21)eifen, erhalten dabei -10 Angriffswert (https://www.notion.so/Angriffswert-08a93843021a40dba6e7e34862f163fa?pvs=21). Deine Charakter (https://www.notion.so/Charakter-cdfda7ca52aa435bbb22610007798d2f?pvs=21)e haben -10 Angriffswert (https://www.notion.so/Angriffswert-08a93843021a40dba6e7e34862f163fa?pvs=21).",,,,,20,,,,,,,,,Tim,,,,"September 15, 2023 12:01 PM",,"November 23, 2023 9:39 PM",,
112,Backup,Geschlossene Tore,No,Manifestation (https://www.notion.so/Manifestation-01fa783543da4ed2964edb521e465bd0?pvs=21),"Untitled (https://www.notion.so/38d8865e0868489d84eed7aab3fdb7d3?pvs=21) zieh (https://www.notion.so/zieh-b15d78fb02034a8f94b549601fe794f5?pvs=21)en keine Untitled (https://www.notion.so/6ddef2a437ec4b918cdc8a75c9262128?pvs=21)n, wenn sie Untitled (https://www.notion.so/b1303df2f24d4014b6316e53f3e74243?pvs=21)eine gebrandmarkt (https://www.notion.so/gebrandmarkt-544e31bf95b349abaf97ade09ca624bc?pvs=21)en Charakter (https://www.notion.so/Charakter-cdfda7ca52aa435bbb22610007798d2f?pvs=21)e zerstör (https://www.notion.so/zerst-r-353ca16d2f8a4864a2987a024552914f?pvs=21)en. ",,,,,50,,,,,,,,,Tim,,,,"September 15, 2023 12:02 PM",,"November 23, 2023 9:39 PM",,
113,Backup,Gebrandmarkter Knappe,No,Charakter (https://www.notion.so/Charakter-cdfda7ca52aa435bbb22610007798d2f?pvs=21),"Ist gebrandmarkt (https://www.notion.so/gebrandmarkt-544e31bf95b349abaf97ade09ca624bc?pvs=21). ",,,,40,45,,,,,,,,,Tim,,,,"September 15, 2023 12:15 PM",,"November 23, 2023 9:39 PM",,
114,Backup,Gebrandmarkter Ritter,No,Charakter (https://www.notion.so/Charakter-cdfda7ca52aa435bbb22610007798d2f?pvs=21),Ist gebrandmarkt (https://www.notion.so/gebrandmarkt-544e31bf95b349abaf97ade09ca624bc?pvs=21). gebrandmarkt (https://www.notion.so/gebrandmarkt-544e31bf95b349abaf97ade09ca624bc?pvs=21)e verbündet (https://www.notion.so/verb-ndet-76b6117405774f5ba575df0e30e1fca6?pvs=21)e haben +10/+10.,,,,50,45,,,,,,,,,Tim,,,,"September 15, 2023 12:16 PM",,"November 23, 2023 9:39 PM",,
115,Backup,Dem Feuer entronnen,No,Ereignis (https://www.notion.so/Ereignis-88e179fa1fd740499a32ee3ed4377596?pvs=21),"Untitled (https://www.notion.so/b1303df2f24d4014b6316e53f3e74243?pvs=21)u musst für die nächste Untitled (https://www.notion.so/6ddef2a437ec4b918cdc8a75c9262128?pvs=21), die Untitled (https://www.notion.so/b1303df2f24d4014b6316e53f3e74243?pvs=21)u in diesem Zug (https://www.notion.so/Zug-1dea8b0b0db6480ea14c8b3f2d6dda20?pvs=21) spiel (https://www.notion.so/spiel-b5c878a58a374f5282838f3bb3b69799?pvs=21)st, die zusätzlich (https://www.notion.so/zus-tzlich-a23f9b82df1d444c8d5586d469aee01f?pvs=21)en Kosten nicht bezahlen.",,,,,,,,,,,,,,Tim,,,,"September 15, 2023 1:00 PM",,"November 23, 2023 9:39 PM",,
116,Backup,Feuerstrahl,No,Ereignis (https://www.notion.so/Ereignis-88e179fa1fd740499a32ee3ed4377596?pvs=21),"Als zusätzlich (https://www.notion.so/zus-tzlich-a23f9b82df1d444c8d5586d469aee01f?pvs=21)e Kosten, bezahle 2 Ignis (https://www.notion.so/Ignis-ca68b053cd74404a8fa85893e505b753?pvs=21). zerstör (https://www.notion.so/zerst-r-353ca16d2f8a4864a2987a024552914f?pvs=21)e die gewählte Untitled (https://www.notion.so/bafefdffb74944b09dc4f9de10183b2d?pvs=21).",,,,,,,,,,,,,,Tim,,,,"September 15, 2023 1:02 PM",,"November 23, 2023 9:39 PM",,
118,Backup,Magmar,No,,"Als zusätzliche Kosten, lege 3 Karten von deiner Hand zurück auf dein Deck in einer beliebigen Reihenfolge. Jedes Mal wenn Magmar (https://www.notion.so/Magmar-2495d9056ea04577aa6e5c57068eeaf6?pvs=21) angreift, ziehe eine Karte.",,,,,,,,,,,,,,Tim,,,,"September 16, 2023 5:35 PM",,"November 23, 2023 9:39 PM",,
119,Backup,Im Keim ersticken,No,,"Immer wenn Du eine Karte abwirfst, müssen alle anderen Spieler zusammen 3 Mana bezahlen oder eine Karte abwerfen.",,,,,,,,,,,,,,Tim,,,,"September 16, 2023 5:49 PM",,"November 23, 2023 9:39 PM",,
120,Backup,Besungener Baum Juglans,No,Charakter (https://www.notion.so/Charakter-cdfda7ca52aa435bbb22610007798d2f?pvs=21),Einmal pro Spielzug wenn ein Charakter zerstört wird du kannst eine Karte ziehen,,,Terra (https://www.notion.so/Terra-a6762ab5136d4598aafb8d77da6be70f?pvs=21),0,55,,,,,,,,,Timon,Alle%20Karten%2070ddd0aaafb74f56b205e643b0901290/wia._big_tree_emerging_from_forest_low_camera_angle_beautiful__87b586e7-35df-4c99-a5cc-4473a4b6274c.png,,,"September 24, 2023 3:54 PM",,"November 23, 2023 9:39 PM",,
122,Backup,Besungener Baum Quercus,No,Charakter (https://www.notion.so/Charakter-cdfda7ca52aa435bbb22610007798d2f?pvs=21),Ein anderer Charakter vom Element Terra (https://www.notion.so/Terra-a6762ab5136d4598aafb8d77da6be70f?pvs=21)   darf zweimal Angriffe gleichzeitig blocken,,,Terra (https://www.notion.so/Terra-a6762ab5136d4598aafb8d77da6be70f?pvs=21),0,55,,,,,,,,,Timon,Alle%20Karten%2070ddd0aaafb74f56b205e643b0901290/wia._ancient_mighty_tree_emerging_from_forest_low_camera_angle_3f9a2dba-8261-4331-badf-44551b689d80.png,,,"September 24, 2023 3:58 PM",,"November 23, 2023 9:39 PM",,
123,Backup,Besungener Baum Fraxinus,No,Charakter (https://www.notion.so/Charakter-cdfda7ca52aa435bbb22610007798d2f?pvs=21),"Bezahle ein Terra (https://www.notion.so/Terra-a6762ab5136d4598aafb8d77da6be70f?pvs=21); entdeck (https://www.notion.so/entdeck-bc14ca1b366b418397d988c1c99579f6?pvs=21)e  ein Wildtier (https://www.notion.so/Wildtier-566a219b7ef049469e5743f0e8b351de?pvs=21) ",,,Terra (https://www.notion.so/Terra-a6762ab5136d4598aafb8d77da6be70f?pvs=21),0,55,,,,,,,,,Timon,Alle%20Karten%2070ddd0aaafb74f56b205e643b0901290/wia._ancient_mighty_fir_tree_emerging_from_forest_low_camera_a_85ea79f9-ba5f-46ac-8e75-def2e0ae63d2.png,,,"September 24, 2023 4:00 PM",,"November 23, 2023 9:39 PM",,
124,Backup,Besungener Baum Sylvestris,No,Charakter (https://www.notion.so/Charakter-cdfda7ca52aa435bbb22610007798d2f?pvs=21),"Alle deine Terra Karten erhalten + 20 Angriff und Verteidigung ",,,Terra (https://www.notion.so/Terra-a6762ab5136d4598aafb8d77da6be70f?pvs=21),0,55,,,,,,,,,Timon,Alle%20Karten%2070ddd0aaafb74f56b205e643b0901290/wia._ancient_mighty_tree_emerging_from_forest_low_camera_angle_d11aa3a6-0fd5-4296-8e8c-1ce2c1240cda.png,,,"September 24, 2023 4:07 PM",,"November 23, 2023 9:39 PM",,
125,Backup,Besungener Baum Giganteum,No,Charakter (https://www.notion.so/Charakter-cdfda7ca52aa435bbb22610007798d2f?pvs=21),einmal in deinem Spielzug annulliere ein Effekt deines Gegners bis zum Ende des nächsten Spielzugs,,,Terra (https://www.notion.so/Terra-a6762ab5136d4598aafb8d77da6be70f?pvs=21),0,55,,,,,,,,,Timon,Alle%20Karten%2070ddd0aaafb74f56b205e643b0901290/wia._ancient_mighty_mournlind_tree_emerging_from_forest_low_ca_baaf228c-2d4d-4ae3-be59-d55f55e8e82c.png,,,"September 24, 2023 4:10 PM",,"November 23, 2023 9:39 PM",,
126,Backup,Besungener Baum Ulmus,No,Charakter (https://www.notion.so/Charakter-cdfda7ca52aa435bbb22610007798d2f?pvs=21),"eine Baumsängerin oder Wildtier (https://www.notion.so/Wildtier-566a219b7ef049469e5743f0e8b351de?pvs=21)  kann einen zweiten Angriff deklarieren ",,,Terra (https://www.notion.so/Terra-a6762ab5136d4598aafb8d77da6be70f?pvs=21),0,55,,,,,,,,,Timon,,,,"September 24, 2023 4:11 PM",,"November 23, 2023 9:39 PM",,
127,Backup,Magisches Fährtenlesen,No,Ereignis (https://www.notion.so/Ereignis-88e179fa1fd740499a32ee3ed4377596?pvs=21),"Ziehe 1 Karten, falls du ein Wildtier (https://www.notion.so/Wildtier-566a219b7ef049469e5743f0e8b351de?pvs=21) gezogen hast ziehe eine zweite Karte",,,Terra (https://www.notion.so/Terra-a6762ab5136d4598aafb8d77da6be70f?pvs=21),,,,,,,,,,,Timon,Alle%20Karten%2070ddd0aaafb74f56b205e643b0901290/wia._traces_of_wolf_in_snow_wolf_tracks_in_snow_magic_the_gath_b6204a98-0ef1-48be-9951-6e68a3310d95.png,,,"October 22, 2023 9:03 PM",,"November 23, 2023 9:39 PM",,
128,Backup,"Terras Balg ",No,Ereignis (https://www.notion.so/Ereignis-88e179fa1fd740499a32ee3ed4377596?pvs=21),"sofort (https://www.notion.so/sofort-9c56f076fccf4157b07459dd557d86d7?pvs=21): Verhindere die Zerstörung eines Wildtier (https://www.notion.so/Wildtier-566a219b7ef049469e5743f0e8b351de?pvs=21) ",,,Terra (https://www.notion.so/Terra-a6762ab5136d4598aafb8d77da6be70f?pvs=21),,,,,,,,,,,Timon,,,,"October 22, 2023 9:09 PM",,"November 23, 2023 9:39 PM",,
129,Backup,"Flinker Hase ",No,Charakter (https://www.notion.so/Charakter-cdfda7ca52aa435bbb22610007798d2f?pvs=21),sofort,,,Terra (https://www.notion.so/Terra-a6762ab5136d4598aafb8d77da6be70f?pvs=21),0,10,,,,,,,,,Timon,Alle%20Karten%2070ddd0aaafb74f56b205e643b0901290/wia._forest_by_Titus_Lunter_mtg_wallpaper_green_trees_--ar_34__9ddc04c1-b174-4b64-9c5b-02c0360bf2f0.png,,,"October 22, 2023 9:11 PM",,"November 23, 2023 9:39 PM",,
130,Backup,Ewiger Wandel,No,Ereignis (https://www.notion.so/Ereignis-88e179fa1fd740499a32ee3ed4377596?pvs=21),"Zerstöre alle Karten auf dem Feld, jeder spieler zieht 3 weitere Karten",,,Terra (https://www.notion.so/Terra-a6762ab5136d4598aafb8d77da6be70f?pvs=21),,,,,,,,,,,Timon,Alle%20Karten%2070ddd0aaafb74f56b205e643b0901290/wia._eternal_circle_of_life_fantasy_concept_art_green_nature_-_927112cc-bdb1-4154-8643-7b904cc7028a.png,,,"October 22, 2023 9:12 PM",,"November 23, 2023 9:39 PM",,
131,Backup,Angsteinjagendes Gebrüll,No,Ereignis (https://www.notion.so/Ereignis-88e179fa1fd740499a32ee3ed4377596?pvs=21),"Falls ein Wildtier (https://www.notion.so/Wildtier-566a219b7ef049469e5743f0e8b351de?pvs=21) angegriffen wird, gebe den Angreifenden Charakter auf die Hand des Besitzers zurück",,,Terra (https://www.notion.so/Terra-a6762ab5136d4598aafb8d77da6be70f?pvs=21),,,,,,,,,,,Timon,Alle%20Karten%2070ddd0aaafb74f56b205e643b0901290/wia._closup_snort_of_angry_beast_roaring._shock_waves_forest_c_bcc9b9fe-5c73-4b35-9d28-66b3c0700464.png,,,"October 22, 2023 9:14 PM",,"November 23, 2023 9:39 PM",,
132,Backup,Tausch der Jagdgründe,No,Ereignis (https://www.notion.so/Ereignis-88e179fa1fd740499a32ee3ed4377596?pvs=21),"Wähle ein Charakter eines Gegners, tausche die Kontrolle mit einem deiner Wildtier (https://www.notion.so/Wildtier-566a219b7ef049469e5743f0e8b351de?pvs=21) ",,,Terra (https://www.notion.so/Terra-a6762ab5136d4598aafb8d77da6be70f?pvs=21),,,,,,,,,,,Timon,Alle%20Karten%2070ddd0aaafb74f56b205e643b0901290/Frame_4.png,,,"October 22, 2023 9:18 PM",,"November 23, 2023 9:39 PM",,
133,Backup,Kreis des Ewigen Gesangs,No,Manifestation (https://www.notion.so/Manifestation-01fa783543da4ed2964edb521e465bd0?pvs=21),"Falls du eine Baumsängerin oder ein Besungener Baum kontrollierst, du kannst ein Karte mit Element Terra vom Friedhof in dein Deck mischen und eine Karte ziehen. (Einmal pro Spielzug)",,,Terra (https://www.notion.so/Terra-a6762ab5136d4598aafb8d77da6be70f?pvs=21),,,1,,,,,,,,Timon,Alle%20Karten%2070ddd0aaafb74f56b205e643b0901290/wia._forest_black_hair_magical_scenery_green_elven_cloths_by_p_16e23801-77d3-4df9-b9e1-b0b1e69f85b6.png,,,"October 22, 2023 9:20 PM",,"November 23, 2023 9:39 PM",,
134,Backup,Baumsängerin Sativa,No,Charakter (https://www.notion.so/Charakter-cdfda7ca52aa435bbb22610007798d2f?pvs=21),"Falls diese Karte vom Feld auf den Friedhof gelegt wird, füge eine Baumsängerin deiner Hand hinzu",,,Terra (https://www.notion.so/Terra-a6762ab5136d4598aafb8d77da6be70f?pvs=21),10,10,,,,,,,,,Timon,Alle%20Karten%2070ddd0aaafb74f56b205e643b0901290/wia._celtic_shaman_barbarian_sorceress_elf_singing_magical_sce_a809f36c-eb79-44e6-984c-c3c29f2f26a6.png,,,"October 22, 2023 9:26 PM",,"November 23, 2023 9:39 PM",,
135,Backup,Baumsängerin Avellana,No,Charakter (https://www.notion.so/Charakter-cdfda7ca52aa435bbb22610007798d2f?pvs=21),"Falls diese Karte vom Feld auf den Friedhof gelegt wird, beschwöre eine Baumsängerin aus dem Deck",,,Terra (https://www.notion.so/Terra-a6762ab5136d4598aafb8d77da6be70f?pvs=21),20,15,,,,,,,,,Timon,Alle%20Karten%2070ddd0aaafb74f56b205e643b0901290/wia._celtic_shaman_sorceress_singing_magical_scenery_green_elv_67ed0c9c-daad-419d-8679-ece89896bc39.png,,,"October 22, 2023 9:28 PM",,"November 23, 2023 9:39 PM",,
137,Backup,Heimtückischer Frosch,No,Charakter (https://www.notion.so/Charakter-cdfda7ca52aa435bbb22610007798d2f?pvs=21),Diese Karte kann keinen Angriff deklarieren. Falls diese Karte kämpft zerstöre den angreifenden Charakter,,,Terra (https://www.notion.so/Terra-a6762ab5136d4598aafb8d77da6be70f?pvs=21),0,0,,,,,,,,,Timon,Alle%20Karten%2070ddd0aaafb74f56b205e643b0901290/wia._toxic_frog_in_forest_by_Titus_Lunter_mtg_wallpaper_green__a9142417-e623-4929-bb69-20fb9c004339.png,,,"October 22, 2023 9:31 PM",,"November 23, 2023 9:39 PM",,
138,Backup,Wildhüter Orhulf,No,Charakter (https://www.notion.so/Charakter-cdfda7ca52aa435bbb22610007798d2f?pvs=21),"Beim ersch (https://www.notion.so/ersch-0e02f231f9ed4e67bd55eada1e50b09e?pvs=21)einen, entdeck (https://www.notion.so/entdeck-bc14ca1b366b418397d988c1c99579f6?pvs=21)e ein Wildtier (https://www.notion.so/Wildtier-566a219b7ef049469e5743f0e8b351de?pvs=21) ",,,Terra (https://www.notion.so/Terra-a6762ab5136d4598aafb8d77da6be70f?pvs=21),20,5,,,,,,,,,Timon,Alle%20Karten%2070ddd0aaafb74f56b205e643b0901290/wia._forest_painting_by_John_Avon_magic_the_gathering_soft_lig_e48e4426-2a6d-465f-99ea-4c6ff56740d2.png,,,"October 22, 2023 9:34 PM",,"November 23, 2023 9:39 PM",,
140,Backup,Wildhüter Amdulf,No,Charakter (https://www.notion.so/Charakter-cdfda7ca52aa435bbb22610007798d2f?pvs=21),"Beim ersch (https://www.notion.so/ersch-0e02f231f9ed4e67bd55eada1e50b09e?pvs=21)einen, entdeck (https://www.notion.so/entdeck-bc14ca1b366b418397d988c1c99579f6?pvs=21)e ein Wildtier (https://www.notion.so/Wildtier-566a219b7ef049469e5743f0e8b351de?pvs=21) ",,,Terra (https://www.notion.so/Terra-a6762ab5136d4598aafb8d77da6be70f?pvs=21),35,10,,,,,,,,,Timon,Alle%20Karten%2070ddd0aaafb74f56b205e643b0901290/wia._snowy_forest_snow_painting_by_John_Avon_magic_the_gatheri_5c25d1b8-6363-483d-8454-0411bed7a5de.png,,,"October 29, 2023 12:57 PM",,"November 23, 2023 9:39 PM",,
141,Backup,Roter Wildfuchs,No,Charakter (https://www.notion.so/Charakter-cdfda7ca52aa435bbb22610007798d2f?pvs=21),,,,Terra (https://www.notion.so/Terra-a6762ab5136d4598aafb8d77da6be70f?pvs=21),40,25,,,,,,,,,Timon,Alle%20Karten%2070ddd0aaafb74f56b205e643b0901290/wia._wild_fox_in_forest_by_Titus_Lunter_mtg_wallpaper_green_tr_1550631b-95e0-4f73-ad43-ee7c42d0b4dc.png,,,"October 29, 2023 2:00 PM",,"November 23, 2023 9:39 PM",,
142,Backup,Wald Ratte,No,Charakter (https://www.notion.so/Charakter-cdfda7ca52aa435bbb22610007798d2f?pvs=21),,,,Terra (https://www.notion.so/Terra-a6762ab5136d4598aafb8d77da6be70f?pvs=21),35,15,,,,,,,,,Timon,Alle%20Karten%2070ddd0aaafb74f56b205e643b0901290/wia._rat_in_forest_by_Titus_Lunter_mtg_wallpaper_green_trees_-_2f43f183-6591-4f0e-b2cb-66dcb31fc5a4.png,,,"October 29, 2023 2:01 PM",,"November 23, 2023 9:39 PM",,
143,Backup,Rasendes Wildschwein,No,Charakter (https://www.notion.so/Charakter-cdfda7ca52aa435bbb22610007798d2f?pvs=21),Nachstürmen (https://www.notion.so/Nachst-rmen-8d4acc9b11a440a0b044fde64261276e?pvs=21) (Dieser Charakter kann nach dem ersten Angriff einen zweiten Angriff machen),,,Terra (https://www.notion.so/Terra-a6762ab5136d4598aafb8d77da6be70f?pvs=21),60,0,,,,,,,,,Timon,Alle%20Karten%2070ddd0aaafb74f56b205e643b0901290/wia._angry_wild_boar_in_forest_by_Titus_Lunter_friendly_boar_m_e784b769-2a2d-44b9-ab10-ee570f761898.png,,,"October 29, 2023 2:02 PM",,"November 23, 2023 9:39 PM",,
145,Backup,Einsamer Dachs,No,Charakter (https://www.notion.so/Charakter-cdfda7ca52aa435bbb22610007798d2f?pvs=21),,,,Terra (https://www.notion.so/Terra-a6762ab5136d4598aafb8d77da6be70f?pvs=21),35,40,,,,,,,,,Timon,Alle%20Karten%2070ddd0aaafb74f56b205e643b0901290/wia._forest_by_Titus_Lunter_mtg_wallpaper_green_trees_--ar_34__dd1f1efd-a30b-4623-8e8f-0e1d5eabac9d.png,,,"October 29, 2023 2:03 PM",,"November 23, 2023 9:39 PM",,
146,Backup,Waldluchs,No,Charakter (https://www.notion.so/Charakter-cdfda7ca52aa435bbb22610007798d2f?pvs=21),,,,Terra (https://www.notion.so/Terra-a6762ab5136d4598aafb8d77da6be70f?pvs=21),30,15,,,,,,,,,Timon,Alle%20Karten%2070ddd0aaafb74f56b205e643b0901290/wia._Lynx_in_forest_by_Titus_Lunter_mtg_wallpaper_green_trees__6f861c07-600a-4e4e-8ab8-24fd3c037a32.png,,,"October 29, 2023 3:53 PM",,"November 23, 2023 9:39 PM",,
147,Backup,Tückischer Igel,No,Charakter (https://www.notion.so/Charakter-cdfda7ca52aa435bbb22610007798d2f?pvs=21),Doppelblock (https://www.notion.so/Doppelblock-b26e421c63a74a64b61aa8be862a7d32?pvs=21) (Dieser Charakter kann zwei Angreifer pro Kampf blocken),,,Terra (https://www.notion.so/Terra-a6762ab5136d4598aafb8d77da6be70f?pvs=21),15,25,,,,,,,,,Timon,Alle%20Karten%2070ddd0aaafb74f56b205e643b0901290/wia._forest_by_Titus_Lunter_mtg_wallpaper_green_trees_--ar_34__5183f24e-5f80-49b5-9b54-4257ff86d97a.png,,,"October 29, 2023 3:55 PM",,"November 23, 2023 9:39 PM",,
148,Backup,Waldfalke,No,Charakter (https://www.notion.so/Charakter-cdfda7ca52aa435bbb22610007798d2f?pvs=21),,,,Terra (https://www.notion.so/Terra-a6762ab5136d4598aafb8d77da6be70f?pvs=21),45,20,,,,,,,,,Timon,Alle%20Karten%2070ddd0aaafb74f56b205e643b0901290/wia._hawk_on_tree_by_Titus_Lunter_mtg_wallpaper_green_forest_-_87f423e0-e60b-46ab-ac29-ad6fcdf589e1.png,,,"October 29, 2023 3:58 PM",,"November 23, 2023 9:39 PM",,
149,Backup,Spielfreudiges Wildschwein,No,Charakter (https://www.notion.so/Charakter-cdfda7ca52aa435bbb22610007798d2f?pvs=21),,,,Terra (https://www.notion.so/Terra-a6762ab5136d4598aafb8d77da6be70f?pvs=21),45,10,,,,,,,,,Timon,Alle%20Karten%2070ddd0aaafb74f56b205e643b0901290/wia._beautiful_forest_by_Titus_Lunter_friendly_boar_mtg_wallpa_46217f56-337d-41fe-b32b-73f31204d9b7.png,,,"October 29, 2023 5:51 PM",,"November 23, 2023 9:39 PM",,
150,Backup,Terrageweihter Steinkreis,No,Manifestation (https://www.notion.so/Manifestation-01fa783543da4ed2964edb521e465bd0?pvs=21),"Einmal pro Spielzug du kannst die oberste Karte von deinem Deck aufdecken. Falls sie vom Element Terra ist lege sie in deine Elementarzone, falls nicht unter dein Deck.

Verlässt diese Karte das Feld, lege zwei Terra Elementare auf den Friedhof",,,Terra (https://www.notion.so/Terra-a6762ab5136d4598aafb8d77da6be70f?pvs=21),,,2,,,,,,,,Timon,Alle%20Karten%2070ddd0aaafb74f56b205e643b0901290/wia._Stonehenge_Devine_ritual_magical_forest_ancient_mega_stru_5837a5db-f49d-4e20-ae73-8a9f7dcff754.png,,,"October 31, 2023 3:22 PM",,"November 23, 2023 9:39 PM",,
151,Backup,Vasalö Terras,No,Charakter (https://www.notion.so/Charakter-cdfda7ca52aa435bbb22610007798d2f?pvs=21),"Duel (https://www.notion.so/Duel-3faa388dcdf445c2bff6fc8dabe42b47?pvs=21) (Einmal pro Spielzug: Dieser Charakter kann gegen einen gegnerischen Charakter kämpfen, dieser wird in Angriffsposition gebracht.. Der Gegner darf nicht blocken. Beide Charaktere erhalten +5 Angriff für jeden befreundeten Charakter. Danach dürfen beide Charaktere an keinem Kampf mehr teilnehmen bis zum Ende des Spielzugs)",,,Terra (https://www.notion.so/Terra-a6762ab5136d4598aafb8d77da6be70f?pvs=21),45,20,,,,,,,,,Timon,Alle%20Karten%2070ddd0aaafb74f56b205e643b0901290/wia._medieval_knight_in_dynamic_pose_green_armor_trees_in_back_1873f509-be91-4565-81b5-7cafb6c1c4ca.png,,,"November 5, 2023 12:19 PM",,"November 23, 2023 9:39 PM",,
152,Playtest,Elementarwandel,No,Ereignis (https://www.notion.so/Ereignis-88e179fa1fd740499a32ee3ed4377596?pvs=21),"Mische alle deine Elementare, in dein Deck. Lege die obersten x+1 Karten von deinem Deck als Elementare getappt in deine Elementarzone.
X ist die Anzahl an Elementarkarten, die auf diese Weise ins Deck gemischt wurde.",,,Aeris (https://www.notion.so/Aeris-5996f3899d7740fc809fe30a652d20c6?pvs=21),,,,,1,,,,,2,Timon,Alle%20Karten%2070ddd0aaafb74f56b205e643b0901290/152.png,,,"November 6, 2023 11:55 AM",,"May 17, 2025 5:23 PM",,"C. Playtest, T. Playtest"
160,Backup,Auffrischung,No,Ereignis (https://www.notion.so/Ereignis-88e179fa1fd740499a32ee3ed4377596?pvs=21),Du darfst 3 Karten ziehen,,,Ungeprägt (https://www.notion.so/Ungepr-gt-2fd48ac2c29b47108245679f33342673?pvs=21),,,,,,,,,,,Slain,,,,"November 27, 2023 12:13 PM",,"March 2, 2024 11:13 AM",,
164,TCG Arena,"Namenloser Ryv'Jorl, stiller Infiltrator",No,Charakter (https://www.notion.so/Charakter-cdfda7ca52aa435bbb22610007798d2f?pvs=21),Ich kann nicht geblockt werden.,<ability>Unblockbar</ability> <desc><self>Ich</self> kann nicht <key>geblockt</key> werden.</desc>,"Jede Bewegung im Dunkeln ist sein Werk; jedes Zittern, jeder geflüsterte Schrei wird Teil des finsteren Balletts, das er leitet.",Aqua (https://www.notion.so/Aqua-8c3b1bb2cc364f6ba274d390ac8d3800?pvs=21),5/10,10/10,,Abenteurer (https://www.notion.so/Abenteurer-18c618e1fbc44737ad118d41cdbfa787?pvs=21),,2,,,,1,Slain,,,,"November 27, 2023 12:25 PM",,"July 6, 2025 10:07 PM",Alpha Set  (https://www.notion.so/Alpha-Set-22495bba56ba80dea926d7979a373c53?pvs=21),C. Playtest
165,TCG Arena,Aeris-Kraftkugel,No,Ereignis (https://www.notion.so/Ereignis-88e179fa1fd740499a32ee3ed4377596?pvs=21),"Sofort spielbar
Ändere die Position eines Charakters, den du kontrollierst.","<ability>Sofort spielbar</ability> <desc>Du darfst <self>mich</self> jederzeit spielen.</desc>
Ändere die <key>Position</key> eines <kind>Charakters</kind>, den Du <key>kontrollierst</key>.",Federleicht trägt sie den Atem uralter Winde.,Aeris (https://www.notion.so/Aeris-5996f3899d7740fc809fe30a652d20c6?pvs=21),,,,,1,,,,,1,Slain,,,Sofort spielbar (https://www.notion.so/Sofort-spielbar-294a02b665464d4ab9d64e4e102d6bd1?pvs=21),"November 27, 2023 12:26 PM",,"July 6, 2025 10:33 PM",Alpha Set  (https://www.notion.so/Alpha-Set-22495bba56ba80dea926d7979a373c53?pvs=21),C. Playtest
167,TCG Arena,Terra-Kraftkugel,No,Ereignis (https://www.notion.so/Ereignis-88e179fa1fd740499a32ee3ed4377596?pvs=21),"Sofort spielbar
Ein Charakter erhält +20/0 bis zum Ende des Zuges.","<ability>Sofort spielbar</ability> <desc>Du darfst <self>mich</self> jederzeit spielen.</desc>
Ein <kind>Charakter</kind> erhält bis <key>Zugende</key> <stats>+20/+0</stats>.","“Terra, gib mir Deine Stärke, wenn alles um mich wankt.” – Namenloser Krieger",Terra (https://www.notion.so/Terra-a6762ab5136d4598aafb8d77da6be70f?pvs=21),,,,,,,,,1,1,Slain,,,,"November 27, 2023 12:30 PM",,"July 6, 2025 10:14 PM",Alpha Set  (https://www.notion.so/Alpha-Set-22495bba56ba80dea926d7979a373c53?pvs=21),C. Playtest
168,TCG Arena,Aqua-Kraftkugel,No,Ereignis (https://www.notion.so/Ereignis-88e179fa1fd740499a32ee3ed4377596?pvs=21),"Sofort spielbar
Verhindere allen Schaden, der einem Charakter deiner wahl in dieser Phase zugefügt wird.","<ability>Sofort spielbar</ability> <desc>Du darfst <self>mich</self> jederzeit spielen.</desc>
Verhindere allen <key>Schaden</key>, der einem <kind>Charakter</kind> Deiner Wahl in dieser <key>Phase</key> zugefügt wird.",In ihrer trügerischen Tiefe und flüsternden Strömung birgt sie ein stiller Quell der Heilung.,Aqua (https://www.notion.so/Aqua-8c3b1bb2cc364f6ba274d390ac8d3800?pvs=21),,,,,,1,,,,1,Slain,Alle%20Karten%2070ddd0aaafb74f56b205e643b0901290/168.png,,,"November 27, 2023 12:33 PM",,"July 24, 2025 8:47 PM",,C. Playtest
169,TCG Arena,Ignis-Kraftkugel,No,Ereignis (https://www.notion.so/Ereignis-88e179fa1fd740499a32ee3ed4377596?pvs=21),"Sofort spielbar
Füge einem Charakter oder Manifestation 20 Schaden zu.","<ability>Sofort spielbar</ability> <desc>Du darfst <self>mich</self> jederzeit spielen.</desc>
Füge einem <kind>Charakter</kind> oder einer <kind>Manifestation</kind> <damage>20</damage> <key>Schaden</key> zu.",In ihrem Flackern entflammt die Leidenschaft des feurigen Zorns.,Ignis (https://www.notion.so/Ignis-ca68b053cd74404a8fa85893e505b753?pvs=21),,,,,,,2,,,1,Slain,,,,"November 27, 2023 12:34 PM",,"July 6, 2025 10:13 PM",Alpha Set  (https://www.notion.so/Alpha-Set-22495bba56ba80dea926d7979a373c53?pvs=21),C. Playtest
170,TCG Arena,Magica-Kraftkugel,No,Ereignis (https://www.notion.so/Ereignis-88e179fa1fd740499a32ee3ed4377596?pvs=21),"Sofort spielbar
Ändere das Ziel eines Ereignisses oder einer Fähigkeit, die genau ein Ziel hat.","<ability>Sofort spielbar</ability> <desc>Du darfst <self>mich</self> jederzeit spielen.</desc>
Ändere das <key>Ziel</key> eines <kind>Ereignisses</kind> oder einer <key>Fähigkeit</key>, die genau ein <key>Ziel</key> hat.",Sie hält das Gleichgewicht aller Welten in funkelnder Stille und leitet die Geschicke zum Ausgleich.,Magica (https://www.notion.so/Magica-ba80d98941c8405d875cb3e6fdb6bf34?pvs=21),,,,,,,,1,,1,Slain,,,,"November 27, 2023 12:34 PM",,"July 6, 2025 10:14 PM",Alpha Set  (https://www.notion.so/Alpha-Set-22495bba56ba80dea926d7979a373c53?pvs=21),C. Playtest
171,Playtest,Tirolitklumpen,No,Manifestation (https://www.notion.so/Manifestation-01fa783543da4ed2964edb521e465bd0?pvs=21),OPT; Erzeuge ein ungeprägtes Element,,,Ungeprägt (https://www.notion.so/Ungepr-gt-2fd48ac2c29b47108245679f33342673?pvs=21),,,1,,,,,,,2,Slain,,,,"November 27, 2023 12:35 PM",,"July 3, 2025 12:59 PM",,
172,Idee,Feldheiler,No,Charakter (https://www.notion.so/Charakter-cdfda7ca52aa435bbb22610007798d2f?pvs=21),"Wenn dieser Charakter ins Spiel kommt, bringe einen Charakter, der diesen Zug gestorben ist vom Friedhof in Angrffsposition zurück aufs Feld",,,Aqua (https://www.notion.so/Aqua-8c3b1bb2cc364f6ba274d390ac8d3800?pvs=21),10,10,,,,,,,,,Slain,,,,"November 27, 2023 12:36 PM",,"April 25, 2024 8:56 PM",,
173,Playtest,Wasser des Lebens,No,Ereignis (https://www.notion.so/Ereignis-88e179fa1fd740499a32ee3ed4377596?pvs=21),Lege eine oberste Karte von deinem Deck als Schildkarte zu deinen Schildkarten.,,,Aqua (https://www.notion.so/Aqua-8c3b1bb2cc364f6ba274d390ac8d3800?pvs=21),,,,,,3,,,,2,Slain,,,,"November 27, 2023 12:37 PM","C.G. : Intressante Idee, fürt jedoch nur für längere Spiele.","May 17, 2025 5:23 PM",,C. Playtest
174,Playtest,Magiekontrolle,No,Ereignis (https://www.notion.so/Ereignis-88e179fa1fd740499a32ee3ed4377596?pvs=21),"Sofort spielbar
Verhindere, dass ein Charakter, ein Ereignis oder eine Manifestation ins Spiel kommt.",,,Magica (https://www.notion.so/Magica-ba80d98941c8405d875cb3e6fdb6bf34?pvs=21),,,,,,,,2,,2,Slain,,,,"November 27, 2023 12:40 PM",,"May 17, 2025 5:23 PM",,C. Playtest
175,Idee,Feuerball,No,Ereignis (https://www.notion.so/Ereignis-88e179fa1fd740499a32ee3ed4377596?pvs=21),Füge einem Charakter X mal 10 Schaden zu,,,Ignis (https://www.notion.so/Ignis-ca68b053cd74404a8fa85893e505b753?pvs=21),,,,,,,,,,,Slain,,,,"November 27, 2023 12:43 PM",,"April 25, 2024 8:56 PM",,
176,Idee,Windstoß,No,Ereignis (https://www.notion.so/Ereignis-88e179fa1fd740499a32ee3ed4377596?pvs=21),"Wirf X Karten ab, dann ziehe X + 1 neue Karten",,,Aeris (https://www.notion.so/Aeris-5996f3899d7740fc809fe30a652d20c6?pvs=21),,,,,,,,,,,Slain,,,,"November 27, 2023 12:44 PM",,"April 25, 2024 8:56 PM",,
177,Idee,Wunden heilen,No,Ereignis (https://www.notion.so/Ereignis-88e179fa1fd740499a32ee3ed4377596?pvs=21),Bringe X Karten von deinem Friedhof wieder auf deine Hand,,,Aqua (https://www.notion.so/Aqua-8c3b1bb2cc364f6ba274d390ac8d3800?pvs=21),,,,,,,,,,,Slain,,,,"November 27, 2023 12:45 PM",,"April 25, 2024 8:56 PM",,
180,Playtest,Versteinern,No,Ereignis (https://www.notion.so/Ereignis-88e179fa1fd740499a32ee3ed4377596?pvs=21),"Sofort Spielbar
Bringe X Charaktere in Angriffshaltung",,,Terra (https://www.notion.so/Terra-a6762ab5136d4598aafb8d77da6be70f?pvs=21),,,,,,,,,3,X,Slain,,,,"November 27, 2023 12:47 PM",,"May 17, 2025 5:23 PM",,C. Playtest
181,TCG Arena,“Schildwall!”,No,Ereignis (https://www.notion.so/Ereignis-88e179fa1fd740499a32ee3ed4377596?pvs=21),"Sofort spielbar
Bringe X Charaktere in Verteidigungsposition.","<ability>Sofort spielbar</ability> <desc>Du darfst <self>mich</self> jederzeit spielen.</desc>
Bringe X <kind>Charaktere</kind> in <key>Verteidigungsposition</key>.",“Kein Mann allein ist stärker als jener mit einem Schild neben ihm.“ – Weibel Thulmann,Magica (https://www.notion.so/Magica-ba80d98941c8405d875cb3e6fdb6bf34?pvs=21),,,,,,,,2,,X,Slain,,,,"November 27, 2023 12:48 PM",,"July 6, 2025 10:19 PM",,C. Playtest
182,Idee,Weltenbrand,No,Ereignis (https://www.notion.so/Ereignis-88e179fa1fd740499a32ee3ed4377596?pvs=21),"Jeder Spieler zerstört alle seine Elementare, Charaktere und Manifestationen. Dann wirft er alle Handkarten ab und zieht 3 neue.",,,Ungeprägt (https://www.notion.so/Ungepr-gt-2fd48ac2c29b47108245679f33342673?pvs=21),,,,,,,,,,,Slain,,,,"November 27, 2023 12:50 PM",,"April 25, 2024 8:56 PM",,
183,Idee,Wandel,No,Ereignis (https://www.notion.so/Ereignis-88e179fa1fd740499a32ee3ed4377596?pvs=21),Opfere einen Charakter. Dann bringe einen Charakter aus deinem Friedhof ins Spiel.,,,Aeris (https://www.notion.so/Aeris-5996f3899d7740fc809fe30a652d20c6?pvs=21),,,,,,,,,,,Slain,,,,"November 27, 2023 12:52 PM",,"April 25, 2024 8:56 PM",,
184,Idee,Elementare Neuprägung,No,Ereignis (https://www.notion.so/Ereignis-88e179fa1fd740499a32ee3ed4377596?pvs=21),Nimm X Elementar in deine Hand zurück. Spiele dann X Karten aus deiner Hand als Elementar aus,,,Ungeprägt (https://www.notion.so/Ungepr-gt-2fd48ac2c29b47108245679f33342673?pvs=21),,,,,,,,,,,Slain,,,,"November 27, 2023 12:53 PM",,"April 25, 2024 8:56 PM",,
185,TCG Arena,Sturmflut,No,Ereignis (https://www.notion.so/Ereignis-88e179fa1fd740499a32ee3ed4377596?pvs=21),Alle Charaktere werden dem Besitzer auf die Hand zurück gegeben.,Alle <kind>Charaktere</kind> werden ihrem <key>Besitzer</key> auf die <zone>Hand</zone> zurückgegeben.,"Kein Turm ist hoch genug, keine Flucht schnell genug, wenn Aqua sich erhebt – Was bleibt ist nur die Stille.",Aqua (https://www.notion.so/Aqua-8c3b1bb2cc364f6ba274d390ac8d3800?pvs=21),,,,,,2,,,,3,Slain,,,,"November 27, 2023 12:56 PM",,"July 24, 2025 8:48 PM",,C. Playtest
186,Idee,Orkan,No,Ereignis (https://www.notion.so/Ereignis-88e179fa1fd740499a32ee3ed4377596?pvs=21),"Bringe Jeden Charakter, der in Verteidigungsposition liegt in Angriffsposition, und jeden Charakter, der in Angriffsposition liegt in Verteidigungsposition",,,Aeris (https://www.notion.so/Aeris-5996f3899d7740fc809fe30a652d20c6?pvs=21),,,,,,,,,,,Slain,,,,"November 27, 2023 12:59 PM",,"April 25, 2024 8:56 PM",,
187,TCG Arena,Giftiges Dornengestrüpp,No,Ereignis (https://www.notion.so/Ereignis-88e179fa1fd740499a32ee3ed4377596?pvs=21),Alle Charaktere erhalten -25/-25 bis zum Ende des Zuges.,Alle <kind>Charaktere</kind> erhalten bis <key>Zugende</key> <stats>-25/-25</stats>.,"„Der Wald verzeiht nicht – er rächt sich.“ – Sirka Sorlissos, Hüterin der Wälder",Terra (https://www.notion.so/Terra-a6762ab5136d4598aafb8d77da6be70f?pvs=21),,,,,,,,,2,3,Slain,,,,"November 27, 2023 1:03 PM",,"July 24, 2025 8:48 PM",,C. Playtest
188,TCG Arena,Friedensstifter,No,Charakter (https://www.notion.so/Charakter-cdfda7ca52aa435bbb22610007798d2f?pvs=21),"während der Kampfphase erhalte ich Sofort Spielbar,
ich das Feld betrete, dürfen in diesem Zug keine Angriffe angesagt werden","Während der <phase>Kampfphase</phase> erhalte <self>ich</self> <ability>Sofort spielbar</ability>. <desc>Du darfst <self>mich</self> jederzeit spielen.</desc>
Wenn <self>ich</self> das <zone>Feld</zone> <key>betrete</key>, dürfen in diesem <phase>Zug</phase> keine <key>Angriffe</key> <key>angekündigt</key> werden.","Die Tradition verlangt, dass ein Friedensstifter nie Besitz oder Titel hat – nur seine Stimme, und das Gewicht seiner Neutralität.",Aqua (https://www.notion.so/Aqua-8c3b1bb2cc364f6ba274d390ac8d3800?pvs=21),10/30,20/20,,Gefolge (https://www.notion.so/Gefolge-d8ea55c1066e4abbb15b1b371bd0f320?pvs=21),,1,,,,4,Slain,Alle%20Karten%2070ddd0aaafb74f56b205e643b0901290/188.png,,,"November 27, 2023 1:05 PM",,"July 24, 2025 9:18 PM",,C. Playtest
189,TCG Arena,"Sir Tristan, Ritter von Bjartur",Yes,Charakter (https://www.notion.so/Charakter-cdfda7ca52aa435bbb22610007798d2f?pvs=21),"Einzigartig
Kann bis zu 2 Charaktere blocken.",<ability>Doppelblock</ability> <desc><self>Ich</self> darf zwei <key>Gegner</key> gleichzeitig <key>blocken</key>.</desc>,Schon manche Knechte fanden unter Sir Tristan Schutz und ihr erstes Schwert.,Terra (https://www.notion.so/Terra-a6762ab5136d4598aafb8d77da6be70f?pvs=21),20/40,20/40,,Adel (https://www.notion.so/Adel-16a95bba56ba8066bc1bc23c764d9b4b?pvs=21),,,,,1,3,Slain,,Sir Tristan (https://www.notion.so/Sir-Tristan-1cd95bba56ba80a9b138da80a9632e27?pvs=21),,"November 27, 2023 1:07 PM",,"July 6, 2025 9:56 PM",Alpha Set  (https://www.notion.so/Alpha-Set-22495bba56ba80dea926d7979a373c53?pvs=21),C. Playtest
190,Idee,Zweiköpfiger Drachenwelpe,No,Charakter (https://www.notion.so/Charakter-cdfda7ca52aa435bbb22610007798d2f?pvs=21),Darf bis zu 2 Charaktere gleichzeitig Angreifen,,,Ignis (https://www.notion.so/Ignis-ca68b053cd74404a8fa85893e505b753?pvs=21),25,10,,,,,,,,,Slain,,,,"November 27, 2023 1:08 PM",,"April 25, 2024 8:56 PM",,
192,Idee,Naldar,No,Charakter (https://www.notion.so/Charakter-cdfda7ca52aa435bbb22610007798d2f?pvs=21),"Elementarvolk, Naldar, Bündnispartner
Immer wenn ein anderes Elementarvolk ins Spiel kommt, ziehe eine Karte.",,,Aeris (https://www.notion.so/Aeris-5996f3899d7740fc809fe30a652d20c6?pvs=21),20,20,,,,,,,,,Slain,,,,"November 27, 2023 1:09 PM",,"April 25, 2024 8:56 PM",,
193,Idee,Sephor’Assil,No,Charakter (https://www.notion.so/Charakter-cdfda7ca52aa435bbb22610007798d2f?pvs=21),"Elementarvolk, Sephor’Assil, Bündnsipartner
Immer wenn ein Elementarvolk ins Spiel kommt, ziehe eine Karte.",,,Aqua (https://www.notion.so/Aqua-8c3b1bb2cc364f6ba274d390ac8d3800?pvs=21),20,20,,,,,,,,,Slain,,,,"November 27, 2023 1:10 PM",,"April 25, 2024 8:56 PM",,
194,Idee,Edalphi,No,Charakter (https://www.notion.so/Charakter-cdfda7ca52aa435bbb22610007798d2f?pvs=21),"Elementarvolk, 
Immer wenn ein Elementarvolk ins Spiel kommt, ziehe eine Karte.",,,Magica (https://www.notion.so/Magica-ba80d98941c8405d875cb3e6fdb6bf34?pvs=21),20,20,,,,,,,,,Slain,,,,"November 27, 2023 1:10 PM",,"April 25, 2024 8:56 PM",,
195,Idee,Akata,No,Charakter (https://www.notion.so/Charakter-cdfda7ca52aa435bbb22610007798d2f?pvs=21),"Elementarvolk, Akata
Immer wenn ein anders Elementarvolk ins Spiel kommt, ziehe eine Karte.",,,Ignis (https://www.notion.so/Ignis-ca68b053cd74404a8fa85893e505b753?pvs=21),20,20,,,,,,,,,Slain,,,,"November 27, 2023 1:10 PM",,"April 25, 2024 8:56 PM",,
196,Idee,Narech Tuloch,No,Charakter (https://www.notion.so/Charakter-cdfda7ca52aa435bbb22610007798d2f?pvs=21),"Elementarvolk, Narech Tuloch
Immer wenn ein Elementarvolk ins Spiel kommt, ziehe eine Karte.",,,Terra (https://www.notion.so/Terra-a6762ab5136d4598aafb8d77da6be70f?pvs=21),20,20,,,,,,,,,Slain,,,,"November 27, 2023 1:10 PM",,"April 25, 2024 8:56 PM",,
197,TCG Arena,Terraschrein des Kreislaufs,No,Manifestation (https://www.notion.so/Manifestation-01fa783543da4ed2964edb521e465bd0?pvs=21),"1,T,OPT; Nimm einen zufälligen Charakter von deinem Friedhof mit Kosten 3 oder weniger zurück auf deine Hand.",<cost><terra/><unshaped1/><opt/></cost> Nimm einen zufälligen <kind>Charakter</kind> von Deinem <zone>Friedhof</zone> mit <key>Kosten</key> 3 oder weniger zurück auf Deine <zone>Hand</zone>.,"Längst in Vergessenheit ruht der Schrein, der die Kraft des ewigen Kreislaufs in sich bündelt.",Terra (https://www.notion.so/Terra-a6762ab5136d4598aafb8d77da6be70f?pvs=21),,,,,,,,,2,2,Slain,,,,"November 27, 2023 1:14 PM",,"July 6, 2025 6:33 PM",Alpha Set  (https://www.notion.so/Alpha-Set-22495bba56ba80dea926d7979a373c53?pvs=21),C. Playtest
198,TCG Arena,"Stürmischer Aerisschrein ",No,Manifestation (https://www.notion.so/Manifestation-01fa783543da4ed2964edb521e465bd0?pvs=21),OPT; du darfst dir die oberste Karte deines Decks anschauen. Lege sie dann entweder auf oder unter dein Deck.,<cost><opt/></cost> Sieh Dir die <key>oberste Karte</key> Deines <zone>Decks</zone> an. Lege sie dann entweder auf oder unter Dein Deck.,"In den aufpeitschenden Böen des Schreins hallt das uralte Lied der Lüfte, das Visionen zukünftigen Wandels weit über die Horizonte hinausträgt.",Aeris (https://www.notion.so/Aeris-5996f3899d7740fc809fe30a652d20c6?pvs=21),,,0,,1,,,,,1,Slain,,,,"November 27, 2023 1:15 PM",,"July 6, 2025 10:23 PM",Alpha Set  (https://www.notion.so/Alpha-Set-22495bba56ba80dea926d7979a373c53?pvs=21),C. Playtest
199,Idee,Prunkvoller Aquaschrein,No,Manifestation (https://www.notion.so/Manifestation-01fa783543da4ed2964edb521e465bd0?pvs=21),Verhindere bei einem verteidigendem Charakter 25 Schaden,,,Aqua (https://www.notion.so/Aqua-8c3b1bb2cc364f6ba274d390ac8d3800?pvs=21),,,1,,,,,,,,Slain,,,,"November 27, 2023 1:17 PM",,"April 25, 2024 8:56 PM",,
200,Idee,Großer Ignisschrein,No,Manifestation (https://www.notion.so/Manifestation-01fa783543da4ed2964edb521e465bd0?pvs=21),"Immer wenn du eine Karte Ziehst, kannst du einem Charakter 30 Schaden zufügen",,,Ignis (https://www.notion.so/Ignis-ca68b053cd74404a8fa85893e505b753?pvs=21),,,1,,,,,,,,Slain,,,,"November 27, 2023 1:18 PM",,"April 25, 2024 8:56 PM",,
201,TCG Arena,Trügerischer Aqua-Brunnen,No,Manifestation (https://www.notion.so/Manifestation-01fa783543da4ed2964edb521e465bd0?pvs=21),"2,OPT; Du darfst einen Charakter auf die Hand seines Besitzers schicken.",<cost><unshaped2/><opt/></cost> Schicke einen <kind>Charakter</kind> auf die <zone>Hand</zone> seines <key>Besitzers</key>.,Sein Wasser flüstert aus bodenlosen Abgründen – tief und dunkelblau.,Aqua (https://www.notion.so/Aqua-8c3b1bb2cc364f6ba274d390ac8d3800?pvs=21),,,0,,,2,,,,1,Slain,,,,"November 27, 2023 1:20 PM","Momentan noch zu stark, weil er tapped ohne Kosten. Vorschlag Kosten: 1,A,Tap","July 7, 2025 12:00 AM",Alpha Set  (https://www.notion.so/Alpha-Set-22495bba56ba80dea926d7979a373c53?pvs=21),C. Playtest
202,Idee,Kleiner Aquaschrein,No,Manifestation (https://www.notion.so/Manifestation-01fa783543da4ed2964edb521e465bd0?pvs=21),"Zu Beginn deines Zuges darfst du einen eigenen Charakter vom Spiel auf deine Hand nehmen, und dann einen Chrakter aus deiner Hand ins Spiel bringen",,,Aqua (https://www.notion.so/Aqua-8c3b1bb2cc364f6ba274d390ac8d3800?pvs=21),,,1,,,,,,,,Slain,,,,"November 27, 2023 1:23 PM",,"April 25, 2024 8:56 PM",,
203,Idee,Prunkvoller Aerisschrein,No,Manifestation (https://www.notion.so/Manifestation-01fa783543da4ed2964edb521e465bd0?pvs=21),Zu Beginn des Kampfes darfst du einen eigenen Charakter in Angriffs- oder Verteidigungsaltung bringen,,,Aeris (https://www.notion.so/Aeris-5996f3899d7740fc809fe30a652d20c6?pvs=21),,,1,,,,,,,,Slain,,,,"November 27, 2023 1:24 PM",,"April 25, 2024 8:56 PM",,
204,Idee,Prunkvoller Ignisschrein,No,Manifestation (https://www.notion.so/Manifestation-01fa783543da4ed2964edb521e465bd0?pvs=21),Füge zu Beginn des Kampfes einem angreifenden Charakter 25 Schaden zu,,,Ignis (https://www.notion.so/Ignis-ca68b053cd74404a8fa85893e505b753?pvs=21),,,1,,,,,,,,Slain,,,,"November 27, 2023 1:27 PM",,"April 25, 2024 8:56 PM",,
205,Idee,Kleiner Ignisschrein,No,Manifestation (https://www.notion.so/Manifestation-01fa783543da4ed2964edb521e465bd0?pvs=21),Zu Beginn deines Zuges kannst du einem Charakter 25 Schaden zufügen,,,Ignis (https://www.notion.so/Ignis-ca68b053cd74404a8fa85893e505b753?pvs=21),,,1,,,,,,,,Slain,,,,"November 27, 2023 1:27 PM",,"April 25, 2024 8:56 PM",,
206,Idee,Prunkvoller Magicaschrein,No,Manifestation (https://www.notion.so/Manifestation-01fa783543da4ed2964edb521e465bd0?pvs=21),Bestimme einen Angreifer und entferne diesen aus dem Kampf,,,Magica (https://www.notion.so/Magica-ba80d98941c8405d875cb3e6fdb6bf34?pvs=21),,,1,,,,,,,,Slain,,,,"November 27, 2023 1:31 PM",,"April 25, 2024 8:56 PM",,
207,Idee,Prunkvoller Terraschrein,No,Manifestation (https://www.notion.so/Manifestation-01fa783543da4ed2964edb521e465bd0?pvs=21),Ein angreifender Charakter deiner Wahl erhält +25 Angriff,,,Terra (https://www.notion.so/Terra-a6762ab5136d4598aafb8d77da6be70f?pvs=21),,,1,,,,,,,,Slain,,,,"November 27, 2023 1:32 PM",,"April 25, 2024 8:56 PM",,
208,Idee,Großer Aerisschrein,No,Manifestation (https://www.notion.so/Manifestation-01fa783543da4ed2964edb521e465bd0?pvs=21),"Immer wenn du eine Karte ziehst, darfst du eine zusätzliche Karte ziehen.",,,Aeris (https://www.notion.so/Aeris-5996f3899d7740fc809fe30a652d20c6?pvs=21),,,1,,,,,,,,Slain,,,,"November 27, 2023 1:34 PM",,"April 25, 2024 8:56 PM",,
209,Idee,Großer Aquaschrein,No,Manifestation (https://www.notion.so/Manifestation-01fa783543da4ed2964edb521e465bd0?pvs=21),"Immer wenn du eine Karte ziehst, darfst du eine Gegnerische Kreatur in Angriffsposition bringen.",,,Aqua (https://www.notion.so/Aqua-8c3b1bb2cc364f6ba274d390ac8d3800?pvs=21),,,1,,,,,,,,Slain,,,,"November 27, 2023 1:37 PM",,"April 25, 2024 8:56 PM",,
210,Idee,Großer Terraschrein,No,Manifestation (https://www.notion.so/Manifestation-01fa783543da4ed2964edb521e465bd0?pvs=21),"Immer wenn du eine Karte ziehst, darfst du eine Charakterkarte aus deinem Friedhof auf die Hand nehmen",,,Terra (https://www.notion.so/Terra-a6762ab5136d4598aafb8d77da6be70f?pvs=21),,,1,,,,,,,,Slain,,,,"November 27, 2023 1:39 PM",,"April 25, 2024 8:56 PM",,
211,TCG Arena,Großer Magicaschrein,No,Manifestation (https://www.notion.so/Manifestation-01fa783543da4ed2964edb521e465bd0?pvs=21),"Bannkreis 1
Immer wenn du eine Karte ziehst, darfst du eine Ereignis- oder Manifestationskarte aus deinem Friedhof auf die Hand nehmen.","<ability>Bannkreis 1</ability> <desc>Ich <key>betrete</key> das <zone>Feld</zone> mit 1 <key>Bannkreis</key>, der allen <key>Schaden</key> abwehrt.</desc>
Immer wenn Du eine <key>Karte</key> ziehst, darfst Du eine <kind>Ereignis-</kind> oder <kind>Manifestationskarte</kind> aus Deinem <zone>Friedhof</zone> auf Deine <zone>Hand</zone> nehmen.",,Magica (https://www.notion.so/Magica-ba80d98941c8405d875cb3e6fdb6bf34?pvs=21),,,1,,,,,4,,4,Slain,,,,"November 27, 2023 1:40 PM",,"July 24, 2025 8:56 PM",,
212,Idee,Tempel der Fünf,No,Manifestation (https://www.notion.so/Manifestation-01fa783543da4ed2964edb521e465bd0?pvs=21),Jeder Elementar produziert ein zusätzliches Element seiner Art.,,,Ungeprägt (https://www.notion.so/Ungepr-gt-2fd48ac2c29b47108245679f33342673?pvs=21),,,1,,,,,,,,Slain,,,,"November 27, 2023 1:41 PM",,"April 25, 2024 8:56 PM",,
213,TCG Arena,Zeitspiel,No,Ereignis (https://www.notion.so/Ereignis-88e179fa1fd740499a32ee3ed4377596?pvs=21),"Ziehe eine Karte.
Du darfst in diesem Zug eine zusätzliche Elementarkarte legen.","<key>Ziehe</key> eine <key>Karte</key>.
Du darfst in diesem <key>Zug</key> eine zusätzliche <key>Elementarkarte</key> legen.","Der Sand der Zeit öffnet nicht nur Pfade in die Zukunft – er lässt uns auch erkennen, wie viel Potenzial schon in einem einzigen Augenblick steckt.",Aeris (https://www.notion.so/Aeris-5996f3899d7740fc809fe30a652d20c6?pvs=21),,,,,2,,,,,1,Slain,Alle%20Karten%2070ddd0aaafb74f56b205e643b0901290/213.png,,,"November 27, 2023 1:44 PM",,"July 24, 2025 10:15 PM",,C. Playtest
215,TCG Arena,Den Kreislauf ehren,No,Ereignis (https://www.notion.so/Ereignis-88e179fa1fd740499a32ee3ed4377596?pvs=21),Zerstöre einen nicht-einzigartigen Charakter.,<key>Zerstöre</key> einen <key>nicht-einzigartigen</key> <kind>Charakter</kind>.,"Der Kreislauf schließt Dich mit ein, gleich ob Du ihn segnest oder verfluchst. Und an jedem Ende glimmt ein neues Morgenrot.",Terra (https://www.notion.so/Terra-a6762ab5136d4598aafb8d77da6be70f?pvs=21),,,,,,,,,2,2,Slain,,,,"November 27, 2023 1:46 PM",,"July 6, 2025 6:34 PM",Alpha Set  (https://www.notion.so/Alpha-Set-22495bba56ba80dea926d7979a373c53?pvs=21),C. Playtest
216,Idee,Den Ausgleich schaffen,No,Ereignis (https://www.notion.so/Ereignis-88e179fa1fd740499a32ee3ed4377596?pvs=21),"Jeder Spieler opfert so viele Elementare, bis er so viele Elementare hat wie der Spieler mit den wenigsten Elementaren.
Dann wiederhole das Vorgehen für Charaktere und Manifestationen.",,,Magica (https://www.notion.so/Magica-ba80d98941c8405d875cb3e6fdb6bf34?pvs=21),,,,,,,,,,,Slain,,,,"November 27, 2023 1:47 PM",,"April 25, 2024 8:56 PM",,
217,Revision,Kraft tanken,No,Ereignis (https://www.notion.so/Ereignis-88e179fa1fd740499a32ee3ed4377596?pvs=21),Du darfst zwei Karten ziehen,,,Aqua (https://www.notion.so/Aqua-8c3b1bb2cc364f6ba274d390ac8d3800?pvs=21),,,,,,2,,,,1,Slain,,,,"November 27, 2023 1:49 PM",,"May 18, 2025 4:16 PM",,
218,Idee,Duell-Arena,No,Manifestation (https://www.notion.so/Manifestation-01fa783543da4ed2964edb521e465bd0?pvs=21),Bestimme zu Beginn deines Zuges einen eigenen und einen gegnerischen Charakter. Diese zwei Charaktere führen sofort einen Kampf aus.,,,Ignis (https://www.notion.so/Ignis-ca68b053cd74404a8fa85893e505b753?pvs=21),,,1,,,,,,,,Slain,,,,"November 27, 2023 1:49 PM",,"April 25, 2024 8:56 PM",,
219,TCG Arena,Elementare Täuschung,No,Ereignis (https://www.notion.so/Ereignis-88e179fa1fd740499a32ee3ed4377596?pvs=21),"Ein Charakter deiner wahl, ist in diesen Zug unblockbar. Ist er nicht vom Element Aqua kann er nur Charakter und Manifestationen angreifen. ","Ein <kind>Charakter</kind> Deiner Wahl ist in diesem <key>Zug</key> <ability>Unblockbar</ability>. <desc>Der <kind>Charakter</kind> kann nicht <key>geblockt</key> werden.</desc> Ist er nicht vom <key>Element</key> <aqua/>, kann er nur <kind>Charaktere</kind> und <kind>Manifestationen</kind> <key>angreifen</key>.","Niemand vermag es, den Schleier Aquas völlig zu durchblicken.",Aqua (https://www.notion.so/Aqua-8c3b1bb2cc364f6ba274d390ac8d3800?pvs=21),,,,,,2,,,,2,Slain,Alle%20Karten%2070ddd0aaafb74f56b205e643b0901290/219.png,,,"November 27, 2023 1:51 PM",,"July 6, 2025 10:29 PM",Alpha Set  (https://www.notion.so/Alpha-Set-22495bba56ba80dea926d7979a373c53?pvs=21),
220,Playtest,Das Gleichgewicht wahren,No,Ereignis (https://www.notion.so/Ereignis-88e179fa1fd740499a32ee3ed4377596?pvs=21),"Sofort spielbar
Verhindere, dass ein Charakter, ein Ereignis oder eine Manifestation ins Spiel kommt, wenn der Gegner nicht X zahlt.",,,Magica (https://www.notion.so/Magica-ba80d98941c8405d875cb3e6fdb6bf34?pvs=21),,,,,,,,2,,X,Slain,Alle%20Karten%2070ddd0aaafb74f56b205e643b0901290/220.png,,,"November 27, 2023 1:53 PM",,"May 17, 2025 5:23 PM",,C. Playtest
221,TCG Arena,“Halt!”,No,Ereignis (https://www.notion.so/Ereignis-88e179fa1fd740499a32ee3ed4377596?pvs=21),"Sofort spielbar
Verhindere, dass ein Charakter ins Spiel kommt.
Die gezielte karte wird auf den Friedhof gelegt","<ability>Sofort spielbar</ability> <desc>Du darfst <self>mich</self> jederzeit spielen.</desc>
Verhindere, dass ein <kind>Charakter</kind> ins <key>Spiel</key> kommt. Diese <kind>Karte</kind> wird dann in den <zone>Friedhof</zone> gelegt.","Vielleicht schützt die Torwache nicht die Stadt vor uns – sondern uns vor dem, was jenseits liegt. Vielleicht fürchten sie nicht uns, sondern wir, was dahinter lauert.",Magica (https://www.notion.so/Magica-ba80d98941c8405d875cb3e6fdb6bf34?pvs=21),,,,,,,,2,,1,Slain,Alle%20Karten%2070ddd0aaafb74f56b205e643b0901290/221.png,,,"November 27, 2023 1:54 PM",,"July 24, 2025 9:19 PM",,C. Playtest
222,TCG Arena,Magiezucken,No,Ereignis (https://www.notion.so/Ereignis-88e179fa1fd740499a32ee3ed4377596?pvs=21),"Sofort spielbar
Verhindere, dass ein Charakter, ein Ereignis oder eine Manifestation ins Spiel kommt, wenn dessen Urheber nicht 3 Elemente ausgibt.
(Die verhinderte Karte wird in den Friedhof gelegt.)","<ability>Sofort spielbar</ability> <desc>Du darfst <self>mich</self> jederzeit spielen.</desc>
Verhindere, dass ein <kind>Charakter</kind>, ein <kind>Ereignis</kind> oder eine <kind>Manifestation</kind> ins Spiel kommt, wenn dessen Urheber nicht <unshaped3/> ausgibt. Die verhinderte <kind>Karte</kind> wird in den <zone>Friedhof</zone> gelegt.",,Magica (https://www.notion.so/Magica-ba80d98941c8405d875cb3e6fdb6bf34?pvs=21),,,,,,,,2,,,Slain,Alle%20Karten%2070ddd0aaafb74f56b205e643b0901290/222.png,,,"November 27, 2023 1:55 PM",,"July 24, 2025 9:22 PM",,C. Playtest
223,Playtest,Vorstürmen,No,Ereignis (https://www.notion.so/Ereignis-88e179fa1fd740499a32ee3ed4377596?pvs=21),Lege die oberste Karte von deinem Deck als Elementarkarte in deine Elementarzone.,,,Ignis (https://www.notion.so/Ignis-ca68b053cd74404a8fa85893e505b753?pvs=21),,,,,,,1,,,2,Slain,Alle%20Karten%2070ddd0aaafb74f56b205e643b0901290/223.png,,,"November 27, 2023 1:56 PM",,"May 17, 2025 5:23 PM",,C. Playtest
224,TCG Arena,Nachwachsen,No,Ereignis (https://www.notion.so/Ereignis-88e179fa1fd740499a32ee3ed4377596?pvs=21),"Sofort spielbar
Bringe einen Charakter, der diesen Zug gestorben ist vom Friedhof in Angrffsposition zurück aufs Feld","<ability>Sofort spielbar</ability> <desc>Du darfst <self>mich</self> jederzeit spielen.</desc>
Bringe einen <kind>Charakter</kind>, der diesen <key>Zug</key> <key>gestorben</key> ist, vom <zone>Friedhof</zone> in <key>Angriffsposition</key> zurück aufs <zone>Feld</zone>.","Wo Terra will, wächst Hoffnung selbst aus toter Asche.",Terra (https://www.notion.so/Terra-a6762ab5136d4598aafb8d77da6be70f?pvs=21),,,,,,,,,2,1,Slain,,,,"November 27, 2023 1:56 PM",,"July 6, 2025 10:14 PM",Alpha Set  (https://www.notion.so/Alpha-Set-22495bba56ba80dea926d7979a373c53?pvs=21),
225,Playtest,Mystische Frucht Terras,No,Ereignis (https://www.notion.so/Ereignis-88e179fa1fd740499a32ee3ed4377596?pvs=21),"Sofort spielbar
Ein Charakter erhält 30 Angriff oder 30 Verteidigung bis zum Ende des Zuges.",,,Terra (https://www.notion.so/Terra-a6762ab5136d4598aafb8d77da6be70f?pvs=21),,,,,,,,,2,2,Slain,,,,"November 27, 2023 2:00 PM",,"May 17, 2025 5:23 PM",,C. Playtest
226,Playtest,Die Sanduhr drehen,No,Ereignis (https://www.notion.so/Ereignis-88e179fa1fd740499a32ee3ed4377596?pvs=21),"Ziehe 2 Karten, dann leg 2 Karten aus deiner Hand unter dein Deck",,,Aeris (https://www.notion.so/Aeris-5996f3899d7740fc809fe30a652d20c6?pvs=21),,,,,1,,,,,1,Slain,,,,"November 27, 2023 2:02 PM",,"May 17, 2025 5:23 PM",,C. Playtest
227,Revision,Schubsen,No,Ereignis (https://www.notion.so/Ereignis-88e179fa1fd740499a32ee3ed4377596?pvs=21),Bringe einen Charakter oder eine Elementarkarte deiner Wahl zurück auf die Hand ihres Besitzers,,,Aqua (https://www.notion.so/Aqua-8c3b1bb2cc364f6ba274d390ac8d3800?pvs=21),,,,,,1,,,,2,Slain,Alle%20Karten%2070ddd0aaafb74f56b205e643b0901290/227.png,,,"November 27, 2023 2:04 PM",,"May 18, 2025 4:46 PM",,C. Playtest
228,Idee,Schneller Stoß,No,Ereignis (https://www.notion.so/Ereignis-88e179fa1fd740499a32ee3ed4377596?pvs=21),"Sofort Spielbar,
Bringe eine Charakterkarte zurück auf die Hand ihres Besitzers",,,Aqua (https://www.notion.so/Aqua-8c3b1bb2cc364f6ba274d390ac8d3800?pvs=21),,,,,,,,,,,Slain,,,,"November 27, 2023 2:05 PM",,"April 25, 2024 8:56 PM",,
229,Playtest,Irreführung,No,Ereignis (https://www.notion.so/Ereignis-88e179fa1fd740499a32ee3ed4377596?pvs=21),"Sofort Spielbar
Ändere das Angriffsziel eines Charakters",,,Aqua (https://www.notion.so/Aqua-8c3b1bb2cc364f6ba274d390ac8d3800?pvs=21),,,,,,2,,,,2,Slain,,,,"November 27, 2023 2:07 PM",,"May 17, 2025 5:23 PM",,C. Playtest
230,Idee,Lona,No,Charakter (https://www.notion.so/Charakter-cdfda7ca52aa435bbb22610007798d2f?pvs=21),"Elementarvolk, Lona",,,Ignis (https://www.notion.so/Ignis-ca68b053cd74404a8fa85893e505b753?pvs=21),35,20,,,,,,,,,Slain,,,,"November 27, 2023 2:08 PM",,"April 25, 2024 8:56 PM",,
231,Idee,Shir Tanar,No,Charakter (https://www.notion.so/Charakter-cdfda7ca52aa435bbb22610007798d2f?pvs=21),"Elementarvolk, Shir Tanar",,,Aeris (https://www.notion.so/Aeris-5996f3899d7740fc809fe30a652d20c6?pvs=21),35,20,,,,,,,,,Slain,,,,"November 27, 2023 2:09 PM",,"April 25, 2024 8:56 PM",,
232,Idee,Linesti,No,Charakter (https://www.notion.so/Charakter-cdfda7ca52aa435bbb22610007798d2f?pvs=21),"Elementarvolk, Linesti",,,Aqua (https://www.notion.so/Aqua-8c3b1bb2cc364f6ba274d390ac8d3800?pvs=21),30,30,,,,,,,,,Slain,,,,"November 27, 2023 2:10 PM",,"April 25, 2024 8:56 PM",,
233,Idee,Eliondar,No,Charakter (https://www.notion.so/Charakter-cdfda7ca52aa435bbb22610007798d2f?pvs=21),"Elementarvolk, Eliondar",,,Magica (https://www.notion.so/Magica-ba80d98941c8405d875cb3e6fdb6bf34?pvs=21),20,35,,,,,,,,,Slain,,,,"November 27, 2023 2:11 PM",,"April 25, 2024 8:56 PM",,
234,Idee,Boro Mardar,No,Charakter (https://www.notion.so/Charakter-cdfda7ca52aa435bbb22610007798d2f?pvs=21),"Elementarvolk, Boro Madar",,,Terra (https://www.notion.so/Terra-a6762ab5136d4598aafb8d77da6be70f?pvs=21),20,35,,,,,,,,,Slain,,,,"November 27, 2023 2:11 PM",,"April 25, 2024 8:56 PM",,
235,TCG Arena,Feuertänzerin,No,Charakter (https://www.notion.so/Charakter-cdfda7ca52aa435bbb22610007798d2f?pvs=21),"Zu beginn deiner Angriffsphase darfst du dich entscheiden, dass ich nicht angreife, dafür erhalten alle befreundeten Ignis-Angreifer +15/0 bis zum Ende des Zuges.","Zu Beginn Deiner <phase>Angriffsphase</phase> darfst Du entscheiden, dass <self>ich</self> nicht <key>angreife</key>. Dafür erhalten alle <key>befreundeten</key> <ignis>-Angreifer bis <key>Zugende</key> <stats>+15/+0</stats>.",,Ignis (https://www.notion.so/Ignis-ca68b053cd74404a8fa85893e505b753?pvs=21),20/20,20/20,,Gefolge (https://www.notion.so/Gefolge-d8ea55c1066e4abbb15b1b371bd0f320?pvs=21),,,2,,,2,Slain,,,,"November 27, 2023 2:12 PM",,"July 24, 2025 9:26 PM",,C. Playtest
237,Playtest,Flammentanz,No,Ereignis (https://www.notion.so/Ereignis-88e179fa1fd740499a32ee3ed4377596?pvs=21),Zerstöre einen Schild,,,Ignis (https://www.notion.so/Ignis-ca68b053cd74404a8fa85893e505b753?pvs=21),,,,,,,4,,,4,Slain,,,,"November 27, 2023 2:16 PM",,"May 17, 2025 5:23 PM",,C. Playtest
238,Idee,Zeitsprung,No,Ereignis (https://www.notion.so/Ereignis-88e179fa1fd740499a32ee3ed4377596?pvs=21),Mische alle Charaktere und Manifestationen in des Deck des Besitzers zurück.,,,Aeris (https://www.notion.so/Aeris-5996f3899d7740fc809fe30a652d20c6?pvs=21),,,,,,,,,,,Slain,,,,"November 27, 2023 2:17 PM",,"September 24, 2024 8:51 PM",,
239,Idee,Kriegslist,No,Ereignis (https://www.notion.so/Ereignis-88e179fa1fd740499a32ee3ed4377596?pvs=21),Schicke jeden Charakter auf die Hand seines Besitzers zurück.,,,Aqua (https://www.notion.so/Aqua-8c3b1bb2cc364f6ba274d390ac8d3800?pvs=21),,,,,,,,,,,Slain,,,,"November 27, 2023 2:19 PM",,"April 25, 2024 8:56 PM",,
240,Idee,Sternenfall,No,Ereignis (https://www.notion.so/Ereignis-88e179fa1fd740499a32ee3ed4377596?pvs=21),Du erhälst nach diesem Zug einen Extrazug,,,Magica (https://www.notion.so/Magica-ba80d98941c8405d875cb3e6fdb6bf34?pvs=21),,,,,,,,,,,Slain,,,,"November 27, 2023 2:20 PM",,"April 25, 2024 8:56 PM",,
242,Idee,Den Schmerz tragen,No,Ereignis (https://www.notion.so/Ereignis-88e179fa1fd740499a32ee3ed4377596?pvs=21),Bringe alle Charaktere aus allen Friedhöfen unter der Kontrolle ihrer Besitzer ins Spiel,,,Terra (https://www.notion.so/Terra-a6762ab5136d4598aafb8d77da6be70f?pvs=21),,,,,,,,,,,Slain,,,,"November 27, 2023 2:24 PM",,"April 25, 2024 8:56 PM",,
244,Idee,Waffenmeister Aeris,No,Charakter (https://www.notion.so/Charakter-cdfda7ca52aa435bbb22610007798d2f?pvs=21),"Waffenmeister
Wenn er sich im Kampf mit nur einem Charakter befindet, erhält er +30 Angriff und +30 Verteidigung",,,Aeris (https://www.notion.so/Aeris-5996f3899d7740fc809fe30a652d20c6?pvs=21),25,25,,,,,,,,,Slain,,,,"December 7, 2023 9:01 PM",,"April 25, 2024 8:56 PM",,
245,Idee,Kind des Windes,No,Charakter (https://www.notion.so/Charakter-cdfda7ca52aa435bbb22610007798d2f?pvs=21),Zu Beginn deines Zuges: Zeige die oberste Karte von deinem Deck vor. Kind des Windes erhält Angriffspunkte 10X den Elementarkosten bis zum Ende deines Zuges. Lege die vorgezeigte Karte entweder auf oder unter das Deck.,,,Aeris (https://www.notion.so/Aeris-5996f3899d7740fc809fe30a652d20c6?pvs=21),10,10,,,,,,,,,Timon,,,,"December 11, 2023 9:30 AM",,"April 25, 2024 8:56 PM",,
246,TCG Arena,Kraftkugelsammler,No,Charakter (https://www.notion.so/Charakter-cdfda7ca52aa435bbb22610007798d2f?pvs=21),"Am Ende deines Zuges kannst du eine Kraftkugel aus deinem Friedhof aus dem Spiel entfernen. Durchsuche dann dein Deck nach einer Kraftkugel eines anderen Elements, zeige sie offen vor und nimm sie auf deine Hand. Mische danach dein Deck.","Am Ende Deines <key>Zuges</key> kannst Du eine <name>Kraftkugel</name> aus Deinem <zone>Friedhof</zone> ins <key>Exil</key> schicken. Durchsuche dann Dein <zone>Deck</zone> nach einer <name>Kraftkugel</name> eines anderen <key>Elements</key>, zeige sie offen vor und nimm sie auf Deine <zone>Hand</zone>.",Ihr Besitz gilt als Verbrechen in vielen Reichen. Und trotzdem muss er sie alle besitzen.,Ungeprägt (https://www.notion.so/Ungepr-gt-2fd48ac2c29b47108245679f33342673?pvs=21),10/20,10/30,,Schurke (https://www.notion.so/Schurke-1e195bba56ba806fa7aced1705844813?pvs=21),,,,,,3,Timon,Alle%20Karten%2070ddd0aaafb74f56b205e643b0901290/246.png,,,"December 11, 2023 2:25 PM","Schwiriger trigger, nur in drei farbigen decks sinnvoll. Idee anderst umsetzen","July 6, 2025 10:34 PM",Alpha Set  (https://www.notion.so/Alpha-Set-22495bba56ba80dea926d7979a373c53?pvs=21),C. Revision
249,Idee,Waffenmeister Magica,No,Charakter (https://www.notion.so/Charakter-cdfda7ca52aa435bbb22610007798d2f?pvs=21),"Waffenmeister
Wenn er sich im Kampf mit nur einem Charakter befindet, erhält er +30 Angriff und +30 Verteidigung",,,Magica (https://www.notion.so/Magica-ba80d98941c8405d875cb3e6fdb6bf34?pvs=21),25,25,,,,,,,,,Slain,,,,"December 11, 2023 8:16 PM",,"April 25, 2024 8:57 PM",,
250,Idee,Waffenmeister Terra,No,Charakter (https://www.notion.so/Charakter-cdfda7ca52aa435bbb22610007798d2f?pvs=21),"Waffenmeister
Wenn er sich im Kampf mit nur einem Charakter befindet, erhält er +30 Angriff und +30 Verteidigung",,,Terra (https://www.notion.so/Terra-a6762ab5136d4598aafb8d77da6be70f?pvs=21),25,25,,,,,,,,,Slain,,,,"December 11, 2023 8:16 PM",,"April 25, 2024 8:57 PM",,
251,Idee,Waffenmeister von Ignis,No,Charakter (https://www.notion.so/Charakter-cdfda7ca52aa435bbb22610007798d2f?pvs=21),"Waffenmeister
Wenn er sich im Kampf mit nur einem Charakter befindet, erhält er +30 Angriff und +30 Verteidigung",,,Ignis (https://www.notion.so/Ignis-ca68b053cd74404a8fa85893e505b753?pvs=21),25,25,,,,,,,,,Slain,,,,"December 11, 2023 8:16 PM",,"April 25, 2024 8:57 PM",,
252,Idee,Waffenmeister Aqua,No,Charakter (https://www.notion.so/Charakter-cdfda7ca52aa435bbb22610007798d2f?pvs=21),"Waffenmeister
Wenn er sich im Kampf mit nur einem Charakter befindet, erhält er +30 Angriff und +30 Verteidigung",,,Aqua (https://www.notion.so/Aqua-8c3b1bb2cc364f6ba274d390ac8d3800?pvs=21),25,25,,,,,,,,,Slain,,,,"December 11, 2023 8:16 PM",,"April 25, 2024 8:57 PM",,
253,Idee,Arena der Waffenmeister,No,Manifestation (https://www.notion.so/Manifestation-01fa783543da4ed2964edb521e465bd0?pvs=21),"Solange die Arena der Waffenmeister im Spiel ist, erhält kein Waffenmeister Kampfschaden",,,Ungeprägt (https://www.notion.so/Ungepr-gt-2fd48ac2c29b47108245679f33342673?pvs=21),,,1,,,,,,,,Slain,,,,"December 11, 2023 8:18 PM",,"April 25, 2024 8:57 PM",,
254,Idee,Schreckensklinge der Jagd,No,Charakter (https://www.notion.so/Charakter-cdfda7ca52aa435bbb22610007798d2f?pvs=21),"Schreckensklinge, Bündnispartner
Jeder Charakter wird vernichtet, der durch eine Schreckensklinge Schaden bekommen hat.",,,Aeris (https://www.notion.so/Aeris-5996f3899d7740fc809fe30a652d20c6?pvs=21),35,20,,,,,,,,,Slain,,,,"December 11, 2023 8:21 PM",,"April 25, 2024 8:56 PM",,
255,Idee,Schreckensklinge des Traums,No,Charakter (https://www.notion.so/Charakter-cdfda7ca52aa435bbb22610007798d2f?pvs=21),"Schreckensklinge, Bündnispartner
Jeder Charakter wird vernichtet, der durch eine Schreckensklinge Schaden bekommen hat.",,,Aqua (https://www.notion.so/Aqua-8c3b1bb2cc364f6ba274d390ac8d3800?pvs=21),20,35,,,,,,,,,Slain,,,,"December 11, 2023 8:23 PM",,"April 25, 2024 8:57 PM",,
257,Playtest,Spontane Kreativität,No,Ereignis (https://www.notion.so/Ereignis-88e179fa1fd740499a32ee3ed4377596?pvs=21),"Sofort spielbar
Tausche Angriffs und Verteidigungswert eines Charakters bis zum Ende des Zuges",,,Aqua (https://www.notion.so/Aqua-8c3b1bb2cc364f6ba274d390ac8d3800?pvs=21),,,,,,1,,,,2,Slain,,,,"December 11, 2023 8:29 PM",,"May 17, 2025 5:22 PM",,C. Playtest
258,Idee,Bündnisschrein,No,Manifestation (https://www.notion.so/Manifestation-01fa783543da4ed2964edb521e465bd0?pvs=21),"Solange der Bündnisschrein im Spiel ist, erhalten alle Bündnispartner +15 Angriff und +15 Verteidigung",,,"Aqua (https://www.notion.so/Aqua-8c3b1bb2cc364f6ba274d390ac8d3800?pvs=21), Aeris (https://www.notion.so/Aeris-5996f3899d7740fc809fe30a652d20c6?pvs=21)",,,1,,,,,,,,Slain,,,,"December 11, 2023 8:32 PM",,"April 25, 2024 8:56 PM",,
259,Idee,Marius Menzen,Yes,Charakter (https://www.notion.so/Charakter-cdfda7ca52aa435bbb22610007798d2f?pvs=21),"Einzigartig, Schreckensklinge, Bündnispartner, Eisern, Säulen des Südens, Kleriker
Wenn Marius Menzen nicht geblockt wird, erhält er +15 Angriff ",,,Aqua (https://www.notion.so/Aqua-8c3b1bb2cc364f6ba274d390ac8d3800?pvs=21),35,20,,,,,,,,,Slain,,,,"December 11, 2023 8:39 PM",,"July 3, 2025 3:15 PM",,
260,Playtest,Aeris-Duellant,No,Charakter (https://www.notion.so/Charakter-cdfda7ca52aa435bbb22610007798d2f?pvs=21),"Angreifer.
Darf nur Charaktere angreifen.",,,Aeris (https://www.notion.so/Aeris-5996f3899d7740fc809fe30a652d20c6?pvs=21),30/20,-/-,,Krieger (https://www.notion.so/Krieger-86700da5b47d4073ae8e37cc896f9162?pvs=21),1,,,,,1,Slain,Alle%20Karten%2070ddd0aaafb74f56b205e643b0901290/260.png,,,"December 11, 2023 8:51 PM",,"May 17, 2025 5:23 PM",,C. Playtest
262,Idee,Magica-Duellant,No,Charakter (https://www.notion.so/Charakter-cdfda7ca52aa435bbb22610007798d2f?pvs=21),Angreifer,,,Magica (https://www.notion.so/Magica-ba80d98941c8405d875cb3e6fdb6bf34?pvs=21),35,5,,,,,,,,,Slain,,,,"December 11, 2023 8:55 PM",,"September 27, 2024 8:35 PM",,
263,Idee,Terra-Duellant,No,Charakter (https://www.notion.so/Charakter-cdfda7ca52aa435bbb22610007798d2f?pvs=21),Angreifer,,,Terra (https://www.notion.so/Terra-a6762ab5136d4598aafb8d77da6be70f?pvs=21),35,5,,,,,,,,,Slain,,,,"December 11, 2023 8:55 PM",,"September 27, 2024 8:35 PM",,
264,Idee,Ignis-Duellant,No,Charakter (https://www.notion.so/Charakter-cdfda7ca52aa435bbb22610007798d2f?pvs=21),Angreifer,,,Ignis (https://www.notion.so/Ignis-ca68b053cd74404a8fa85893e505b753?pvs=21),35,5,,,,,,,,,Slain,,,,"December 11, 2023 8:55 PM",,"September 27, 2024 8:35 PM",,
265,Idee,Aqua-Duellant,No,Charakter (https://www.notion.so/Charakter-cdfda7ca52aa435bbb22610007798d2f?pvs=21),Angreifer,,,Aqua (https://www.notion.so/Aqua-8c3b1bb2cc364f6ba274d390ac8d3800?pvs=21),35,5,,,,,,,,,Slain,,,,"December 11, 2023 8:55 PM",,"September 27, 2024 8:35 PM",,
266,Backup,"Johannes von der Schaufel, der Duellant (alt)",Yes,Charakter (https://www.notion.so/Charakter-cdfda7ca52aa435bbb22610007798d2f?pvs=21),"Einzigartig, Krieger, Eisern, Wolfswacht
Darf nur Charaktere angreifen, Muss in Angriffsposition liegen
Johannes von der Schaufel kann nicht geblockt werden und muss immer den stärksten Gegner angreifen.",,,Ignis (https://www.notion.so/Ignis-ca68b053cd74404a8fa85893e505b753?pvs=21),55,10,,,,,,,,,Slain,,,,"December 11, 2023 9:32 PM",,"July 3, 2025 3:15 PM",,
268,Idee,Fluch Mondenhains,No,Manifestation (https://www.notion.so/Manifestation-01fa783543da4ed2964edb521e465bd0?pvs=21),"Nur Spielbar, wenn du ein Charakter aus Mondenhain im Spiel hast.
Der verfluchte Charakter kann nicht Angreifen oder Blocken",,,Terra (https://www.notion.so/Terra-a6762ab5136d4598aafb8d77da6be70f?pvs=21),,,1,,,,,,,,Slain,,,,"December 14, 2023 9:56 PM",,"April 25, 2024 8:57 PM",,
271,Playtest,Ignis-Fanatiker,No,Charakter (https://www.notion.so/Charakter-cdfda7ca52aa435bbb22610007798d2f?pvs=21),"Als zusätzliche kosten, um mich auszuspielen, lege 1 Karte von deiner Hand unter das Deck. 
Jedes mal wenn ich angreife, ziehe eine Karte.",,,Ignis (https://www.notion.so/Ignis-ca68b053cd74404a8fa85893e505b753?pvs=21),30/30,20/20,,Krieger (https://www.notion.so/Krieger-86700da5b47d4073ae8e37cc896f9162?pvs=21),,,2,,,1,Timon,Alle%20Karten%2070ddd0aaafb74f56b205e643b0901290/271.png,,,"December 16, 2023 2:46 PM",,"July 3, 2025 12:56 PM",,C. Playtest
272,Idee,Eron von Grauenfurt (Alt),Yes,Charakter (https://www.notion.so/Charakter-cdfda7ca52aa435bbb22610007798d2f?pvs=21),"Einzigartig, Eisern, Kleriker
Wenn Eron von Grauenfurt ins Spiel kommt, zerstören einen Charakter, der nicht Eisern ist.",,,Ignis (https://www.notion.so/Ignis-ca68b053cd74404a8fa85893e505b753?pvs=21),15,30,,,,,,,,,Slain,,,,"December 18, 2023 8:32 PM",,"July 3, 2025 3:15 PM",,
273,TCG Arena,"Meléthin, die stürmische Gefährtin",Yes,Charakter (https://www.notion.so/Charakter-cdfda7ca52aa435bbb22610007798d2f?pvs=21),"Einzgartig
Ich kann nicht alleine angreifen.
Wenn ich angreife, erhalten alle anderen Angreifer +10/+10 bis zum ende des Zuges.
Charaktere mit Stärkewert “0” dürfen angriffe deklarieren.","<self>Ich</self> kann nicht alleine <key>angreifen</key>. Wenn <self>ich</self> <key>angreife</key>, erhalten alle anderen <key>angreifenden</key> Charaktere bis <key>Zugende</key> <stats>+10/+10</stats>. <kind>Charaktere</kind> mit <key>Stärkewert</key> <stat>0</stat> dürfen <key>Angriffe</key> <key>deklarieren</key>.","“Gemeinsam entfesseln wir den Sturm, der die Verfemten verschlingen wird.”",Aeris (https://www.notion.so/Aeris-5996f3899d7740fc809fe30a652d20c6?pvs=21),30/40,30/40,,"Magier (https://www.notion.so/Magier-3a53f2f6a1ef426b8a25520ab3d354b1?pvs=21), Abenteurer (https://www.notion.so/Abenteurer-18c618e1fbc44737ad118d41cdbfa787?pvs=21)",2,,,,,2,Slain,Alle%20Karten%2070ddd0aaafb74f56b205e643b0901290/12f9451a9b82-FB_IMG_1702551837162.jpg,Meléthin Meluireth Elenil (https://www.notion.so/Mel-thin-Meluireth-Elenil-1cd95bba56ba808480dfca8f8856cea5?pvs=21),,"December 18, 2023 8:35 PM",,"July 23, 2025 6:11 PM",Alpha Set  (https://www.notion.so/Alpha-Set-22495bba56ba80dea926d7979a373c53?pvs=21),C. Playtest
274,Idee,Phillip Altdorf (Alt),Yes,Charakter (https://www.notion.so/Charakter-cdfda7ca52aa435bbb22610007798d2f?pvs=21),"Einzigartig, Krieger, Eisern, Säulen des Südens
Opfere Phillip Altdorf, wenn du ein Fey, Tierwesen oder Chaosanhänger im Spiel hast. 
Kann keine Magier angreifen.
Wenn Phillip Altdorf im Spiel ist, erhält [Keroth] + 20 Angriff und Verteidigung",,,Aeris (https://www.notion.so/Aeris-5996f3899d7740fc809fe30a652d20c6?pvs=21),15,25,,,,,,,,,Slain,,,,"December 18, 2023 8:38 PM",,"July 3, 2025 3:14 PM",,
275,Idee,Ecthelias,Yes,Charakter (https://www.notion.so/Charakter-cdfda7ca52aa435bbb22610007798d2f?pvs=21),"Einzigartig, Krieger, Schreckensklinge, Bündnispartner
Wenn Ecthelias im Spiel ist, erhalten alle anderen befreundeten Krieger +10 Angriff und Verteidigung",,,Aeris (https://www.notion.so/Aeris-5996f3899d7740fc809fe30a652d20c6?pvs=21),25,25,,,,,,,,,Slain,,,,"December 18, 2023 8:45 PM",,"July 3, 2025 3:15 PM",,
276,Idee,Archiv Cherin Tehilla Yadah de Rihanner,Yes,Charakter (https://www.notion.so/Charakter-cdfda7ca52aa435bbb22610007798d2f?pvs=21),"Einzigartig, Kleriker, Wölfe Bjaturs
Wenn Cherin Tehilla Yadah de Rihanner im Spiel ist, erhalten alle anderen befreundeten Kleriker +10 Angriff und Verteidigung",,,Aeris (https://www.notion.so/Aeris-5996f3899d7740fc809fe30a652d20c6?pvs=21),30,15,,,,,,,,,Slain,,,,"December 18, 2023 8:47 PM",,"July 3, 2025 3:15 PM",,
277,Idee,Aselhelm von der schwarzen Lilie,Yes,Charakter (https://www.notion.so/Charakter-cdfda7ca52aa435bbb22610007798d2f?pvs=21),"Einzigartig, Krieger, Wolfswacht
Kann keine Magier angreifen
Wenn Aselhelm von der schwarzen Lilie angreift, erhalten alle anderen Angreifer +10 Angriff",,,Ignis (https://www.notion.so/Ignis-ca68b053cd74404a8fa85893e505b753?pvs=21),35,20,,,,,,,,,Slain,,,,"December 18, 2023 8:53 PM",,"July 3, 2025 3:15 PM",,
278,Idee,Beolf von der Wolfswacht,Yes,Charakter (https://www.notion.so/Charakter-cdfda7ca52aa435bbb22610007798d2f?pvs=21),"Einzigartig, Krieger, Wolfswacht
Kann keine Magier angreifen.
Beolf von der Wolfswacht erhält +15 Angriff, wenn er mit einem anderem Charakter das selbe Ziel angreift",,,Aqua (https://www.notion.so/Aqua-8c3b1bb2cc364f6ba274d390ac8d3800?pvs=21),20,30,,,,,,,,,Slain,,,,"December 18, 2023 8:59 PM",,"July 3, 2025 3:14 PM",,
279,TCG Arena,"Kadienor Edox, die Zeitwächterin",Yes,Charakter (https://www.notion.so/Charakter-cdfda7ca52aa435bbb22610007798d2f?pvs=21),"Einzigartig,
Wenn ich das Feld betrete, nimm eine zufällige Ereigniskarte aus deinem Friedhof auf deine Hand.","Wenn <self>ich</self> das <zone>Feld</zone> <key>betrete</key>, nimm ein zufälliges <kind>Ereignis</kind> aus Deinem <zone>Friedhof</zone> auf Deine <zone>Hand</zone>.","Sie vermag es, die Echos der Vergangenheit in die Gegenwart zu holen.",Aeris (https://www.notion.so/Aeris-5996f3899d7740fc809fe30a652d20c6?pvs=21),20/10,20/20,,Magier (https://www.notion.so/Magier-3a53f2f6a1ef426b8a25520ab3d354b1?pvs=21),2,,,,,1,Slain,,Kadienor Edox (https://www.notion.so/Kadienor-Edox-11d95bba56ba80469122df7b220bd66e?pvs=21),,"December 18, 2023 9:04 PM",,"July 6, 2025 6:36 PM",Alpha Set  (https://www.notion.so/Alpha-Set-22495bba56ba80dea926d7979a373c53?pvs=21),C. Playtest
280,Idee,Tekkadahn,Yes,Charakter (https://www.notion.so/Charakter-cdfda7ca52aa435bbb22610007798d2f?pvs=21),"Einzigartig, Waffenmeister, Tierwesen, Mondenhain
Wenn Tekkadahn alleine angreift, erhält er +25 Angriff",,,Terra (https://www.notion.so/Terra-a6762ab5136d4598aafb8d77da6be70f?pvs=21),40,20,,,,,,,,,Slain,,,,"December 18, 2023 9:06 PM",,"July 3, 2025 3:14 PM",,
281,Idee,Stärke der Gemeinschaft,No,Manifestation (https://www.notion.so/Manifestation-01fa783543da4ed2964edb521e465bd0?pvs=21),"Immer wenn ein Mitglied einer Gruppe angreift oder verteidigt, erhält es für jedes andere Mitglied der selben Gruppe, das angreift oder verteidigt, +5 Angriff und Verteidigung ",,,Ignis (https://www.notion.so/Ignis-ca68b053cd74404a8fa85893e505b753?pvs=21),,,1,,,,,,,,Slain,,,,"December 18, 2023 9:09 PM",,"April 25, 2024 8:57 PM",,
283,Idee,Sheewa Mondblut,Yes,Charakter (https://www.notion.so/Charakter-cdfda7ca52aa435bbb22610007798d2f?pvs=21),"Einzigartig, Tierwesen, Mondenhain
Sheewa Mondblut erhält +15 Angriff und Verteidigung, wenn du ein Narech Tuloch im Spiel hast.",,,Terra (https://www.notion.so/Terra-a6762ab5136d4598aafb8d77da6be70f?pvs=21),20,20,,,,,,,,,Slain,,,,"December 18, 2023 9:13 PM",,"July 3, 2025 3:14 PM",,
284,Idee,Kardes (Alt),Yes,Charakter (https://www.notion.so/Charakter-cdfda7ca52aa435bbb22610007798d2f?pvs=21),"Einzigartig, Mondenhain
Wenn Kardes in Angriffsposition liegt, erhalten alle deine Verteidiger +15 Verteidigung",,,Terra (https://www.notion.so/Terra-a6762ab5136d4598aafb8d77da6be70f?pvs=21),20,20,,,,,,,,,Slain,,,,"December 18, 2023 9:17 PM",,"July 3, 2025 3:14 PM",,
285,Idee,Iriel-Elisha (Alt),Yes,Charakter (https://www.notion.so/Charakter-cdfda7ca52aa435bbb22610007798d2f?pvs=21),"Einzigartig, Yoah-Tan, Tierwesen, Mondenhain
Wenn Iriel-Elisha in Angriffsposition liegt, aber nicht kämpft, bestimme einen anderen Charakter. Dieser erhält diese Runde keinen Kampfschaden",,,Terra (https://www.notion.so/Terra-a6762ab5136d4598aafb8d77da6be70f?pvs=21),15,15,,,,,,,,,Slain,,,,"December 18, 2023 9:21 PM",,"July 3, 2025 3:14 PM",,
286,Idee,Ir’yenn,Yes,Charakter (https://www.notion.so/Charakter-cdfda7ca52aa435bbb22610007798d2f?pvs=21),"Einzigartig, Verteidiger,
Wenn Ir’yenn in Spiel kommt, zerstöre alle Archonten.
Wenn du Iriel-Elisha kontrollierst, erhält Ir’yenn +15 Angriff und Verteidigung, und kann nicht angegriffen werden",,,Aeris (https://www.notion.so/Aeris-5996f3899d7740fc809fe30a652d20c6?pvs=21),5,5,,,,,,,,,Slain,,,,"December 18, 2023 9:26 PM",,"July 3, 2025 3:14 PM",,
287,Idee,Sirka Sorlissos (Alt),No,Charakter (https://www.notion.so/Charakter-cdfda7ca52aa435bbb22610007798d2f?pvs=21),"Enzigartig, Yoah-Tan, Magier, Amaroqianer
Zu Beginn deines Zuges kannst du einen anderen Charakter opfern. Wenn du dies tust, ziehe eine Karte",,,Terra (https://www.notion.so/Terra-a6762ab5136d4598aafb8d77da6be70f?pvs=21),25,20,,,,,,,,,Slain,,,,"December 18, 2023 9:31 PM",,"March 17, 2025 8:35 AM",,
288,Idee,Eisernes Aeriskind,No,Charakter (https://www.notion.so/Charakter-cdfda7ca52aa435bbb22610007798d2f?pvs=21),"Eisern
",,,Aeris (https://www.notion.so/Aeris-5996f3899d7740fc809fe30a652d20c6?pvs=21),25,10,,,,,,,,,Slain,,,,"December 18, 2023 9:48 PM",,"April 25, 2024 8:57 PM",,
291,Idee,Eisernes Aquakind,No,Charakter (https://www.notion.so/Charakter-cdfda7ca52aa435bbb22610007798d2f?pvs=21),"Eisern
",,,Aqua (https://www.notion.so/Aqua-8c3b1bb2cc364f6ba274d390ac8d3800?pvs=21),25,10,,,,,,,,,Slain,,,,"December 18, 2023 9:51 PM",,"April 25, 2024 8:57 PM",,
292,TCG Arena,Eisernes Terrakind,No,Charakter (https://www.notion.so/Charakter-cdfda7ca52aa435bbb22610007798d2f?pvs=21),Positionswechsel,<ability>Positionswechsel</ability> <desc>Ich darf stattdessen in der <phase>Hauptphase</phase> <self>meine</self> <key>Position</key> ändern.</desc>,,Terra (https://www.notion.so/Terra-a6762ab5136d4598aafb8d77da6be70f?pvs=21),20/20,15/25,,Soldat (https://www.notion.so/Soldat-16a95bba56ba80a0a97af872ec32e686?pvs=21),,,,,2,1,Slain,,,,"December 18, 2023 9:51 PM",,"July 24, 2025 9:26 PM",,C. Playtest
293,Idee,Eisernes Magicakind,No,Charakter (https://www.notion.so/Charakter-cdfda7ca52aa435bbb22610007798d2f?pvs=21),"Eisern
",,,Magica (https://www.notion.so/Magica-ba80d98941c8405d875cb3e6fdb6bf34?pvs=21),25,10,,,,,,,,,Slain,,,,"December 18, 2023 9:51 PM",,"April 25, 2024 8:57 PM",,
294,Idee,Eisernes Igniskind,No,Charakter (https://www.notion.so/Charakter-cdfda7ca52aa435bbb22610007798d2f?pvs=21),"Eisern
",,,Ignis (https://www.notion.so/Ignis-ca68b053cd74404a8fa85893e505b753?pvs=21),25,10,,,,,,,,,Slain,,,,"December 18, 2023 9:51 PM",,"April 25, 2024 8:57 PM",,
295,Idee,Der Eiseren Eid,No,Manifestation (https://www.notion.so/Manifestation-01fa783543da4ed2964edb521e465bd0?pvs=21),"Solange du nur Eiserne Charaktere im Spiel hast, erhalten alle Charaktere +20 Angriff und Verteidigung",,,Ungeprägt (https://www.notion.so/Ungepr-gt-2fd48ac2c29b47108245679f33342673?pvs=21),,,1,,,,,,,,Slain,,,,"December 18, 2023 9:53 PM",,"April 25, 2024 8:57 PM",,
296,Idee,Backup Laytja,Yes,Charakter (https://www.notion.so/Charakter-cdfda7ca52aa435bbb22610007798d2f?pvs=21),"Einzigartig, Kleriker
Laytja erhält für jeden Naldar, den du kontrollierst, +5 Angriff und Verteidigung",,,Aeris (https://www.notion.so/Aeris-5996f3899d7740fc809fe30a652d20c6?pvs=21),10,25,,,,,,,,,Slain,,,,"December 26, 2023 1:19 PM",,"July 3, 2025 3:14 PM",,
299,TCG Arena,Vertreter der Botengilde,No,Charakter (https://www.notion.so/Charakter-cdfda7ca52aa435bbb22610007798d2f?pvs=21),Nachschub,"<ability>Nachschub</ability> <desc>Wenn <self>ich</self> <key>sterbe</key>, <key>ziehe</key> 1 <key>Karte</key>.</desc>",,Aeris (https://www.notion.so/Aeris-5996f3899d7740fc809fe30a652d20c6?pvs=21),0/5,5/5,,Gefolge (https://www.notion.so/Gefolge-d8ea55c1066e4abbb15b1b371bd0f320?pvs=21),1,,,,,,Slain,,,,"February 14, 2024 9:35 PM",,"July 24, 2025 10:22 PM",,
300,TCG Arena,Vertreterin der Magiergilde,No,Charakter (https://www.notion.so/Charakter-cdfda7ca52aa435bbb22610007798d2f?pvs=21),Nachschub,"<ability>Nachschub</ability> <desc>Wenn <self>ich</self> <key>sterbe</key>, <key>ziehe</key> 1 <key>Karte</key>.</desc>",,Magica (https://www.notion.so/Magica-ba80d98941c8405d875cb3e6fdb6bf34?pvs=21),0/5,5/5,,Gefolge (https://www.notion.so/Gefolge-d8ea55c1066e4abbb15b1b371bd0f320?pvs=21),,,,1,,,Slain,,,,"February 14, 2024 9:36 PM",,"July 24, 2025 10:22 PM",,C. Playtest
301,Backup,Vertreter der Alchemistengilde,No,Charakter (https://www.notion.so/Charakter-cdfda7ca52aa435bbb22610007798d2f?pvs=21),Gildenmitglied,,,Ignis (https://www.notion.so/Ignis-ca68b053cd74404a8fa85893e505b753?pvs=21),5,5,,,,,,,,,Slain,,,,"February 14, 2024 9:39 PM",,"October 27, 2024 10:46 AM",,
302,Playtest,Vertreter der Seehandelsgilde,No,Charakter (https://www.notion.so/Charakter-cdfda7ca52aa435bbb22610007798d2f?pvs=21),Nachschub,,,Aqua (https://www.notion.so/Aqua-8c3b1bb2cc364f6ba274d390ac8d3800?pvs=21),0/5,5/5,,Gefolge (https://www.notion.so/Gefolge-d8ea55c1066e4abbb15b1b371bd0f320?pvs=21),,1,,,,,Slain,Alle%20Karten%2070ddd0aaafb74f56b205e643b0901290/302.png,,,"February 14, 2024 9:39 PM",,"May 17, 2025 5:23 PM",,C. Playtest
303,Backup,Vertreter der Zeitungsgilde,No,Charakter (https://www.notion.so/Charakter-cdfda7ca52aa435bbb22610007798d2f?pvs=21),Gildenmitglied,,,Aqua (https://www.notion.so/Aqua-8c3b1bb2cc364f6ba274d390ac8d3800?pvs=21),10/10,10/10,,,,,,,,,Slain,Alle%20Karten%2070ddd0aaafb74f56b205e643b0901290/303.png,,,"February 14, 2024 9:41 PM",,"October 27, 2024 10:47 AM",,
305,Idee,Gildenbeschluss,No,Manifestation (https://www.notion.so/Manifestation-01fa783543da4ed2964edb521e465bd0?pvs=21),"Zu beginn deines Zuges: Wenn du mindestens vier verschiedene Gildenvertreter hast, lege ein Bannkreis auf den Gildenbeschluss. Wenn der Gildenbeschluss dann über drei oder mehr Bannkreise verfügt, hast du das Spiel gewonnen.",,,Magica (https://www.notion.so/Magica-ba80d98941c8405d875cb3e6fdb6bf34?pvs=21),,,1,,,,,,,,Slain,,,,"February 14, 2024 9:43 PM",,"April 25, 2024 8:57 PM",,
306,TCG Arena,Vertreter der Kartographengilde,No,Charakter (https://www.notion.so/Charakter-cdfda7ca52aa435bbb22610007798d2f?pvs=21),Nachschub,"<ability>Nachschub</ability> <desc>Wenn <self>ich</self> <key>sterbe</key>, <key>ziehe</key> 1 <key>Karte</key>.</desc>",,Terra (https://www.notion.so/Terra-a6762ab5136d4598aafb8d77da6be70f?pvs=21),0/5,5/5,,Gefolge (https://www.notion.so/Gefolge-d8ea55c1066e4abbb15b1b371bd0f320?pvs=21),,,,,1,,Slain,,,,"February 14, 2024 9:47 PM",,"July 24, 2025 10:22 PM",,C. Playtest
307,Playtest,Vertreter der Stadtwache,No,Charakter (https://www.notion.so/Charakter-cdfda7ca52aa435bbb22610007798d2f?pvs=21),,,,Terra (https://www.notion.so/Terra-a6762ab5136d4598aafb8d77da6be70f?pvs=21),10/10,10/10,,Gefolge (https://www.notion.so/Gefolge-d8ea55c1066e4abbb15b1b371bd0f320?pvs=21),,,,,1,,Slain,Alle%20Karten%2070ddd0aaafb74f56b205e643b0901290/307.png,,,"February 14, 2024 9:48 PM",,"May 17, 2025 5:23 PM",,C. Playtest
308,Idee,Wächter aus Istan Sylvana,No,Charakter (https://www.notion.so/Charakter-cdfda7ca52aa435bbb22610007798d2f?pvs=21),,,,Aeris (https://www.notion.so/Aeris-5996f3899d7740fc809fe30a652d20c6?pvs=21),15,15,,,,,,,,,Slain,,,,"February 14, 2024 9:55 PM",,"April 25, 2024 8:57 PM",,
309,Idee,Wächter aus Eliars Hain,No,Charakter (https://www.notion.so/Charakter-cdfda7ca52aa435bbb22610007798d2f?pvs=21),,,,Aeris (https://www.notion.so/Aeris-5996f3899d7740fc809fe30a652d20c6?pvs=21),5,20,,,,,,,,,Slain,,,,"February 14, 2024 9:59 PM",,"April 25, 2024 8:57 PM",,
310,Idee,Wächter aus Auenfeste,No,Charakter (https://www.notion.so/Charakter-cdfda7ca52aa435bbb22610007798d2f?pvs=21),,,,Aeris (https://www.notion.so/Aeris-5996f3899d7740fc809fe30a652d20c6?pvs=21),20,5,,,,,,,,,Slain,,,,"February 14, 2024 9:59 PM",,"April 25, 2024 8:57 PM",,
311,Idee,Wächter aus  Lichtensee,No,Charakter (https://www.notion.so/Charakter-cdfda7ca52aa435bbb22610007798d2f?pvs=21),,,,Aqua (https://www.notion.so/Aqua-8c3b1bb2cc364f6ba274d390ac8d3800?pvs=21),15,15,,,,,,,,,Slain,,,,"February 14, 2024 10:01 PM",,"April 25, 2024 8:57 PM",,
312,Idee,Wächter aus Edoran,No,Charakter (https://www.notion.so/Charakter-cdfda7ca52aa435bbb22610007798d2f?pvs=21),,,,Aqua (https://www.notion.so/Aqua-8c3b1bb2cc364f6ba274d390ac8d3800?pvs=21),5,20,,,,,,,,,Slain,,,,"February 14, 2024 10:01 PM",,"April 25, 2024 8:57 PM",,
313,Idee,Wächter aus Porto Jawahir,No,Charakter (https://www.notion.so/Charakter-cdfda7ca52aa435bbb22610007798d2f?pvs=21),,,,Aqua (https://www.notion.so/Aqua-8c3b1bb2cc364f6ba274d390ac8d3800?pvs=21),20,5,,,,,,,,,Slain,,,,"February 14, 2024 10:01 PM",,"April 25, 2024 8:57 PM",,
314,Idee,Wächter aus  Ignistrutz,No,Charakter (https://www.notion.so/Charakter-cdfda7ca52aa435bbb22610007798d2f?pvs=21),,,,Ignis (https://www.notion.so/Ignis-ca68b053cd74404a8fa85893e505b753?pvs=21),20,5,,,,,,,,,Slain,,,,"February 14, 2024 10:04 PM",,"April 25, 2024 8:57 PM",,
315,Idee,Wächter aus Wolfsfeste,No,Charakter (https://www.notion.so/Charakter-cdfda7ca52aa435bbb22610007798d2f?pvs=21),,,,Ignis (https://www.notion.so/Ignis-ca68b053cd74404a8fa85893e505b753?pvs=21),15,15,,,,,,,,,Slain,,,,"February 14, 2024 10:04 PM",,"April 25, 2024 8:57 PM",,
316,Idee,Wächter aus Alithea,No,Charakter (https://www.notion.so/Charakter-cdfda7ca52aa435bbb22610007798d2f?pvs=21),,,,Ignis (https://www.notion.so/Ignis-ca68b053cd74404a8fa85893e505b753?pvs=21),5,20,,,,,,,,,Slain,,,,"February 14, 2024 10:04 PM",,"April 25, 2024 8:57 PM",,
317,Playtest,Wächter aus Dun Aisleang,No,Charakter (https://www.notion.so/Charakter-cdfda7ca52aa435bbb22610007798d2f?pvs=21),,,,Magica (https://www.notion.so/Magica-ba80d98941c8405d875cb3e6fdb6bf34?pvs=21),25/25,15/15,,Soldat (https://www.notion.so/Soldat-16a95bba56ba80a0a97af872ec32e686?pvs=21),,,,1,,1,Slain,Alle%20Karten%2070ddd0aaafb74f56b205e643b0901290/317.png,,,"February 14, 2024 10:06 PM",,"May 17, 2025 5:23 PM",,C. Playtest
318,Idee,Wächter aus Terras Wacht,No,Charakter (https://www.notion.so/Charakter-cdfda7ca52aa435bbb22610007798d2f?pvs=21),,,,Magica (https://www.notion.so/Magica-ba80d98941c8405d875cb3e6fdb6bf34?pvs=21),20,5,,,,,,,,,Slain,,,,"February 14, 2024 10:06 PM",,"April 25, 2024 8:57 PM",,
319,Playtest,Wächter aus Goryo,No,Charakter (https://www.notion.so/Charakter-cdfda7ca52aa435bbb22610007798d2f?pvs=21),,,,Magica (https://www.notion.so/Magica-ba80d98941c8405d875cb3e6fdb6bf34?pvs=21),15/15,25/25,,Soldat (https://www.notion.so/Soldat-16a95bba56ba80a0a97af872ec32e686?pvs=21),,,,1,,1,Slain,Alle%20Karten%2070ddd0aaafb74f56b205e643b0901290/319.png,,,"February 14, 2024 10:06 PM",,"May 17, 2025 5:23 PM",,C. Playtest
320,Idee,Wächter aus Mayas Ruh,No,Charakter (https://www.notion.so/Charakter-cdfda7ca52aa435bbb22610007798d2f?pvs=21),,,,Terra (https://www.notion.so/Terra-a6762ab5136d4598aafb8d77da6be70f?pvs=21),5,20,,,,,,,,,Slain,,,,"February 14, 2024 10:08 PM",,"April 25, 2024 8:57 PM",,
321,Idee,Wächter aus Caladh Mahair,No,Charakter (https://www.notion.so/Charakter-cdfda7ca52aa435bbb22610007798d2f?pvs=21),,,,Terra (https://www.notion.so/Terra-a6762ab5136d4598aafb8d77da6be70f?pvs=21),15,15,,,,,,,,,Slain,,,,"February 14, 2024 10:08 PM",,"April 25, 2024 8:57 PM",,
322,Idee,Wächter aus Zwergenfestung,No,Charakter (https://www.notion.so/Charakter-cdfda7ca52aa435bbb22610007798d2f?pvs=21),,,,Terra (https://www.notion.so/Terra-a6762ab5136d4598aafb8d77da6be70f?pvs=21),20,5,,,,,,,,,Slain,,,,"February 14, 2024 10:08 PM",,"April 25, 2024 8:57 PM",,
323,TCG Arena,"Aurelia, die Lichtverpflichtete",No,Charakter (https://www.notion.so/Charakter-cdfda7ca52aa435bbb22610007798d2f?pvs=21),Bannkreis 1,"<ability>Bannkreis 1</ability> <desc><self>Ich</self> <key>betrete</key> das <zone>Feld</zone> mit 1 <key>Bannkreis</key>, der allen <key>Schaden</key> abwehrt.</desc>",,Magica (https://www.notion.so/Magica-ba80d98941c8405d875cb3e6fdb6bf34?pvs=21),50/60,50/60,,Priester (https://www.notion.so/Priester-048bd95495bd4b0daf5c7b992a39f61a?pvs=21),,,,2,,5,Slain,,,,"February 14, 2024 10:14 PM",,"July 24, 2025 10:23 PM",,C. Playtest
324,Idee,Schwäche des Landes,No,Manifestation (https://www.notion.so/Manifestation-01fa783543da4ed2964edb521e465bd0?pvs=21),"Immer, wenn ein Spieler eine oder mehr Karten zieht, muss er 3 Elemente bezahlen, oder er verliert einen Schild.",,,Ungeprägt (https://www.notion.so/Ungepr-gt-2fd48ac2c29b47108245679f33342673?pvs=21),,,1,,,,,,,,Slain,,,,"February 14, 2024 10:15 PM",,"April 25, 2024 8:56 PM",,
326,Idee,GGT Ultra,No,Charakter (https://www.notion.so/Charakter-cdfda7ca52aa435bbb22610007798d2f?pvs=21),"Zu begnn deines Zuges kannst du den GGT Ultra opfern. Wenn du das tust, darfst du einen Charakter deiner Wahl zerstören.",,,Ignis (https://www.notion.so/Ignis-ca68b053cd74404a8fa85893e505b753?pvs=21),5,20,,,,,,,,,Slain,,,,"February 14, 2024 10:17 PM",,"April 25, 2024 8:57 PM",,
327,Playtest,Drache des Südlichen Siegels,No,Charakter (https://www.notion.so/Charakter-cdfda7ca52aa435bbb22610007798d2f?pvs=21),Positionswechsel,,,Aeris (https://www.notion.so/Aeris-5996f3899d7740fc809fe30a652d20c6?pvs=21),60/60,60/60,,Bestie (https://www.notion.so/Bestie-95ad0a0b63a24c66940280fe886abd05?pvs=21),2,,,,,5,Slain,,,,"February 14, 2024 10:20 PM",,"July 4, 2025 1:47 PM",,C. Playtest
328,Playtest,Koloss aus der Tiefe,No,Charakter (https://www.notion.so/Charakter-cdfda7ca52aa435bbb22610007798d2f?pvs=21),"Wenn ich eine Karte zerstöre, ziehe eine Karte.",,,Aqua (https://www.notion.so/Aqua-8c3b1bb2cc364f6ba274d390ac8d3800?pvs=21),60/60,60/60,,Bestie (https://www.notion.so/Bestie-95ad0a0b63a24c66940280fe886abd05?pvs=21),,2,,,,5,Slain,,,,"February 14, 2024 10:21 PM",,"July 3, 2025 1:06 PM",,C. Playtest
329,Playtest,Vulkan-Golem,No,Charakter (https://www.notion.so/Charakter-cdfda7ca52aa435bbb22610007798d2f?pvs=21),Ansturm,,,Ignis (https://www.notion.so/Ignis-ca68b053cd74404a8fa85893e505b753?pvs=21),60/60,60/60,,Elementarwesen (https://www.notion.so/Elementarwesen-416ecc433e6d4261a4640d1384950176?pvs=21),,,2,,,5,Slain,,,,"February 14, 2024 10:22 PM",,"July 6, 2025 12:43 PM",,C. Playtest
331,TCG Arena,"Atlas, der Wanderer",No,Charakter (https://www.notion.so/Charakter-cdfda7ca52aa435bbb22610007798d2f?pvs=21),Schildbrecher,<ability>Schildbrecher</ability> <desc>Überschüssiger <key>Schaden</key> an <key>Blockern</key> wird <self>meinem</self> ursprünglichen <key>Ziel</key> zugefügt.</desc>,,Terra (https://www.notion.so/Terra-a6762ab5136d4598aafb8d77da6be70f?pvs=21),60/60,60/60,,Elementarwesen (https://www.notion.so/Elementarwesen-416ecc433e6d4261a4640d1384950176?pvs=21),,,,,2,5,Slain,Alle%20Karten%2070ddd0aaafb74f56b205e643b0901290/331.png,,,"February 14, 2024 10:23 PM",,"July 24, 2025 11:25 PM",,C. Playtest
334,Idee,Eleganter Schwerttänzer,No,Charakter (https://www.notion.so/Charakter-cdfda7ca52aa435bbb22610007798d2f?pvs=21),Positionswechsel: Dieser Charakter kann seine Kampfposition auch in der Hauptphasen wechseln,,,Ignis (https://www.notion.so/Ignis-ca68b053cd74404a8fa85893e505b753?pvs=21),25,15,,,,,,,,,Timon,,,,"March 3, 2024 9:34 PM",,"July 4, 2025 1:47 PM",,
337,Playtest,Koloss aus der Zwergenschmiede,No,Charakter (https://www.notion.so/Charakter-cdfda7ca52aa435bbb22610007798d2f?pvs=21),Schildbrecher (Falls dieser Charakter bei seinem Angriff mehr Schaden macht als nötig kannst den restlichen Schaden dem ursprünglichen Ziel zufügen),,,Ignis (https://www.notion.so/Ignis-ca68b053cd74404a8fa85893e505b753?pvs=21),50/40,50/40,,Elementarwesen (https://www.notion.so/Elementarwesen-416ecc433e6d4261a4640d1384950176?pvs=21),,,1,,,5,Timon,Alle%20Karten%2070ddd0aaafb74f56b205e643b0901290/wia._giant_dwarf_forge_meting_liquid_metal_fire_and_stone_illus_3eedd8c9-3274-4949-93d7-2991ee02da52.png,,,"March 3, 2024 9:48 PM",,"January 9, 2025 1:19 PM",,
338,TCG Arena,"Hofkanzler Gandur, Meister der Propaganda",Yes,Charakter (https://www.notion.so/Charakter-cdfda7ca52aa435bbb22610007798d2f?pvs=21),"Einzigartig
Wenn ich das Feld betrete, übernimm die Kontrolle über einen Charakter mit Kosten 3 oder weniger.
Der übernommene Charakter erhält Ansturm.","Wenn <self>ich</self> das <zone>Feld</zone> <key>betrete</key>, übernimm die <key>Kontrolle</key> über einen <kind>Charakter</kind> mit <key>Kosten</key> 3 oder weniger. Der <key>übernommene</key> <kind>Charakter</kind> erhält <ability>Ansturm</ability>. <desc><self>Ich</self> darf in dem <key>Zug</key> <key>angreifen</key>, in dem <self>ich</self> auf das <zone>Feld</zone> gekommen bin.</desc>",Seine Feder ist stärker als jedes Schwert. Seine Worte sammeln Scharen unter Bjarturs Banner.,Aqua (https://www.notion.so/Aqua-8c3b1bb2cc364f6ba274d390ac8d3800?pvs=21),10/10,10/15,,Gelehrter (https://www.notion.so/Gelehrter-112f4e92a6464af1a3fe9c8f536355b0?pvs=21),,2,,,,2,Timon,Alle%20Karten%2070ddd0aaafb74f56b205e643b0901290/338.png,Gandur (https://www.notion.so/Gandur-1cd95bba56ba8093b46bdfb97ebba0e9?pvs=21),,"March 5, 2024 9:38 AM",,"July 6, 2025 5:20 PM",Alpha Set  (https://www.notion.so/Alpha-Set-22495bba56ba80dea926d7979a373c53?pvs=21),C. Playtest
340,Backup,Kupfermünze,No,Untitled (https://www.notion.so/f241392873f94eb78018503e0f1abcc6?pvs=21),"Wenn Du die Kupfermünze opferst, erhältst Du ein beliebiges Element.",,,"Terra (https://www.notion.so/Terra-a6762ab5136d4598aafb8d77da6be70f?pvs=21), Aqua (https://www.notion.so/Aqua-8c3b1bb2cc364f6ba274d390ac8d3800?pvs=21), Aeris (https://www.notion.so/Aeris-5996f3899d7740fc809fe30a652d20c6?pvs=21), Magica (https://www.notion.so/Magica-ba80d98941c8405d875cb3e6fdb6bf34?pvs=21), Ignis (https://www.notion.so/Ignis-ca68b053cd74404a8fa85893e505b753?pvs=21)",,,,,,,,,,,Jan Appel,,,,"March 10, 2024 9:55 PM",,"March 16, 2024 5:38 PM",,
341,Idee,Taschendieb,No,Charakter (https://www.notion.so/Charakter-cdfda7ca52aa435bbb22610007798d2f?pvs=21),"Wenn der Taschendieb angreift, muss der angegriffene Spieler 1 Element bezahlen. Wenn das passiert ist, erhältst Du eine Münze.",,,Ungeprägt (https://www.notion.so/Ungepr-gt-2fd48ac2c29b47108245679f33342673?pvs=21),20,20,,,,,,,,,Tim,,,,"March 12, 2024 2:49 PM",,"April 25, 2024 8:56 PM",,
342,TCG Arena,"Moriel, Novizin der Alchemie",Yes,Charakter (https://www.notion.so/Charakter-cdfda7ca52aa435bbb22610007798d2f?pvs=21),"Einzigartig.
Ereignisse die du wirkst, kosten ein unbestimmtes Element weniger.","<kind>Ereignisse</kind>, die Du <key>wirkst</key>, kosten <unshaped1/> weniger.",Kupferne Kessel singen im Takt sprudelnder Geheimnisse.,Magica (https://www.notion.so/Magica-ba80d98941c8405d875cb3e6fdb6bf34?pvs=21),10/10,20/20,,Gefolge (https://www.notion.so/Gefolge-d8ea55c1066e4abbb15b1b371bd0f320?pvs=21),,,,2,,2,Tim,Alle%20Karten%2070ddd0aaafb74f56b205e643b0901290/342.png,Moriel (https://www.notion.so/Moriel-1cd95bba56ba8063aaedf68091897fd3?pvs=21),,"March 12, 2024 2:54 PM",,"July 6, 2025 5:21 PM",Alpha Set  (https://www.notion.so/Alpha-Set-22495bba56ba80dea926d7979a373c53?pvs=21),C. Playtest
343,TCG Arena,Stoßgebet zu den Elementen,No,Ereignis (https://www.notion.so/Ereignis-88e179fa1fd740499a32ee3ed4377596?pvs=21),"Sofort spielbar
Ein Charakter deiner Wahl den du kontrollierst kann bis am ende der Phase nicht als Ziel für Effekte oder Ereignisse gewählt werden. ","Ein <kind>Charakter</kind> Deiner Wahl, den Du <key>kontrollierst</key>, kann bis <key>Phasenende</key> nicht als <key>Ziel</key> für <key>Effekte</key> oder <kind>Ereignisse</kind> gewählt werden.","“Oh ihr Elemente, stehet mir bei!”",Aqua (https://www.notion.so/Aqua-8c3b1bb2cc364f6ba274d390ac8d3800?pvs=21),,,,,,1,,,,,Tim,,,,"March 12, 2024 2:57 PM",,"July 6, 2025 6:38 PM",Alpha Set  (https://www.notion.so/Alpha-Set-22495bba56ba80dea926d7979a373c53?pvs=21),C. Playtest
344,Idee,Magiefluss,No,Ereignis (https://www.notion.so/Ereignis-88e179fa1fd740499a32ee3ed4377596?pvs=21),Ereignisse kosten diesen Spielzug 1 Element weniger.,,,Magica (https://www.notion.so/Magica-ba80d98941c8405d875cb3e6fdb6bf34?pvs=21),,,,,,,,,,,Tim,,,,"March 12, 2024 3:02 PM",,"April 27, 2024 3:37 PM",,
345,Idee,Magicatempel,No,Manifestation (https://www.notion.so/Manifestation-01fa783543da4ed2964edb521e465bd0?pvs=21),Magica-Karten kosten 1 Element weniger.,,,Magica (https://www.notion.so/Magica-ba80d98941c8405d875cb3e6fdb6bf34?pvs=21),,,1,,,,,,,,Tim,,,,"March 12, 2024 3:06 PM",,"April 25, 2024 8:57 PM",,
346,Idee,Spalten,No,Ereignis (https://www.notion.so/Ereignis-88e179fa1fd740499a32ee3ed4377596?pvs=21),Sofort spielbar. Du darfst den Schaden eines Ereignisses auf mehrere Ziele aufteilen.,,,Magica (https://www.notion.so/Magica-ba80d98941c8405d875cb3e6fdb6bf34?pvs=21),,,,,,,,,,,Tim,,,,"March 12, 2024 3:11 PM",,"April 25, 2024 8:57 PM",,
348,Playtest,Wetterschrein,No,Manifestation (https://www.notion.so/Manifestation-01fa783543da4ed2964edb521e465bd0?pvs=21),"Jedes Mal, wenn du ein Ereignis spielst, ziehe eine Karte.",,,Aeris (https://www.notion.so/Aeris-5996f3899d7740fc809fe30a652d20c6?pvs=21),,,,,2,,,,,4,Tim,Alle%20Karten%2070ddd0aaafb74f56b205e643b0901290/348.png,,,"March 13, 2024 2:31 PM",,"May 17, 2025 5:23 PM",,C. Playtest
349,Revision,Rächer,No,Charakter (https://www.notion.so/Charakter-cdfda7ca52aa435bbb22610007798d2f?pvs=21),"Rache (Falls in der Kampfphase ein verbündeter Charakter zerstört wurde, kann der Rächer einen zusätzlichen Kampf mit einem feindlichen Charakter ausführen.)",,,Ignis (https://www.notion.so/Ignis-ca68b053cd74404a8fa85893e505b753?pvs=21),40/20,10/30,,Krieger (https://www.notion.so/Krieger-86700da5b47d4073ae8e37cc896f9162?pvs=21),,,2,,,3,Timon,,,,"March 29, 2024 4:45 PM",,"May 17, 2025 5:09 PM",,
350,TCG Arena,Rasender Rekrut,No,Charakter (https://www.notion.so/Charakter-cdfda7ca52aa435bbb22610007798d2f?pvs=21),Ansturm,"<ability>Ansturm</ability> <desc><self>Ich</self> darf in der <key>Runde</key> <key>angreifen</key>, in der <self>ich</self> auf das <zone>Feld</zone> gekommen bin.</desc>","„Wenn ich renn, kann ich nicht fallen – oder..?!“",Ignis (https://www.notion.so/Ignis-ca68b053cd74404a8fa85893e505b753?pvs=21),10/10,10/10,,Soldat (https://www.notion.so/Soldat-16a95bba56ba80a0a97af872ec32e686?pvs=21),,,1,,,1,Gut Christian,,,Ansturm (https://www.notion.so/Ansturm-6deac7c16bbd468eb92c8a1e978c4be8?pvs=21),"March 29, 2024 8:31 PM",,"July 21, 2025 9:38 PM",,
351,TCG Arena,Stürmischer Veteran,No,Charakter (https://www.notion.so/Charakter-cdfda7ca52aa435bbb22610007798d2f?pvs=21),Ansturm,"<ability>Ansturm</ability> <desc><self>Ich</self> darf in dem <key>Zug</key> <key>angreifen</key>, in dem <self>ich</self> auf das <zone>Feld</zone> gekommen bin.</desc>",,Ignis (https://www.notion.so/Ignis-ca68b053cd74404a8fa85893e505b753?pvs=21),50/30,30/30,,Soldat (https://www.notion.so/Soldat-16a95bba56ba80a0a97af872ec32e686?pvs=21),,,2,,,3,Gut Christian,,,Ansturm (https://www.notion.so/Ansturm-6deac7c16bbd468eb92c8a1e978c4be8?pvs=21),"March 29, 2024 8:34 PM",,"July 24, 2025 10:24 PM",,
352,TCG Arena,Stadtwache,No,Charakter (https://www.notion.so/Charakter-cdfda7ca52aa435bbb22610007798d2f?pvs=21),Verteidiger,<ability>Ansturm</ability> <desc><self>Ich</self> darf darf nur in <key>Verteidigungsposition/key> stehen.</desc>,,Terra (https://www.notion.so/Terra-a6762ab5136d4598aafb8d77da6be70f?pvs=21),–/–,10/40,,Soldat (https://www.notion.so/Soldat-16a95bba56ba80a0a97af872ec32e686?pvs=21),,,,,1,1,Gut Christian,,,Verteidiger (https://www.notion.so/Verteidiger-3ed2bfd23127402ca07230aa897963f7?pvs=21),"March 29, 2024 8:36 PM",,"July 24, 2025 10:29 PM",,
353,Playtest,Wächter von irgendwas,No,Charakter (https://www.notion.so/Charakter-cdfda7ca52aa435bbb22610007798d2f?pvs=21),,,,Magica (https://www.notion.so/Magica-ba80d98941c8405d875cb3e6fdb6bf34?pvs=21),10/20,10/30,,Soldat (https://www.notion.so/Soldat-16a95bba56ba80a0a97af872ec32e686?pvs=21),,,,1,,1,Gut Christian,,,,"March 29, 2024 8:39 PM",,"January 9, 2025 1:14 PM",,
354,TCG Arena,Baumgeist,No,Charakter (https://www.notion.so/Charakter-cdfda7ca52aa435bbb22610007798d2f?pvs=21),,,,Terra (https://www.notion.so/Terra-a6762ab5136d4598aafb8d77da6be70f?pvs=21),60/60,60/60,,Elementarwesen (https://www.notion.so/Elementarwesen-416ecc433e6d4261a4640d1384950176?pvs=21),,,,,2,4,Gut Christian,,,,"March 29, 2024 8:44 PM",,"May 18, 2025 5:01 PM",,
355,Playtest,Duellant,No,Charakter (https://www.notion.so/Charakter-cdfda7ca52aa435bbb22610007798d2f?pvs=21),"Angreifer. Darf nur Charaktere angreifen,",,,Aeris (https://www.notion.so/Aeris-5996f3899d7740fc809fe30a652d20c6?pvs=21),35/10,–/–,,Krieger (https://www.notion.so/Krieger-86700da5b47d4073ae8e37cc896f9162?pvs=21),,1,,,,1,Gut Christian,,,Angreifer (https://www.notion.so/Angreifer-a780fd99001041ed940897d1c00f7f6e?pvs=21),"March 29, 2024 8:46 PM",,"May 17, 2025 5:16 PM",,
356,TCG Arena,Vertreter der Bardengilde,No,Charakter (https://www.notion.so/Charakter-cdfda7ca52aa435bbb22610007798d2f?pvs=21),Nachschub,"<ability>Nachschub</ability> <desc>Wenn <self>ich</self> <key>sterbe</key>, <key>ziehe</key> 1 <key>Karte</key>.</desc>",,Ignis (https://www.notion.so/Ignis-ca68b053cd74404a8fa85893e505b753?pvs=21),0/5,5/5,,Gefolge (https://www.notion.so/Gefolge-d8ea55c1066e4abbb15b1b371bd0f320?pvs=21),,,1,,,,Gut Christian,,,Nachschub (https://www.notion.so/Nachschub-377ac9190a0e45a6b349352546d0eeca?pvs=21),"March 29, 2024 8:49 PM",,"July 24, 2025 10:22 PM",,
357,Idee,Drachenwelpe,No,Charakter (https://www.notion.so/Charakter-cdfda7ca52aa435bbb22610007798d2f?pvs=21),Darf zwei Charaktere gleichzeitig angreifen,,,Ungeprägt (https://www.notion.so/Ungepr-gt-2fd48ac2c29b47108245679f33342673?pvs=21),20/30,10/20,,,,,,,,,Gut Christian,,,,"March 29, 2024 8:55 PM",,"April 26, 2024 10:32 AM",,
358,Playtest,Aeriskind,No,Charakter (https://www.notion.so/Charakter-cdfda7ca52aa435bbb22610007798d2f?pvs=21),Positionswechsel,,,Aeris (https://www.notion.so/Aeris-5996f3899d7740fc809fe30a652d20c6?pvs=21),15/20,20/25,,Krieger (https://www.notion.so/Krieger-86700da5b47d4073ae8e37cc896f9162?pvs=21),1,,,,,2,Gut Christian,,,Positionswechsel (https://www.notion.so/Positionswechsel-36d400e3049d4b8d8a51c721d4ddfa0a?pvs=21),"March 29, 2024 9:00 PM",,"July 4, 2025 1:47 PM",,
359,TCG Arena,"Johannes v.d. Schaufel, leichtsinniger Duellant",Yes,Charakter (https://www.notion.so/Charakter-cdfda7ca52aa435bbb22610007798d2f?pvs=21),"Einzigartig, Angreifer, Ansturm,
Ich muss immer angreifen falls möglich. Ich kann nur Charaktere angreifen und muss immer den gegnerischen Charakter mit der höchsten Stärke angreifen. ","<ability>Angreifer</ability> <desc><self>Ich</self> darf nur in <key>Angriffsposition</key> stehen.</desc>
<ability>Ansturm</ability> <desc><self>Ich</self> darf in dem <key>Zug</key> <key>angreifen</key>, in dem <self>ich</self> auf das <zone>Feld</zone> gekommen bin.</desc>
<self>Ich</self> <key>greife an</key>, wann immer <self>ich</self> kann, und zwar von allen <key>angreifbaren</key> <kind>Zielen</kind> nur denjenigen Charak mit der höchsten <key>Stärke</key>.",Mutig oder dumm? Johannes sagt: “Ja.”,Ignis (https://www.notion.so/Ignis-ca68b053cd74404a8fa85893e505b753?pvs=21),55/20,–/–,,Adel (https://www.notion.so/Adel-16a95bba56ba8066bc1bc23c764d9b4b?pvs=21),,,2,,,2,Gut Christian,,Johannes v.d. Schaufel (https://www.notion.so/Johannes-v-d-Schaufel-1cd95bba56ba80d19b19db16a97ed943?pvs=21),Angreifer (https://www.notion.so/Angreifer-a780fd99001041ed940897d1c00f7f6e?pvs=21),"March 29, 2024 9:05 PM",,"July 20, 2025 10:45 PM",Alpha Set  (https://www.notion.so/Alpha-Set-22495bba56ba80dea926d7979a373c53?pvs=21),
360,TCG Arena,Schrein der Jagt,No,Manifestation (https://www.notion.so/Manifestation-01fa783543da4ed2964edb521e465bd0?pvs=21),"E, OPT; Ein Charakter den du kontrollierst, der Charakter erhält +15/+0  oder +0/+15 bis zum Ende des Zuges.","<cost><aeris/><opt/></cost> Ein <kind>Charakter</kind>, den Du <key>kontrollierst</key>, erhält bis <key>Zugende</key> entweder <stats>+15/+0</stats> oder <stats>+0/+15</stats>.",,Aeris (https://www.notion.so/Aeris-5996f3899d7740fc809fe30a652d20c6?pvs=21),,,0,,1,,,,,2,Gut Christian,,,,"March 29, 2024 9:07 PM",,"July 24, 2025 10:39 PM",,
361,TCG Arena,Rast in der Schankstube,No,Ereignis (https://www.notion.so/Ereignis-88e179fa1fd740499a32ee3ed4377596?pvs=21),Ziehe drei Karten.,<key>Ziehe</key> 3 <key>Karten</key>.,Bernsteinfarben glänzt der Trost.,Ungeprägt (https://www.notion.so/Ungepr-gt-2fd48ac2c29b47108245679f33342673?pvs=21),,,,,,,,,,6,Gut Christian,,,,"March 29, 2024 9:10 PM",,"July 24, 2025 9:29 PM",Alpha Set  (https://www.notion.so/Alpha-Set-22495bba56ba80dea926d7979a373c53?pvs=21),
363,Playtest,Duellforderung,No,Ereignis (https://www.notion.so/Ereignis-88e179fa1fd740499a32ee3ed4377596?pvs=21),"Wähle einen Charakter, den du kontrollierst und einen Charakter der ein Gegner kontrolliert. Beide Charakter fügen dem anderen Schaden in höhe ihrer Stärke zu.",,,Terra (https://www.notion.so/Terra-a6762ab5136d4598aafb8d77da6be70f?pvs=21),,,,,,,1,,,2,Gut Christian,,,,"March 29, 2024 9:16 PM",,"September 24, 2024 9:00 PM",,
364,TCG Arena,Flammenstrahl,No,Ereignis (https://www.notion.so/Ereignis-88e179fa1fd740499a32ee3ed4377596?pvs=21),Füge einem Charakter deiner Wahl 40 Schaden zu.,Füge einem <kind>Charakter</kind> Deiner Wahl <damage>40</damage> <key>Schaden</key> zu.,,Ignis (https://www.notion.so/Ignis-ca68b053cd74404a8fa85893e505b753?pvs=21),,,,,,,2,,,2,Gut Christian,,,,"March 29, 2024 9:20 PM",,"July 24, 2025 10:50 PM",,
365,TCG Arena,Ermutigende Ansprache,No,Ereignis (https://www.notion.so/Ereignis-88e179fa1fd740499a32ee3ed4377596?pvs=21),"Alle Charaktere, die du kontrollierst erhalten +20/0 bis zum Ende des Zuges","Alle <kind>Charaktere</kind>, die Du <key>kontrollierst</key>, erhalten bis <key>Zugende</key> <stats>+20/+0</stats>.",,Terra (https://www.notion.so/Terra-a6762ab5136d4598aafb8d77da6be70f?pvs=21),,,,,,,,,1,2,Gut Christian,Alle%20Karten%2070ddd0aaafb74f56b205e643b0901290/365.png,,,"March 29, 2024 9:21 PM",,"July 24, 2025 10:50 PM",,
366,TCG Arena,Vulkanausbruch,No,Ereignis (https://www.notion.so/Ereignis-88e179fa1fd740499a32ee3ed4377596?pvs=21),Alle Charaktere und Manifestationen erleiden 30 Schaden,Alle <kind>Charaktere</kind> und <kind>Manifestationen</kind> erleiden <damage>30</damage> <key>Schaden</key>.,,Ignis (https://www.notion.so/Ignis-ca68b053cd74404a8fa85893e505b753?pvs=21),,,,,,,2,,,2,Gut Christian,,,,"March 29, 2024 9:23 PM",,"July 24, 2025 10:50 PM",,
367,TCG Arena,Sternenschauer,No,Ereignis (https://www.notion.so/Ereignis-88e179fa1fd740499a32ee3ed4377596?pvs=21),Zerstöre alle Charaktere auf dem Feld.,<key>Zerstöre</key> alle <kind>Charaktere</kind> auf dem <zone>Feld</zone>.,"Als der Himmel selbst zerbarst und mit feuriger Gewalt niederfuhr, sahen die einen den Zorn der Götter, die anderen die Rache der Elemente. Doch was auch immer sie sahen, verging mit ihrem letzten Atemzug.",Ungeprägt (https://www.notion.so/Ungepr-gt-2fd48ac2c29b47108245679f33342673?pvs=21),,,,,,,,,,8,Gut Christian,,,,"March 29, 2024 9:25 PM",,"July 24, 2025 10:51 PM",,
368,TCG Arena,Gottesschrein,No,Manifestation (https://www.notion.so/Manifestation-01fa783543da4ed2964edb521e465bd0?pvs=21),"1,M,OPT; Verleihe einem Charakter deiner Wahl einen Bannkreis. Entferne diesen Bannkreis zu Beginn deines nächsten Zuges.",<cost><magica/><unshaped1/><opt/></cost> Verleihe einem <kind>Charakter</kind> Deiner Wahl einen <key>Bannkreis</key>. Entferne diesen <key>Bannkreis</key> zu Beginn Deines nächsten <key>Zuges</key>.,,Magica (https://www.notion.so/Magica-ba80d98941c8405d875cb3e6fdb6bf34?pvs=21),,,,,,,,2,,1,Gut Christian,,,Bannkreis (https://www.notion.so/Bannkreis-f48605b8d09e42e9afd9c1f6a0e254ab?pvs=21),"March 29, 2024 9:28 PM",,"July 24, 2025 10:54 PM",,
369,Playtest,Novizin des Wasserschwalls,No,Charakter (https://www.notion.so/Charakter-cdfda7ca52aa435bbb22610007798d2f?pvs=21),Schildbrecher,,,Aqua (https://www.notion.so/Aqua-8c3b1bb2cc364f6ba274d390ac8d3800?pvs=21),30/30,20/40,,Krieger (https://www.notion.so/Krieger-86700da5b47d4073ae8e37cc896f9162?pvs=21),,1,,,,3,Gut Christian,,,Schildbrecher (https://www.notion.so/Schildbrecher-4252afe78ba94682a510ff5b8b736467?pvs=21),"March 29, 2024 9:31 PM",,"January 9, 2025 1:17 PM",,
370,TCG Arena,Namenloser Soldat,No,Charakter (https://www.notion.so/Charakter-cdfda7ca52aa435bbb22610007798d2f?pvs=21),,,,Terra (https://www.notion.so/Terra-a6762ab5136d4598aafb8d77da6be70f?pvs=21),20/20,20/20,,Soldat (https://www.notion.so/Soldat-16a95bba56ba80a0a97af872ec32e686?pvs=21),,,,,1,1,Gut Christian,,,,"March 29, 2024 9:32 PM",,"July 24, 2025 11:25 PM",,
371,TCG Arena,Rekrut aus Steinfurt,No,Charakter (https://www.notion.so/Charakter-cdfda7ca52aa435bbb22610007798d2f?pvs=21),,,,Aqua (https://www.notion.so/Aqua-8c3b1bb2cc364f6ba274d390ac8d3800?pvs=21),10/10,10/10,,Soldat (https://www.notion.so/Soldat-16a95bba56ba80a0a97af872ec32e686?pvs=21),,1,,,,,Gut Christian,Alle%20Karten%2070ddd0aaafb74f56b205e643b0901290/371.jpg,,,"March 29, 2024 9:33 PM",,"May 18, 2025 5:02 PM",,
372,TCG Arena,Veteran,No,Charakter (https://www.notion.so/Charakter-cdfda7ca52aa435bbb22610007798d2f?pvs=21),,,,Ignis (https://www.notion.so/Ignis-ca68b053cd74404a8fa85893e505b753?pvs=21),30/30,30/30,,Soldat (https://www.notion.so/Soldat-16a95bba56ba80a0a97af872ec32e686?pvs=21),,,1,,,2,Gut Christian,,,,"March 29, 2024 9:34 PM",,"May 17, 2025 4:55 PM",,
373,TCG Arena,Standhafter Verteidiger,No,Charakter (https://www.notion.so/Charakter-cdfda7ca52aa435bbb22610007798d2f?pvs=21),Verhöhnen,<ability>Verhöhnen</ability> <desc><self>Ich</self> muss zuerst als <key>Angriffsziel</key> <key>gewählt</key> werden.</desc>,,Terra (https://www.notion.so/Terra-a6762ab5136d4598aafb8d77da6be70f?pvs=21),20/30,15/35,,Soldat (https://www.notion.so/Soldat-16a95bba56ba80a0a97af872ec32e686?pvs=21),,,,,2,2,Gut Christian,,,Verhöhnen (https://www.notion.so/Verh-hnen-aa6cd2e92ef04f59b2a2be3ad74aafdb?pvs=21),"March 29, 2024 9:34 PM",,"July 24, 2025 10:59 PM",,
374,Playtest,Wache des Trosses,No,Charakter (https://www.notion.so/Charakter-cdfda7ca52aa435bbb22610007798d2f?pvs=21),Nachschub,,,Aqua (https://www.notion.so/Aqua-8c3b1bb2cc364f6ba274d390ac8d3800?pvs=21),20/20,20/30,,Soldat (https://www.notion.so/Soldat-16a95bba56ba80a0a97af872ec32e686?pvs=21),,1,,,,3,Timon,Alle%20Karten%2070ddd0aaafb74f56b205e643b0901290/374.png,,,"March 30, 2024 9:24 PM",,"January 9, 2025 1:17 PM",,
376,Playtest,Stürmische Zauberin,No,Charakter (https://www.notion.so/Charakter-cdfda7ca52aa435bbb22610007798d2f?pvs=21),,,,Magica (https://www.notion.so/Magica-ba80d98941c8405d875cb3e6fdb6bf34?pvs=21),30/30,30/30,,Magier (https://www.notion.so/Magier-3a53f2f6a1ef426b8a25520ab3d354b1?pvs=21),,,,1,,2,Timon,,,,"March 31, 2024 10:03 AM",,"April 24, 2025 10:06 PM",,
377,Playtest,Erschöpfender Angriff,No,Charakter (https://www.notion.so/Charakter-cdfda7ca52aa435bbb22610007798d2f?pvs=21),"Erstschlag. 
Drehe diese Karte in Verteidigungsposition, am Ende deines Zuges, falls du mit ihr in diesem Zug angegriffen hast.",,,Ignis (https://www.notion.so/Ignis-ca68b053cd74404a8fa85893e505b753?pvs=21),70/20,30/20,,Krieger (https://www.notion.so/Krieger-86700da5b47d4073ae8e37cc896f9162?pvs=21),,,3,,,4,Lukas Loetscher,,,,"March 31, 2024 10:04 AM",,"July 3, 2025 1:05 PM",,
378,Playtest,Champion von Aqua,No,Charakter (https://www.notion.so/Charakter-cdfda7ca52aa435bbb22610007798d2f?pvs=21),Bannkreis 1,,,Aqua (https://www.notion.so/Aqua-8c3b1bb2cc364f6ba274d390ac8d3800?pvs=21),30/40,40/30,,Krieger (https://www.notion.so/Krieger-86700da5b47d4073ae8e37cc896f9162?pvs=21),,3,,,,1,Timon,,,,"March 31, 2024 10:06 AM",,"April 24, 2025 10:02 PM",,
380,Playtest,Leichtsinnige Schützin,No,Charakter (https://www.notion.so/Charakter-cdfda7ca52aa435bbb22610007798d2f?pvs=21),"Verhöhnen (Muss in der Kampfphase als Angriffsziel gewählt werden)
Positionswechsel (Charakter kann die Kampfposition auch in der Hauptphase ändern) ",,,Aeris (https://www.notion.so/Aeris-5996f3899d7740fc809fe30a652d20c6?pvs=21),25/10,10/25,,Soldat (https://www.notion.so/Soldat-16a95bba56ba80a0a97af872ec32e686?pvs=21),2,,,,,,Timon,Alle%20Karten%2070ddd0aaafb74f56b205e643b0901290/380.jpg,,,"March 31, 2024 10:17 AM",,"July 4, 2025 1:47 PM",,
381,TCG Arena,Schneller Säbel,No,Charakter (https://www.notion.so/Charakter-cdfda7ca52aa435bbb22610007798d2f?pvs=21),Erstschlag,<ability>Erstschlag</ability> <desc>Mein Schaden wird zuerst berechnet.</desc>,,Aeris (https://www.notion.so/Aeris-5996f3899d7740fc809fe30a652d20c6?pvs=21),10/10,10/10,,Krieger (https://www.notion.so/Krieger-86700da5b47d4073ae8e37cc896f9162?pvs=21),1,,,,,1,Gut Christian,,,Erstschlag (https://www.notion.so/Erstschlag-ee0709f3074f4871b72f7bf6933b7e01?pvs=21),"March 31, 2024 6:32 PM",,"July 24, 2025 11:06 PM",,
382,TCG Arena,Bogenschütze,No,Charakter (https://www.notion.so/Charakter-cdfda7ca52aa435bbb22610007798d2f?pvs=21),"In deiner Angriffsphase, nachdem alle Angrifsziele angesagt wurden und ich nicht angreife, füge ich einem feindlichem Charakter deiner Wahl 5 Schaden zu.","In Deiner <phase>Angriffsphase</phase>, nachdem alle <key>Angriffsziele</key> angesagt wurden und <self>ich</self> nicht <key>angreife</key>, füge einem <key>feindlichen</key> <kind>Charakter</kind> Deiner Wahl <damage>5</damage> <key>Schaden</key> zu.",,Aeris (https://www.notion.so/Aeris-5996f3899d7740fc809fe30a652d20c6?pvs=21),10/10,10/10,,Soldat (https://www.notion.so/Soldat-16a95bba56ba80a0a97af872ec32e686?pvs=21),1,,,,,1,Gut Christian,,,,"March 31, 2024 6:34 PM",,"July 24, 2025 11:11 PM",,
383,Playtest,Leibwächter,No,Charakter (https://www.notion.so/Charakter-cdfda7ca52aa435bbb22610007798d2f?pvs=21),"Bannkreis 1
Doppelblock",,,Terra (https://www.notion.so/Terra-a6762ab5136d4598aafb8d77da6be70f?pvs=21),20/30,10/50,,Soldat (https://www.notion.so/Soldat-16a95bba56ba80a0a97af872ec32e686?pvs=21),,,,,2,3,Gut Christian,,,"Untitled (https://www.notion.so/1d38cf40a517487598a89f302e43144a?pvs=21), Bannkreis (https://www.notion.so/Bannkreis-f48605b8d09e42e9afd9c1f6a0e254ab?pvs=21), Bannkreis X (https://www.notion.so/Bannkreis-X-7c0c8fd1c2464ce9b27c101a05284f11?pvs=21)","March 31, 2024 6:37 PM",,"January 9, 2025 1:18 PM",,
384,Playtest,Schildkanalisiererin,No,Charakter (https://www.notion.so/Charakter-cdfda7ca52aa435bbb22610007798d2f?pvs=21),Zu beginn jeder Kampfphase erhält ein anderer befreundeter Charakter deiner Wahl +10/0 bis Ende des Zuges.,,,Aqua (https://www.notion.so/Aqua-8c3b1bb2cc364f6ba274d390ac8d3800?pvs=21),20/20,10/35,,Soldat (https://www.notion.so/Soldat-16a95bba56ba80a0a97af872ec32e686?pvs=21),,1,,,,2,Gut Christian,,,,"March 31, 2024 6:38 PM",,"January 9, 2025 1:15 PM",,
385,Backup,Assasine,No,Charakter (https://www.notion.so/Charakter-cdfda7ca52aa435bbb22610007798d2f?pvs=21),Unblockbar,,,Magica (https://www.notion.so/Magica-ba80d98941c8405d875cb3e6fdb6bf34?pvs=21),35/25,35/25,,,,,,,,,Gut Christian,,,,"March 31, 2024 6:40 PM",,"May 27, 2024 1:59 PM",,
386,Playtest,Magier des Wasserwalls,No,Charakter (https://www.notion.so/Charakter-cdfda7ca52aa435bbb22610007798d2f?pvs=21),"Doppelblock
",,,Aqua (https://www.notion.so/Aqua-8c3b1bb2cc364f6ba274d390ac8d3800?pvs=21),30/30,15/45,,Magier (https://www.notion.so/Magier-3a53f2f6a1ef426b8a25520ab3d354b1?pvs=21),,2,,,,2,Gut Christian,,,"Doppelblock (https://www.notion.so/Doppelblock-06f5f285b64f40c0b2963f68195c34e6?pvs=21), Untitled (https://www.notion.so/1d38cf40a517487598a89f302e43144a?pvs=21)","March 31, 2024 6:41 PM",,"May 18, 2025 4:50 PM",,
387,Playtest,"Erhardt, der Suchende ",No,Charakter (https://www.notion.so/Charakter-cdfda7ca52aa435bbb22610007798d2f?pvs=21),Herbeirufen 1,,,Aqua (https://www.notion.so/Aqua-8c3b1bb2cc364f6ba274d390ac8d3800?pvs=21),10/10,10/10,,,,1,,,,1,Gut Christian,,,Herbeirufen X (https://www.notion.so/Herbeirufen-X-5882301e51d74fe689ccb0cd514b1ebe?pvs=21),"March 31, 2024 6:43 PM",,"July 3, 2025 3:00 PM",,
388,Playtest,Hauptmann,No,Charakter (https://www.notion.so/Charakter-cdfda7ca52aa435bbb22610007798d2f?pvs=21),Herbeirufen2,,,Aeris (https://www.notion.so/Aeris-5996f3899d7740fc809fe30a652d20c6?pvs=21),30/30,30/30,,Anführer (https://www.notion.so/Anf-hrer-5014765dddb3438f86c31b63b4523367?pvs=21),1,,,,,3,Gut Christian,,,Herbeirufen X (https://www.notion.so/Herbeirufen-X-5882301e51d74fe689ccb0cd514b1ebe?pvs=21),"March 31, 2024 6:44 PM",,"July 3, 2025 3:03 PM",,
389,TCG Arena,Hühne,No,Charakter (https://www.notion.so/Charakter-cdfda7ca52aa435bbb22610007798d2f?pvs=21),Bedrohlich  (Kann nur von 2 oder mehr Charaktere geblockt werden),<ability>Bedrohlich</ability> <desc><self>Ich</self> kann nur durch mindestens 2 <kind>Charaktere</kind> <key>geblockt</key> werden.</desc>,,Terra (https://www.notion.so/Terra-a6762ab5136d4598aafb8d77da6be70f?pvs=21),20/20,20/20,,Krieger (https://www.notion.so/Krieger-86700da5b47d4073ae8e37cc896f9162?pvs=21),,,,,1,2,Gut Christian,,,Bedrohlich (https://www.notion.so/Bedrohlich-eee4ab4d6f27417e982513cccddda45d?pvs=21),"March 31, 2024 6:44 PM",,"July 24, 2025 11:08 PM",,
390,Playtest,"Tutorin der Ignis-Klinge ",No,Charakter (https://www.notion.so/Charakter-cdfda7ca52aa435bbb22610007798d2f?pvs=21),"Wenn ich angreife, erhält ein anderer angreifender Charakter deiner Wahl +10/+0 bis Ende des Zuges.",,,Ignis (https://www.notion.so/Ignis-ca68b053cd74404a8fa85893e505b753?pvs=21),20/20,20/20,,Soldat (https://www.notion.so/Soldat-16a95bba56ba80a0a97af872ec32e686?pvs=21),,,1,,,2,Gut Christian,,,,"March 31, 2024 6:45 PM",,"July 3, 2025 1:01 PM",,
391,Playtest,Windiger Jäger,No,Charakter (https://www.notion.so/Charakter-cdfda7ca52aa435bbb22610007798d2f?pvs=21),Sofort Spielbar,,,Aeris (https://www.notion.so/Aeris-5996f3899d7740fc809fe30a652d20c6?pvs=21),5/5,5/10,,Krieger (https://www.notion.so/Krieger-86700da5b47d4073ae8e37cc896f9162?pvs=21),1,,,,,,Gut Christian,,,Sofort spielbar (https://www.notion.so/Sofort-spielbar-294a02b665464d4ab9d64e4e102d6bd1?pvs=21),"March 31, 2024 6:46 PM",,"January 9, 2025 1:19 PM",,
392,TCG Arena,Mord,No,Ereignis (https://www.notion.so/Ereignis-88e179fa1fd740499a32ee3ed4377596?pvs=21),Zerstöre einen Charakter deiner Wahl.,<key>Zerstöre</key> einen <kind>Charakter</kind> Deiner Wahl.,"Niemand schrie, niemand rührte sich – nur das Blut floss.",Ungeprägt (https://www.notion.so/Ungepr-gt-2fd48ac2c29b47108245679f33342673?pvs=21),,,,,,,,,,6,Gut Christian,,,,"March 31, 2024 6:46 PM",,"July 6, 2025 5:31 PM",Alpha Set  (https://www.notion.so/Alpha-Set-22495bba56ba80dea926d7979a373c53?pvs=21),
393,Playtest,Mächtiger Steingolem,No,Charakter (https://www.notion.so/Charakter-cdfda7ca52aa435bbb22610007798d2f?pvs=21),Verhöhnen (Muss in der Kampfphase als Angriffsziel gewählt werden.),,,Terra (https://www.notion.so/Terra-a6762ab5136d4598aafb8d77da6be70f?pvs=21),50/70,70/50,,Elementarwesen (https://www.notion.so/Elementarwesen-416ecc433e6d4261a4640d1384950176?pvs=21),,,,,2,6,Timon,,,,"March 31, 2024 7:40 PM",,"January 9, 2025 1:19 PM",,
394,Playtest,Meuchelmörder,No,Charakter (https://www.notion.so/Charakter-cdfda7ca52aa435bbb22610007798d2f?pvs=21),"Kann nur Charaktere angreifen
Tödlicher angriff
Kann nur von 2 oder mehr charateren geblockt werden",,,Aeris (https://www.notion.so/Aeris-5996f3899d7740fc809fe30a652d20c6?pvs=21),10/5,0/5,,Gefolge (https://www.notion.so/Gefolge-d8ea55c1066e4abbb15b1b371bd0f320?pvs=21),,2,,,,1,Lukas Loetscher,,,,"April 1, 2024 12:37 PM",,"July 3, 2025 12:56 PM",,
397,TCG Arena,Sprengmeister,No,Charakter (https://www.notion.so/Charakter-cdfda7ca52aa435bbb22610007798d2f?pvs=21),"Doppelblock
Wenn ich angegriffen habe oder an einem Kampf beteiligt war, sterbe ich  am Ende der Kampfphase.","<ability>Doppelblock</ability> <desc><self>Ich</self> darf zwei <key>Gegner</key> gleichzeitig <key>blocken</key>.</desc>
Nachdem <self>ich</self> <key>angegriffen</key> habe oder an einem <key>Kampf</key> beteiligt war, sterbe <self>ich</self> am Ende der <key>Kampfphase</key>.",,Ignis (https://www.notion.so/Ignis-ca68b053cd74404a8fa85893e505b753?pvs=21),50/5,50/5,,Gefolge (https://www.notion.so/Gefolge-d8ea55c1066e4abbb15b1b371bd0f320?pvs=21),,,2,,,2,Gut Christian,,,,"April 4, 2024 10:58 PM",,"July 24, 2025 11:10 PM",,C. Playtest
398,Idee,Rhythmik des Geschehens,No,Ereignis (https://www.notion.so/Ereignis-88e179fa1fd740499a32ee3ed4377596?pvs=21),,,,,,,,,,,,,,,Timon,,,,"April 5, 2024 11:22 AM",,"April 5, 2024 11:22 AM",,
399,Idee,Schrein der ewigen Jagt,No,Manifestation (https://www.notion.so/Manifestation-01fa783543da4ed2964edb521e465bd0?pvs=21),Zu beginn deiner Kampfphase. Du kannst einer deiner Charaktere wählen. Dieser erhält Ansturm bis zum ende des Zuges,,,Aeris (https://www.notion.so/Aeris-5996f3899d7740fc809fe30a652d20c6?pvs=21),,,1,,,,,,,,Timon,,,,"April 5, 2024 11:22 AM",,"July 6, 2025 4:05 PM",,
400,TCG Arena,Glücksritter,Yes,Charakter (https://www.notion.so/Charakter-cdfda7ca52aa435bbb22610007798d2f?pvs=21),"Einzigartig
Immer wenn ich angreife, wirf eine Münze. Bei Kopf wähle ein Ereignis deiner Wahl aus deinem Friedhof und wirke sie, danach verbanne das Ereignis.","Immer wenn <self>ich</self> <key>angreife</key>, wirf eine <key>Münze</key>. Bei <key>Kopf</key> wähle ein <kind>Ereignis</kind> Deiner Wahl aus Deinem <zone>Friedhof</zone> und spiele es. <key>Verbanne</key> es danach.",,Magica (https://www.notion.so/Magica-ba80d98941c8405d875cb3e6fdb6bf34?pvs=21),10/25,20/20,,Adel (https://www.notion.so/Adel-16a95bba56ba8066bc1bc23c764d9b4b?pvs=21),,,,1,,2,Timon,Alle%20Karten%2070ddd0aaafb74f56b205e643b0901290/282.png,,,"April 27, 2024 3:09 PM",,"July 24, 2025 11:11 PM",,C. Playtest
401,TCG Arena,Trügerischer See,No,Manifestation (https://www.notion.so/Manifestation-01fa783543da4ed2964edb521e465bd0?pvs=21),"Immer wenn ein Charakter, den du kontrollierst, das Feld betritt, enttappe eine Elementarkarte deiner wahl.","Immer wenn ein <kind>Charakter</kind>, den Du <key>kontrollierst</key>, das <zone>Feld</zone> <key>betritt</key>, erhole einen <key>Elementar</key> Deiner Wahl.",,Aqua (https://www.notion.so/Aqua-8c3b1bb2cc364f6ba274d390ac8d3800?pvs=21),,,1,,,2,,,,2,Gut Christian,,,,"April 29, 2024 8:30 PM",,"July 24, 2025 11:12 PM",,C. Playtest
402,TCG Arena,"Dahlia bint Ishaq al-Bahar, die Wissenssucherin",Yes,Charakter (https://www.notion.so/Charakter-cdfda7ca52aa435bbb22610007798d2f?pvs=21),"Einzigartig
Wenn ich das Feld betrete, wende zwei mal “Herbeirufen 3” an.","Wenn <self>ich</self> das <zone>Feld</zone> <key>betrete</key>, wende <ability>2 × Herbeirufen 3</ability> an. <desc>Decke 5 Karten von Deinem Deck auf und nimm eine mit Kosten 3 oder weniger auf die <zone>Hand</zone>. Lege dann alle anderen so aufgedeckten Karten gemischt unter Dein Deck.</desc>","""Wir stehen zusammen, ungebeugt und frei”",Aqua (https://www.notion.so/Aqua-8c3b1bb2cc364f6ba274d390ac8d3800?pvs=21),20/20,15/15,,Gefolge (https://www.notion.so/Gefolge-d8ea55c1066e4abbb15b1b371bd0f320?pvs=21),,2,,,,3,Gut Christian,Alle%20Karten%2070ddd0aaafb74f56b205e643b0901290/62dc980ea4c4-IMG_7597_(1).jpeg,Dahlia bint Ishaq al-Bahar (https://www.notion.so/Dahlia-bint-Ishaq-al-Bahar-8df28018255943c9820fdee90396560b?pvs=21),"Herbeirufen X (https://www.notion.so/Herbeirufen-X-5882301e51d74fe689ccb0cd514b1ebe?pvs=21), Einzigartig (https://www.notion.so/Einzigartig-6922b018ce444b998180b93ddb0997ab?pvs=21)","April 29, 2024 8:47 PM",,"July 7, 2025 12:22 AM",Alpha Set  (https://www.notion.so/Alpha-Set-22495bba56ba80dea926d7979a373c53?pvs=21),C. Playtest
403,Playtest,Provozierender Frosch,No,Charakter (https://www.notion.so/Charakter-cdfda7ca52aa435bbb22610007798d2f?pvs=21),"Verhöhnen, Tödlicher Angriff,",,,Aqua (https://www.notion.so/Aqua-8c3b1bb2cc364f6ba274d390ac8d3800?pvs=21),5/5,5/5,,Bestie (https://www.notion.so/Bestie-95ad0a0b63a24c66940280fe886abd05?pvs=21),,1,,,,2,Gut Christian,,,"Verhöhnen (https://www.notion.so/Verh-hnen-aa6cd2e92ef04f59b2a2be3ad74aafdb?pvs=21), Tödlicher Angriff (https://www.notion.so/T-dlicher-Angriff-538a0d5fc59549cbba6c864cc313b0be?pvs=21)","April 29, 2024 8:48 PM",,"May 17, 2025 5:23 PM",,C. Playtest
404,Idee,Kleiner Magicaschrein,No,Manifestation (https://www.notion.so/Manifestation-01fa783543da4ed2964edb521e465bd0?pvs=21),Zu Beginn deines Zuges darfst Du einen Charakter auf die Hand seines Besitzers schicken.,,,Magica (https://www.notion.so/Magica-ba80d98941c8405d875cb3e6fdb6bf34?pvs=21),,,1,,,,,,,,Timon,,,,"April 29, 2024 9:14 PM",,"April 29, 2024 9:14 PM",,
405,Idee,Crowd Funding,No,,,,,,,,,,,,,,,,Jan Appel,,,,"May 2, 2024 11:02 AM",,"May 2, 2024 11:02 AM",,
406,TCG Arena,"Kasha, Champion des Wandels",Yes,Charakter (https://www.notion.so/Charakter-cdfda7ca52aa435bbb22610007798d2f?pvs=21),"Einzigartig, Angreifer, Ansturm,
Ich muss immer angreifen, falls möglich.","<ability>Angreifer</ability> <desc><self>Ich</self> darf nur in <key>Angriffsposition</key> stehen.</desc>
<ability>Ansturm</ability> <desc><self>Ich</self> darf in dem <key>Zug</key> <key>angreifen</key>, in dem <self>ich</self> auf das <zone>Feld</zone> gekommen bin.</desc>
<self>Ich</self> <key>greife an</key>, wann immer <self>ich</self> kann.","“Ihr nennt mich Wahnsinn, doch ich bin der Tanz des Wandels, den keiner wagt, zu führen!”",Ignis (https://www.notion.so/Ignis-ca68b053cd74404a8fa85893e505b753?pvs=21),35/25,–/–,,Krieger (https://www.notion.so/Krieger-86700da5b47d4073ae8e37cc896f9162?pvs=21),,,2,,,2,Gut Christian,Alle%20Karten%2070ddd0aaafb74f56b205e643b0901290/Kasha_2.jpg,"Kasha, “Champion des Wandels” (https://www.notion.so/Kasha-Champion-des-Wandels-8e36b93a84f5444a8cac62f76ea566ac?pvs=21)","Angreifer (https://www.notion.so/Angreifer-a780fd99001041ed940897d1c00f7f6e?pvs=21), Einzigartig (https://www.notion.so/Einzigartig-6922b018ce444b998180b93ddb0997ab?pvs=21), Schildbrecher (https://www.notion.so/Schildbrecher-4252afe78ba94682a510ff5b8b736467?pvs=21)","May 27, 2024 2:14 PM",,"July 6, 2025 10:51 PM",Alpha Set  (https://www.notion.so/Alpha-Set-22495bba56ba80dea926d7979a373c53?pvs=21),C. Playtest
407,TCG Arena,"Annun Kamik, der Eismagier",Yes,Charakter (https://www.notion.so/Charakter-cdfda7ca52aa435bbb22610007798d2f?pvs=21),"Einzigartig
Wenn ich das Feld betrete, verbanne einen Charakter mit Elementarkosten 4 oder weniger, bis ich das Feld verlasse.","Wenn <self>ich</self> das <zone>Feld</zone> <key>betrete</key>, schicke einen <kind>Charakter</kind> mit <key>Elementarkosten</key> 4 oder weniger ins <zone>Exil</zone>, bis <self>ich</self> das <zone>Feld</zone> verlasse.","“Albträume zeigen uns, was zerstört werden muss, damit Neues entstehen kann.”",Magica (https://www.notion.so/Magica-ba80d98941c8405d875cb3e6fdb6bf34?pvs=21),35/20,20/20,,Magier (https://www.notion.so/Magier-3a53f2f6a1ef426b8a25520ab3d354b1?pvs=21),,,,3,,2,Gut Christian,Alle%20Karten%2070ddd0aaafb74f56b205e643b0901290/Anun.jpg,"Annun Kamik, der Eismagier (https://www.notion.so/Annun-Kamik-der-Eismagier-08e0b53723d24f4888a4e173d20593cb?pvs=21)",Einzigartig (https://www.notion.so/Einzigartig-6922b018ce444b998180b93ddb0997ab?pvs=21),"May 27, 2024 2:27 PM",,"July 6, 2025 3:28 PM",Alpha Set  (https://www.notion.so/Alpha-Set-22495bba56ba80dea926d7979a373c53?pvs=21),C. Playtest
408,Experiment,Der Aussenseiter,Yes,Charakter (https://www.notion.so/Charakter-cdfda7ca52aa435bbb22610007798d2f?pvs=21),"Kultist
Einzigartig
Wenn dieser Charakter ins Spiel kommt, nimmt dein Gegner einen Charakter deiner Wahl auf seine Hand zurück.
Solange du eine Manifestation kontrollierst, kann dieser Charakter nicht angegriffen werden.",,,"Untitled (https://www.notion.so/d35d25d325c743149e1776eb8ab81078?pvs=21), Ungeprägt (https://www.notion.so/Ungepr-gt-2fd48ac2c29b47108245679f33342673?pvs=21)",15/15,15/15,,,,,,,,5,Gut Christian,,,,"June 4, 2024 9:45 PM",,"July 3, 2025 3:14 PM",,
409,Experiment,Kultisten,No,Charakter (https://www.notion.so/Charakter-cdfda7ca52aa435bbb22610007798d2f?pvs=21),"Kultist
Für jede Manifestation die du kontrollierst erhält dieser Charakter +10/10",,,"Ungeprägt (https://www.notion.so/Ungepr-gt-2fd48ac2c29b47108245679f33342673?pvs=21), Untitled (https://www.notion.so/d35d25d325c743149e1776eb8ab81078?pvs=21)",10/10,10/10,,,,,,,,2,Gut Christian,,,,"June 4, 2024 9:56 PM",,"September 9, 2024 4:56 PM",,
410,Experiment,Richard Upton Pickman,Yes,Charakter (https://www.notion.so/Charakter-cdfda7ca52aa435bbb22610007798d2f?pvs=21),"Kultist
Einzigartig 
Wenn dieser Charakter das Feld betritt durchsuche dein Deck oder Friedhof nach der Karte “Pickmans Modell” und nimm sie auf die Hand.",,,"Ungeprägt (https://www.notion.so/Ungepr-gt-2fd48ac2c29b47108245679f33342673?pvs=21), Untitled (https://www.notion.so/d35d25d325c743149e1776eb8ab81078?pvs=21)",30/30,30/30,,,,,,,,4,Gut Christian,,,,"June 4, 2024 9:57 PM",,"July 3, 2025 4:49 PM",,
411,Experiment,Lavinia Whateley,Yes,Charakter (https://www.notion.so/Charakter-cdfda7ca52aa435bbb22610007798d2f?pvs=21),"Kultist
Einzigartig
Wenn dieser Charakter Stirbt durchsuche dein Deck, deine Hand oder Friedhof nach “Wilbur Whateley” und lege ihn auf das Feld.",,,"Ungeprägt (https://www.notion.so/Ungepr-gt-2fd48ac2c29b47108245679f33342673?pvs=21), Untitled (https://www.notion.so/d35d25d325c743149e1776eb8ab81078?pvs=21)",10/10,10/10,,,,,,,,7,Gut Christian,,,,"June 4, 2024 10:01 PM",,"July 3, 2025 4:49 PM",,
412,Experiment,Wilbur Whateley,Yes,Charakter (https://www.notion.so/Charakter-cdfda7ca52aa435bbb22610007798d2f?pvs=21),"Kultist
Einzigartig
Entferne diese Karte vor Spielbeginn aus deinem Deck. Mische diese Karte nach dem ausspielen der Schild und Elementarkarten wieder in dein Deck. 
Kann nicht als Elementar gelegt werden, Kann nicht beschworen werden, Ruft beim Tod Dunwich Horror herbei, aus dem Deck, der Hand oder dem Friedhof.",,,"Ungeprägt (https://www.notion.so/Ungepr-gt-2fd48ac2c29b47108245679f33342673?pvs=21), Untitled (https://www.notion.so/d35d25d325c743149e1776eb8ab81078?pvs=21)",30/30,30/30,,,,,,,,,Gut Christian,Alle%20Karten%2070ddd0aaafb74f56b205e643b0901290/Wilbur_Whateley.png,,,"June 4, 2024 10:05 PM",,"July 3, 2025 3:14 PM",,
413,Experiment,Dunwich Horror,Yes,Charakter (https://www.notion.so/Charakter-cdfda7ca52aa435bbb22610007798d2f?pvs=21),"Old One
Einzigartig
Entferne diese Karte vor Spielbeginn aus deinem Deck. Mische diese Karte nach dem ausspielen der Schild und Elementarkarten wieder in dein Deck. 
Kann nicht als Mana gelegt werden, Kann nicht beschworen werden",,,"Ungeprägt (https://www.notion.so/Ungepr-gt-2fd48ac2c29b47108245679f33342673?pvs=21), Untitled (https://www.notion.so/d35d25d325c743149e1776eb8ab81078?pvs=21)",50/50,50/50,,,,,,,,,Gut Christian,,,,"June 4, 2024 10:07 PM",,"July 3, 2025 3:14 PM",,
414,Experiment,Herbert West - Reanimator,Yes,Charakter (https://www.notion.so/Charakter-cdfda7ca52aa435bbb22610007798d2f?pvs=21),"Kultist
Einzigartig
Immer wenn Herbert West - Reanimator angreift, wirf eine Münze, bei Kopf bringe ein Kultist deiner Wahl aus dem Friedhof aufs Feld.",,,"Ungeprägt (https://www.notion.so/Ungepr-gt-2fd48ac2c29b47108245679f33342673?pvs=21), Untitled (https://www.notion.so/d35d25d325c743149e1776eb8ab81078?pvs=21)",15/15,15/15,,,,,,,,3,Gut Christian,,,,"June 4, 2024 10:09 PM",,"July 3, 2025 4:49 PM",,
415,Experiment,U-Boot U29,Yes,Charakter (https://www.notion.so/Charakter-cdfda7ca52aa435bbb22610007798d2f?pvs=21),"Kultist
Einzigartig, Verteidiger,
Wenn dieser Charakter das Feld betritt und du “Graf von Altberg-Ehrenstein” kontrollierst, durchsuche dein Deck, deine Hand und dein Friedhof nach “Der Tempel” und lege ihn auf das Feld.",,,"Ungeprägt (https://www.notion.so/Ungepr-gt-2fd48ac2c29b47108245679f33342673?pvs=21), Untitled (https://www.notion.so/d35d25d325c743149e1776eb8ab81078?pvs=21)",-/-,30/30,,,,,,,,4,Gut Christian,,,,"June 4, 2024 10:13 PM",,"July 3, 2025 4:49 PM",,
416,Experiment,Graf von Altberg-Ehrenstein,Yes,Charakter (https://www.notion.so/Charakter-cdfda7ca52aa435bbb22610007798d2f?pvs=21),"Kultist
Einzigartig, Verteidiger,
Wenn dieser Charakter das Feld betritt und du “U-Boot U29” kontrollierst, durchsuche dein Deck, deine Hand und dein Friedhof nach “Der Tempel” und lege ihn auf das Feld.",,,"Ungeprägt (https://www.notion.so/Ungepr-gt-2fd48ac2c29b47108245679f33342673?pvs=21), Untitled (https://www.notion.so/d35d25d325c743149e1776eb8ab81078?pvs=21)",-/-,20/20,,,,,,,,4,Gut Christian,,,,"June 4, 2024 10:20 PM",,"July 3, 2025 4:49 PM",,
417,Experiment,Joseph Curwen,Yes,Charakter (https://www.notion.so/Charakter-cdfda7ca52aa435bbb22610007798d2f?pvs=21),"Kultist
Einzigartig
Wenn dieser Charakter das Feld betritt übernimm die Kontrolle über einen Charakter, lege “Joseph Curwen”  unter diese Karte. Stirbt der Charakter werden beide Karten in den Friedhof ihres Besitzers gelegt.",,,"Ungeprägt (https://www.notion.so/Ungepr-gt-2fd48ac2c29b47108245679f33342673?pvs=21), Untitled (https://www.notion.so/d35d25d325c743149e1776eb8ab81078?pvs=21)",-/-,-/-,,,,,,,,6,Gut Christian,,,,"June 4, 2024 10:21 PM",,"July 3, 2025 4:49 PM",,
418,Experiment,Robert Olmstead,No,Charakter (https://www.notion.so/Charakter-cdfda7ca52aa435bbb22610007798d2f?pvs=21),"Kultist
Wenn dieser Charakter das Feld betritt, lege zwei münzen darauf.
zu Beginn deines Zuges entferne eine Münze.
Sobald du die letzte Münze entfernst, durchsuche dein Deck, Hand und Friedhof nach “Tiefenwesen” und lege ihn auf das Feld.",,,"Ungeprägt (https://www.notion.so/Ungepr-gt-2fd48ac2c29b47108245679f33342673?pvs=21), Untitled (https://www.notion.so/d35d25d325c743149e1776eb8ab81078?pvs=21)",10/10,10/10,,,,,,,,1,Gut Christian,,,,"June 4, 2024 10:32 PM",,"July 3, 2025 4:49 PM",,
419,Experiment,Charles le Sorcier,Yes,Charakter (https://www.notion.so/Charakter-cdfda7ca52aa435bbb22610007798d2f?pvs=21),"Kultist
Einzigartig
Am Ende deines Zuges nimm “Charles le Sorcier” vom Friedhof auf deine Hand.",,,"Ungeprägt (https://www.notion.so/Ungepr-gt-2fd48ac2c29b47108245679f33342673?pvs=21), Untitled (https://www.notion.so/d35d25d325c743149e1776eb8ab81078?pvs=21)",20/20,20/20,,,,,,,,4,Gut Christian,,,,"June 4, 2024 10:39 PM",,"July 3, 2025 3:14 PM",,
420,Experiment,Cthulu`s Präsenz,Yes,Charakter (https://www.notion.so/Charakter-cdfda7ca52aa435bbb22610007798d2f?pvs=21),"Old One
Einzigartig
Feldzauber
Diese Karte kann nicht zerstört werden.
Alle Kultisten und Monster erhalten +10/+10.
Wenn diese Karte das Feld betritt erhalten alle Charaktere Wahnsinn bis am Ende des Zuges.",,,"Untitled (https://www.notion.so/d35d25d325c743149e1776eb8ab81078?pvs=21), Ungeprägt (https://www.notion.so/Ungepr-gt-2fd48ac2c29b47108245679f33342673?pvs=21)",-/-,-/-,,,,,,,,7,Gut Christian,,,,"June 10, 2024 1:40 PM",,"July 3, 2025 4:49 PM",,
421,Experiment,Vater Dagon,Yes,Charakter (https://www.notion.so/Charakter-cdfda7ca52aa435bbb22610007798d2f?pvs=21),"Old One
Einzigartig
Monster erhalten +5/+0 für jedes Monster auf dem Feld das du kontrollierst.",,,"Ungeprägt (https://www.notion.so/Ungepr-gt-2fd48ac2c29b47108245679f33342673?pvs=21), Untitled (https://www.notion.so/d35d25d325c743149e1776eb8ab81078?pvs=21)",50/50,50/50,,,,,,,,7,Gut Christian,,,,"June 10, 2024 1:49 PM",,"July 3, 2025 4:48 PM",,
422,Experiment,Mutter Hydra,Yes,Charakter (https://www.notion.so/Charakter-cdfda7ca52aa435bbb22610007798d2f?pvs=21),"Old One
Einzigartig
Monster erhalten +0/+5 für jedes Monster auf dem Feld das du kontrollierst.",,,"Untitled (https://www.notion.so/d35d25d325c743149e1776eb8ab81078?pvs=21), Ungeprägt (https://www.notion.so/Ungepr-gt-2fd48ac2c29b47108245679f33342673?pvs=21)",50/50,50/50,,,,,,,,7,Gut Christian,,,,"June 10, 2024 1:52 PM",,"July 3, 2025 4:48 PM",,
423,Experiment,Jäger der Finsternis,No,Charakter (https://www.notion.so/Charakter-cdfda7ca52aa435bbb22610007798d2f?pvs=21),"Monster
Angreifer
Ansturm
Kann keine Schildkarten angreifen.",,,"Untitled (https://www.notion.so/d35d25d325c743149e1776eb8ab81078?pvs=21), Ungeprägt (https://www.notion.so/Ungepr-gt-2fd48ac2c29b47108245679f33342673?pvs=21)",30/70,-/-,,,,,,,,7,Gut Christian,,,,"June 10, 2024 1:55 PM",,"July 6, 2025 4:05 PM",,
424,Experiment,Shoggothen,No,Charakter (https://www.notion.so/Charakter-cdfda7ca52aa435bbb22610007798d2f?pvs=21),Monster,,,"Untitled (https://www.notion.so/d35d25d325c743149e1776eb8ab81078?pvs=21), Ungeprägt (https://www.notion.so/Ungepr-gt-2fd48ac2c29b47108245679f33342673?pvs=21)",50/50,50/50,,,,,,,,5,Gut Christian,,,,"June 10, 2024 1:57 PM",,"September 9, 2024 5:00 PM",,
425,Experiment,Sternengezücht,No,Charakter (https://www.notion.so/Charakter-cdfda7ca52aa435bbb22610007798d2f?pvs=21),"Monster
Zahle 3 Elemente, dieser Charakter wird in diesem Zug unblockbar und kann den Spieler nicht direkt angreifen.",,,"Untitled (https://www.notion.so/d35d25d325c743149e1776eb8ab81078?pvs=21), Ungeprägt (https://www.notion.so/Ungepr-gt-2fd48ac2c29b47108245679f33342673?pvs=21)",20/20,20/20,,,,,,,,3,Gut Christian,,,,"June 10, 2024 1:59 PM",,"September 26, 2024 6:43 PM",,
426,Experiment,Mi-Go,No,Charakter (https://www.notion.so/Charakter-cdfda7ca52aa435bbb22610007798d2f?pvs=21),Monster,,,"Untitled (https://www.notion.so/d35d25d325c743149e1776eb8ab81078?pvs=21), Ungeprägt (https://www.notion.so/Ungepr-gt-2fd48ac2c29b47108245679f33342673?pvs=21)",30/30,30/30,,,,,,,,3,Gut Christian,,,,"June 10, 2024 2:03 PM",,"September 9, 2024 4:58 PM",,
427,Experiment,Tiefenwesen,No,Charakter (https://www.notion.so/Charakter-cdfda7ca52aa435bbb22610007798d2f?pvs=21),Monster,,,"Untitled (https://www.notion.so/d35d25d325c743149e1776eb8ab81078?pvs=21), Ungeprägt (https://www.notion.so/Ungepr-gt-2fd48ac2c29b47108245679f33342673?pvs=21)",20/20,20/20,,,,,,,,2,Gut Christian,,,,"June 10, 2024 2:05 PM",,"September 9, 2024 4:57 PM",,
428,Experiment,Pickmans Modell,No,Charakter (https://www.notion.so/Charakter-cdfda7ca52aa435bbb22610007798d2f?pvs=21),Monster,,,"Untitled (https://www.notion.so/d35d25d325c743149e1776eb8ab81078?pvs=21), Ungeprägt (https://www.notion.so/Ungepr-gt-2fd48ac2c29b47108245679f33342673?pvs=21)",40/40,40/40,,,,,,,,4,Gut Christian,,,,"June 10, 2024 2:06 PM",,"September 9, 2024 4:59 PM",,
429,Experiment,Brown Jenkins,Yes,Charakter (https://www.notion.so/Charakter-cdfda7ca52aa435bbb22610007798d2f?pvs=21),"Monster
Einzigartig
Nachschub",,,"Untitled (https://www.notion.so/d35d25d325c743149e1776eb8ab81078?pvs=21), Ungeprägt (https://www.notion.so/Ungepr-gt-2fd48ac2c29b47108245679f33342673?pvs=21)",0/5,5/5,,,,,,,,2,Gut Christian,,,,"June 10, 2024 2:07 PM",,"July 3, 2025 3:14 PM",,
430,Experiment,Bewohner von Yith,No,Charakter (https://www.notion.so/Charakter-cdfda7ca52aa435bbb22610007798d2f?pvs=21),"Monster
Wenn dieser Charakter das Feld betritt übernimm die Kontrolle eines Charakters, den du nicht kontrollierst bis zum Ende des Zuges. Der Charakter erhält Ansturm und darf nur Charaktere angreifen.",,,"Untitled (https://www.notion.so/d35d25d325c743149e1776eb8ab81078?pvs=21), Ungeprägt (https://www.notion.so/Ungepr-gt-2fd48ac2c29b47108245679f33342673?pvs=21)",5/5,5/5,,,,,,,,5,Gut Christian,,,,"June 10, 2024 2:09 PM",,"July 6, 2025 4:05 PM",,
431,Experiment,Hund von Tindalos,No,Charakter (https://www.notion.so/Charakter-cdfda7ca52aa435bbb22610007798d2f?pvs=21),"Monster
Wenn der Gegner eine Karte zieht, abgesehen von der ersten Karte im schritt “Karte ziehen” tappe eine Elementarkarte des Gegners.",,,"Untitled (https://www.notion.so/d35d25d325c743149e1776eb8ab81078?pvs=21), Ungeprägt (https://www.notion.so/Ungepr-gt-2fd48ac2c29b47108245679f33342673?pvs=21)",20/20,20/20,,,,,,,,3,Gut Christian,,,,"June 10, 2024 2:13 PM",,"September 9, 2024 4:58 PM",,
432,Experiment,Namenlose Katze,No,Charakter (https://www.notion.so/Charakter-cdfda7ca52aa435bbb22610007798d2f?pvs=21),"Monster
Wenn dieser Charakter das Feld betritt, erhalte eine zufällige Manifestation aus deinem Deck auf die Hand.",,Sag niemals ihren Namen.,"Untitled (https://www.notion.so/d35d25d325c743149e1776eb8ab81078?pvs=21), Ungeprägt (https://www.notion.so/Ungepr-gt-2fd48ac2c29b47108245679f33342673?pvs=21)",5/5,5/5,,,,,,,,1,Gut Christian,,,,"June 10, 2024 2:17 PM",,"July 3, 2025 4:49 PM",,
433,Experiment,Die Farbe aus dem All,Yes,Charakter (https://www.notion.so/Charakter-cdfda7ca52aa435bbb22610007798d2f?pvs=21),"Old One
Einzigartig
Alle anderen Charaktere erhalten -10/-10 solange sich die Farbe aus dem All auf dem Feld befindet.
Wenn dieser Charakter das Feld betritt zerstöre eine Elementarkarte.",,,"Untitled (https://www.notion.so/d35d25d325c743149e1776eb8ab81078?pvs=21), Ungeprägt (https://www.notion.so/Ungepr-gt-2fd48ac2c29b47108245679f33342673?pvs=21)",40/40,50/50,,,,,,,,7,Gut Christian,,,,"June 10, 2024 2:20 PM",,"July 4, 2025 1:50 PM",,
434,Experiment,Manuskript - Der König in Gelb,No,Ereignis (https://www.notion.so/Ereignis-88e179fa1fd740499a32ee3ed4377596?pvs=21),Ein Charakter deiner Wahl erhält Wahnsinn,,,"Untitled (https://www.notion.so/d35d25d325c743149e1776eb8ab81078?pvs=21), Ungeprägt (https://www.notion.so/Ungepr-gt-2fd48ac2c29b47108245679f33342673?pvs=21)",,,,,,,,,,2,Gut Christian,,,,"June 10, 2024 2:25 PM",,"September 26, 2024 5:58 PM",,
435,Experiment,Die geliebten Toten,No,Ereignis (https://www.notion.so/Ereignis-88e179fa1fd740499a32ee3ed4377596?pvs=21),Ein Kultist deiner Wahl von deinem Friedhof kommt auf das Feld zurück. Der Charakter erhält Wahnsinn bis zum ende des Zuges.,,,"Untitled (https://www.notion.so/d35d25d325c743149e1776eb8ab81078?pvs=21), Ungeprägt (https://www.notion.so/Ungepr-gt-2fd48ac2c29b47108245679f33342673?pvs=21)",,,,,,,,,,4,Gut Christian,,,,"June 10, 2024 2:27 PM",,"July 3, 2025 4:49 PM",,
436,Experiment,Azathoth Erwacht,No,Ereignis (https://www.notion.so/Ereignis-88e179fa1fd740499a32ee3ed4377596?pvs=21),"Ermittle für alle Spieler einen zufälligen Charakter oder Manifestation .
Zerstöre alle anderen Charaktere und Manifestationen.",,,"Untitled (https://www.notion.so/d35d25d325c743149e1776eb8ab81078?pvs=21), Ungeprägt (https://www.notion.so/Ungepr-gt-2fd48ac2c29b47108245679f33342673?pvs=21)",,,,,,,,,,6,Gut Christian,,,,"June 10, 2024 2:29 PM",,"September 26, 2024 6:22 PM",,
437,Experiment,Azathoth Träumt,No,Ereignis (https://www.notion.so/Ereignis-88e179fa1fd740499a32ee3ed4377596?pvs=21),"Sofort spielbar
Zerstöre von jedem Spieler einen zufälligen Charakter oder Manifestation.",,,"Untitled (https://www.notion.so/d35d25d325c743149e1776eb8ab81078?pvs=21), Ungeprägt (https://www.notion.so/Ungepr-gt-2fd48ac2c29b47108245679f33342673?pvs=21)",,,,,,,,,,3,Gut Christian,,,,"June 10, 2024 2:32 PM",,"September 26, 2024 6:41 PM",,
438,Experiment,Die Musik des Erich Zann,No,Ereignis (https://www.notion.so/Ereignis-88e179fa1fd740499a32ee3ed4377596?pvs=21),"Sofort spielbar
Verhindere dass eine Charakter oder Manifestation ins Spiel kommt.",,,"Untitled (https://www.notion.so/d35d25d325c743149e1776eb8ab81078?pvs=21), Ungeprägt (https://www.notion.so/Ungepr-gt-2fd48ac2c29b47108245679f33342673?pvs=21)",,,,,,,,,,3,Gut Christian,,,,"June 10, 2024 2:34 PM",,"October 27, 2024 11:02 AM",,
439,Experiment,Das Necronomicon Lesen,No,Ereignis (https://www.notion.so/Ereignis-88e179fa1fd740499a32ee3ed4377596?pvs=21),"Sofort spielbar
Sehe dir eine beliebige Schildkarte oder eine beliebige Handkarte des Gegners an.",,,"Untitled (https://www.notion.so/d35d25d325c743149e1776eb8ab81078?pvs=21), Ungeprägt (https://www.notion.so/Ungepr-gt-2fd48ac2c29b47108245679f33342673?pvs=21)",,,,,,,,,,2,Gut Christian,,,,"June 10, 2024 2:36 PM",,"September 26, 2024 6:41 PM",,
440,Experiment,Carcosa,No,Manifestation (https://www.notion.so/Manifestation-01fa783543da4ed2964edb521e465bd0?pvs=21),"Kann nur einmal im Deck sein, Ziehe am Anfang des Spiels diese Karte aus dem Deck und spiele sie als eine deiner Schildkarten, wenn dieser Schild zerstört wird, der Charakter der diesen Schild zerstört hat wird auf den Friedhof gelegt. Carcosa kommt ebenfalls auf den Friedhof.",,,"Untitled (https://www.notion.so/d35d25d325c743149e1776eb8ab81078?pvs=21), Ungeprägt (https://www.notion.so/Ungepr-gt-2fd48ac2c29b47108245679f33342673?pvs=21)",,,,,,,,,,,Gut Christian,,,,"June 10, 2024 2:56 PM",,"September 12, 2024 9:30 AM",,
441,Experiment,Innsmouth,No,Manifestation (https://www.notion.so/Manifestation-01fa783543da4ed2964edb521e465bd0?pvs=21),"Wirf am Ende deines Zuges eine Münze. Durchsuche bei Kopf dein Deck nach einem Tiefenwesen und nimm es auf die Hand. Befindet sich in deinem Deck kein Sternengezücht, darfst du auch deinen Friedhof durchsuchen. Mische dann dein Deck.",,,"Untitled (https://www.notion.so/d35d25d325c743149e1776eb8ab81078?pvs=21), Ungeprägt (https://www.notion.so/Ungepr-gt-2fd48ac2c29b47108245679f33342673?pvs=21)",,,,,,,,,,2,Gut Christian,,,,"June 10, 2024 2:59 PM",,"October 25, 2024 1:20 PM",,
442,Experiment,Hexenhaus,No,Manifestation (https://www.notion.so/Manifestation-01fa783543da4ed2964edb521e465bd0?pvs=21),"Brown Jenkins kostet ein Element weniger.
Opfere diese Manifestation um einen Charakter den du kontrollierst der eine Schildkarte angreift bis zum ende des Zuges unblockbar zu machen.",,,"Untitled (https://www.notion.so/d35d25d325c743149e1776eb8ab81078?pvs=21), Ungeprägt (https://www.notion.so/Ungepr-gt-2fd48ac2c29b47108245679f33342673?pvs=21)",,,,,,,,,,2,Gut Christian,,,,"June 10, 2024 3:04 PM",,"September 9, 2024 4:57 PM",,
443,Experiment,Der Schwarze Stein,No,Manifestation (https://www.notion.so/Manifestation-01fa783543da4ed2964edb521e465bd0?pvs=21),"Am Ende deines Zuges darfst du entweder einen Kultisten vom Feld opfern oder einen Kultist von deiner Hand auf den Friedhof legen.
Wenn du das machst durchsuche dein Deck oder Friedhof nach einem Old One und nimm diesen auf die Hand.",,,"Untitled (https://www.notion.so/d35d25d325c743149e1776eb8ab81078?pvs=21), Ungeprägt (https://www.notion.so/Ungepr-gt-2fd48ac2c29b47108245679f33342673?pvs=21)",,,,,,,,,,5,Gut Christian,,,,"June 10, 2024 3:08 PM",,"July 3, 2025 4:49 PM",,
444,Experiment,Der Tempel,No,Manifestation (https://www.notion.so/Manifestation-01fa783543da4ed2964edb521e465bd0?pvs=21),"Entferne diese Karte vor Spielbeginn aus deinem Deck. Mische diese Karte nach dem ausspielen der Schild und Elementarkarten wieder in dein Deck. Kann nicht als Elementar gelegt werden, Kann nicht beschworen werden, Verhöhnen, 3 mal Bannkreis",,,"Untitled (https://www.notion.so/d35d25d325c743149e1776eb8ab81078?pvs=21), Ungeprägt (https://www.notion.so/Ungepr-gt-2fd48ac2c29b47108245679f33342673?pvs=21)",,,2,,,,,,,,Gut Christian,,,,"June 10, 2024 3:11 PM",,"October 23, 2024 12:20 PM",,
445,Experiment,Dunwich,No,Manifestation (https://www.notion.so/Manifestation-01fa783543da4ed2964edb521e465bd0?pvs=21),"Lavinia Whateley kostet drei Elemente weniger.
 
Auch als Manifestation gespielt kann Dunwich wie ein Element eingesetzt werden.",,,"Untitled (https://www.notion.so/d35d25d325c743149e1776eb8ab81078?pvs=21), Ungeprägt (https://www.notion.so/Ungepr-gt-2fd48ac2c29b47108245679f33342673?pvs=21)",,,,,,,,,,4,Gut Christian,,,,"June 10, 2024 3:13 PM",,"September 26, 2024 6:19 PM",,
446,Experiment,Miskatonic-Universität,No,Manifestation (https://www.notion.so/Manifestation-01fa783543da4ed2964edb521e465bd0?pvs=21),Wirf am Ende deines Zuges eine Münze. Bei Kopf erhalte ein Ereignis aus dem Deck auf die Hand.,,,"Untitled (https://www.notion.so/d35d25d325c743149e1776eb8ab81078?pvs=21), Ungeprägt (https://www.notion.so/Ungepr-gt-2fd48ac2c29b47108245679f33342673?pvs=21)",,,,,,,,,,4,Gut Christian,,,,"June 10, 2024 3:15 PM",,"September 26, 2024 6:17 PM",,
447,Experiment,Die Verfluchte Heide,No,Manifestation (https://www.notion.so/Manifestation-01fa783543da4ed2964edb521e465bd0?pvs=21),"Kann nicht zerstört werden.
Wenn diese Manifestation das Feld betritt, zerstöre eine zufällige Elementarkarte eines Gegners.
Alle Charaktere erhalten -5/0.",,,"Untitled (https://www.notion.so/d35d25d325c743149e1776eb8ab81078?pvs=21), Ungeprägt (https://www.notion.so/Ungepr-gt-2fd48ac2c29b47108245679f33342673?pvs=21)",,,,,,,,,,6,Gut Christian,,,,"June 10, 2024 3:18 PM",,"July 3, 2025 4:49 PM",,
448,Experiment,R`lyeh,No,Manifestation (https://www.notion.so/Manifestation-01fa783543da4ed2964edb521e465bd0?pvs=21),"Wirf am Ende deines Zuges eine Münze. Durchsuche bei Kopf dein Deck nach einem Sternengezücht und nimm es auf die Hand. Befindet sich in deinem Deck kein Sternengezücht, darfst du auch deinen Friedhof durchsuchen. Mische dann dein Deck.",,,"Untitled (https://www.notion.so/d35d25d325c743149e1776eb8ab81078?pvs=21), Ungeprägt (https://www.notion.so/Ungepr-gt-2fd48ac2c29b47108245679f33342673?pvs=21)",,,,,,,,,,5,Gut Christian,,,,"June 10, 2024 3:25 PM",,"October 27, 2024 11:08 AM",,
449,Experiment,Monolith,No,Manifestation (https://www.notion.so/Manifestation-01fa783543da4ed2964edb521e465bd0?pvs=21),Zu Beginn der ersten Hauptphase erhält ein Charakter deiner Wahl ein Bannkreis. Entferne diesen Bannkreis zu Beginn deines nächsten Zuges.,,,"Untitled (https://www.notion.so/d35d25d325c743149e1776eb8ab81078?pvs=21), Ungeprägt (https://www.notion.so/Ungepr-gt-2fd48ac2c29b47108245679f33342673?pvs=21)",,,,,,,,,,4,Gut Christian,,,,"June 10, 2024 3:26 PM",,"September 9, 2024 5:00 PM",,
451,Experiment,Y`ha-nthlei,No,Manifestation (https://www.notion.so/Manifestation-01fa783543da4ed2964edb521e465bd0?pvs=21),"Dagon und Hydra kosten zwei Elemente weniger.
Dagan und Hydra betreten das Feld mit je einem Bannkreis.",,,"Untitled (https://www.notion.so/d35d25d325c743149e1776eb8ab81078?pvs=21), Ungeprägt (https://www.notion.so/Ungepr-gt-2fd48ac2c29b47108245679f33342673?pvs=21)",,,,,,,,,,3,Gut Christian,,,,"June 10, 2024 3:30 PM",,"July 3, 2025 4:49 PM",,
452,TCG Arena,Verheerendes Beben,No,Ereignis (https://www.notion.so/Ereignis-88e179fa1fd740499a32ee3ed4377596?pvs=21),Zerstöre eine Manifestation oder eine Elementarkarte deiner wahl.,Zerstöre eine <kind>Manifestation</kind> oder eine <key>Elementarkarte</key> Deiner Wahl.,,Terra (https://www.notion.so/Terra-a6762ab5136d4598aafb8d77da6be70f?pvs=21),,,,,,,,,2,1,Gut Christian,Alle%20Karten%2070ddd0aaafb74f56b205e643b0901290/452.png,,,"June 17, 2024 4:00 PM",,"July 24, 2025 11:12 PM",,C. Playtest
453,TCG Arena,"Aramis von Rabenstein, Priester des Lichts",Yes,Charakter (https://www.notion.so/Charakter-cdfda7ca52aa435bbb22610007798d2f?pvs=21),"Einzigartig
Bannkreis 2
OPT: du darfst einen Bannkreis von mir auf einen anderen Charakter verschieben.","<ability>Bannkreis 2</ability> <desc>Ich <key>betrete</key> das <zone>Feld</zone> mit 2 <key>Bannkreisen</key>, die allen <key>Schaden</key> abwehren.</desc>
<cost><opt/></cost> Verschiebe in Deiner <phase>Hauptphase</phase> einen <key>Bannkreis</key> von <self>mir</self> auf einen anderen <kind>Charakter</kind>.","“Vertraut auf mein Licht, denn selbst der tiefste Schatten flieht vor dem Mut der Seele, die glaubt.”",Terra (https://www.notion.so/Terra-a6762ab5136d4598aafb8d77da6be70f?pvs=21),30/30,30/30,,Priester (https://www.notion.so/Priester-048bd95495bd4b0daf5c7b992a39f61a?pvs=21),,,,,2,4,Gut Christian,Alle%20Karten%2070ddd0aaafb74f56b205e643b0901290/422e1918f14c-Aramis_2.jpg,Aramis von Rabenstein (https://www.notion.so/Aramis-von-Rabenstein-c8a0500bfd9b431e872c1373de973798?pvs=21),,"July 7, 2024 6:34 PM",,"July 8, 2025 10:07 PM",Alpha Set  (https://www.notion.so/Alpha-Set-22495bba56ba80dea926d7979a373c53?pvs=21),C. Playtest
454,TCG Arena,"Celia, Priesterin des Sol",Yes,Charakter (https://www.notion.so/Charakter-cdfda7ca52aa435bbb22610007798d2f?pvs=21),"Einzigartig,
Bannkreis 1,
2,M; Lege ein Bannkreis auf einen anderen Charakter deiner wahl, mit Stärke 15 oder weniger, oder Aramis von Rabenstein.","<ability>Bannkreis 1</ability> <desc><self>Ich</self> <key>betrete</key> das <zone>Feld</zone> mit 1 <key>Bannkreis</key>, der allen <key>Schaden</key> abwehrt.</desc>
<cost><magica/><unshaped2/></cost> Lege einen <key>Bannkreis</key> auf einen anderen <kind>Charakter</kind> Deiner Wahl mit <key>Stärke</key> 15 oder weniger, oder auf <name>Aramis von Rabenstein</name>.","Wenn sie ruft, bricht Sols Blick durch Wolken wie eine Strafe; und wer Unschuld zerstört, spürt die sengende Wut des Lichts selbst.",Magica (https://www.notion.so/Magica-ba80d98941c8405d875cb3e6fdb6bf34?pvs=21),15/15,15/15,,Magier (https://www.notion.so/Magier-3a53f2f6a1ef426b8a25520ab3d354b1?pvs=21),,,,2,,2,Gut Christian,Alle%20Karten%2070ddd0aaafb74f56b205e643b0901290/76846383792d-5E8A7575.jpg,Celia von Sonnenberg (https://www.notion.so/Celia-von-Sonnenberg-ad63744849d84f6f992661cf22208e57?pvs=21),,"July 7, 2024 6:49 PM",,"July 6, 2025 5:45 PM",Alpha Set  (https://www.notion.so/Alpha-Set-22495bba56ba80dea926d7979a373c53?pvs=21),C. Playtest
455,Idee,Icarus Schlag,No,Ereignis (https://www.notion.so/Ereignis-88e179fa1fd740499a32ee3ed4377596?pvs=21),"Als zusätzliche kosten, um diese Karte auszuspielen, Opfere einen Charakter den du kontrollierst.
Zerstöre einen Charakter deiner Wahl.",,,Aeris (https://www.notion.so/Aeris-5996f3899d7740fc809fe30a652d20c6?pvs=21),,,,,,,,,,,Gut Christian,,,,"September 24, 2024 8:41 PM",,"September 27, 2024 5:32 PM",,
456,TCG Arena,Artillerie-Bombardment,No,Ereignis (https://www.notion.so/Ereignis-88e179fa1fd740499a32ee3ed4377596?pvs=21),"Führe den folgenden Schritt bis zu drei mal aus.
- Füge einem Charakter oder Manifestation 20 Schaden zu.","Führe den folgenden Schritt bis zu 3-mal aus:
<ul>
<li>Füge einem <kind>Charakter</kind> oder einer <kind>Manifestation</kind> <damage>20</damage> <key>Schaden</key> zu.</li>
</ul>",,Ignis (https://www.notion.so/Ignis-ca68b053cd74404a8fa85893e505b753?pvs=21),,,,,,,3,,,3,Gut Christian,,,,"September 24, 2024 9:04 PM",,"July 24, 2025 11:23 PM",,
457,Playtest,Die Wilde Jagt,No,Ereignis (https://www.notion.so/Ereignis-88e179fa1fd740499a32ee3ed4377596?pvs=21),"Alle Charaktere die du nicht kontrollierst werden “Rasend” bis zu beginn deines nächsten Zuges.
Ein Charakter mit Rasend wird in der ersten Hauptphase in die Angriffsposition gebracht und muss angreifen falls möglich.",,,Aeris (https://www.notion.so/Aeris-5996f3899d7740fc809fe30a652d20c6?pvs=21),,,,,3,,,,,3,Gut Christian,,,,"September 24, 2024 9:17 PM",,"July 3, 2025 3:18 PM",,
459,TCG Arena,Ausmerzen,No,Ereignis (https://www.notion.so/Ereignis-88e179fa1fd740499a32ee3ed4377596?pvs=21),Schicke einen Charakter deiner Wahl ins Exil.,Schicke einen <kind>Charakter</kind> Deiner Wahl ins <zone>Exil</zone>.,,Magica (https://www.notion.so/Magica-ba80d98941c8405d875cb3e6fdb6bf34?pvs=21),,,,,,,,2,,2,Gut Christian,,,,"September 24, 2024 9:28 PM",,"July 24, 2025 11:15 PM",,
460,TCG Arena,Weltenbrand,No,Ereignis (https://www.notion.so/Ereignis-88e179fa1fd740499a32ee3ed4377596?pvs=21),Schick alle Charaktere ins Exil.,Schicke alle <kind>Charaktere</kind> ins <zone>Exil</zone>.,"Die Elementtreuen erzählen noch heute, wie der Himmel selbst schrie, als die Welt in Flammen ertrank.",Magica (https://www.notion.so/Magica-ba80d98941c8405d875cb3e6fdb6bf34?pvs=21),,,,,,,,2,,4,Gut Christian,,,,"September 24, 2024 9:30 PM",,"July 6, 2025 6:41 PM",Alpha Set  (https://www.notion.so/Alpha-Set-22495bba56ba80dea926d7979a373c53?pvs=21),
461,TCG Arena,Siegelpyramide,No,Manifestation (https://www.notion.so/Manifestation-01fa783543da4ed2964edb521e465bd0?pvs=21),"Wenn Siegelpyramide ins Spiel kommt, schicke einen Charakter deiner Wahl ins Exil, bis Siegelpyramide das Feld verlässt. (Wenn Siegelpyramide zerstört wird, kehrt der Charakter in Verteidigungsposition auf das Feld seines Besitzers zurück.)","Wenn <self>ich</self> ins <key>Spiel</key> komme, schicke einen <kind>Charakter</kind> Deiner Wahl ins <zone>Exil</zone>, bis <self>ich</self> das <zone>Feld</zone> verlasse. Der <kind>Charakter</kind> kehrt dann in <key>Verteidigungsposition</key> auf das <zone>Feld</zone> seines <key>Besitzers</key> zurück.","Unter dem Siegel schlummert, was aus unseren Landen auf Ewigkeit verbannt sein sollte.",Magica (https://www.notion.so/Magica-ba80d98941c8405d875cb3e6fdb6bf34?pvs=21),,,,,,,,2,,1,Gut Christian,,,,"September 24, 2024 9:33 PM",,"July 6, 2025 6:45 PM",Alpha Set  (https://www.notion.so/Alpha-Set-22495bba56ba80dea926d7979a373c53?pvs=21),
462,Experiment,Regelkarte Wahnsinn,No,,"Wird ein Charakter mit Wahnsinn belegt, so muss dieser sofort einen zufälligen anderen Charakter angreifen, das gilt für feindliche und verbündete Charaktere. Am besten wirft man dafür einen geeigneten Würfel. Dafür darf dieser Charakter auch in der Verteidigungsstellung angreifen. Gibt es für den Charakter kein Angriffsziel kommt Wahnsinn nicht zum tragen. Sollten mehre Charaktere gleichzeitig Wahnsinn erhalten kämpfen sie gleichzeitig. Dabei dürfen nur jeweils zwei Charaktere miteinander kämpfen.",,,,,,,,,,,,,,Marco Meierhofer,Alle%20Karten%2070ddd0aaafb74f56b205e643b0901290/Erklrbr_Lovecraft.png,,,"September 26, 2024 6:09 PM",,"September 26, 2024 7:19 PM",,
464,Playtest,Pekars Segen,No,Manifestation (https://www.notion.so/Manifestation-01fa783543da4ed2964edb521e465bd0?pvs=21),Alle deine Charaktere und Manifestationen auf dem Feld mit einem Bannkreis sind geschützt vor Ereignissen und können von Fähigkeiten nicht gezielt werden.,,,Magica (https://www.notion.so/Magica-ba80d98941c8405d875cb3e6fdb6bf34?pvs=21),,,1,,,,,2,,3,Timon,,,,"November 20, 2024 4:41 PM",,"July 3, 2025 1:04 PM",,
465,Idee,Windstoss,No,Ereignis (https://www.notion.so/Ereignis-88e179fa1fd740499a32ee3ed4377596?pvs=21),"Jederzeit spielbar,
Füge einem Charakter deiner Wahl 5 schaden zu und ziehe eine Karte.",,,Aeris (https://www.notion.so/Aeris-5996f3899d7740fc809fe30a652d20c6?pvs=21),,,,,2,,,,,,Gut Christian,,,,"November 20, 2024 7:36 PM",,"November 20, 2024 7:37 PM",,
466,TCG Arena,"Alvar, dem König sein Knecht",Yes,Charakter (https://www.notion.so/Charakter-cdfda7ca52aa435bbb22610007798d2f?pvs=21),"Einzigartig
A;  Ein befreundeter Charakter deiner Wahl erhält ein Gottesschild. Wirf eine Münze, bei Kopf erhält der Charakter -10/-10 bis Zugende, bei Zahl fügt der Charakter einem anderen befreundeten Charakter deiner Wahl schaden in höhe seiner Stärke zu.","<cost><aqua/></cost> Ein befreundeter <kind>Charakter</kind> Deiner Wahl erhält einen <key>Bannkreis</key>. Wirf eine <key>Münze</key>. Bei <key>Kopf</key> erhält der <kind>Charakter</kind> bis <key>Zugende</key> <stats>-10/-10</stats>, bei Zahl fügt der <typ>Charakter</typ> einem anderen, <key>befreundeten</key> <kind>Charakter</kind> Deiner Wahl <key>Schaden</key> in Höhe seiner <key>Stärke</key> zu.","Manchmal fragt sich Alvar, ob sein Streben nach Rettung nur eine Flucht vor der Angst ist, den König je enttäuschen zu können.",Aqua (https://www.notion.so/Aqua-8c3b1bb2cc364f6ba274d390ac8d3800?pvs=21),10/10,10/10,,Gefolge (https://www.notion.so/Gefolge-d8ea55c1066e4abbb15b1b371bd0f320?pvs=21),,2,,,,1,Gut Christian,,"Alvar, dem König sein Knecht (https://www.notion.so/Alvar-dem-K-nig-sein-Knecht-11995bba56ba803791dff0804eefb100?pvs=21)",,"March 3, 2025 5:29 PM",,"July 6, 2025 10:57 PM",Alpha Set  (https://www.notion.so/Alpha-Set-22495bba56ba80dea926d7979a373c53?pvs=21),
467,Playtest,Babette E.Y. MacMetth,Yes,Charakter (https://www.notion.so/Charakter-cdfda7ca52aa435bbb22610007798d2f?pvs=21),"Einzigartig,
Tödlicher Angriff gegen Magier. 
2,T, OPT; Füge einem Charakter deiner Wahl 10 Schaden zu.
Wenn du Janthe Nain O'Leary kontrollierst füge stattdessen 20 schaden zu.",,,Terra (https://www.notion.so/Terra-a6762ab5136d4598aafb8d77da6be70f?pvs=21),15/20,15/20,,Abenteurer (https://www.notion.so/Abenteurer-18c618e1fbc44737ad118d41cdbfa787?pvs=21),,,,,2,1,Gut Christian,,,,"March 3, 2025 5:46 PM",,"July 3, 2025 3:13 PM",,
468,Playtest,Janthe Nain O'Leary,Yes,Charakter (https://www.notion.so/Charakter-cdfda7ca52aa435bbb22610007798d2f?pvs=21),"Einzigartig,
Tödlicher Angriff gegen Magier. 
2,T, OPT; Füge einem Charakter deiner Wahl 10 Schaden zu.
Wenn du Babette E.Y. MacMetth kontrollierst füge stattdessen 20 schaden zu.",,,Terra (https://www.notion.so/Terra-a6762ab5136d4598aafb8d77da6be70f?pvs=21),15/20,15/20,,Abenteurer (https://www.notion.so/Abenteurer-18c618e1fbc44737ad118d41cdbfa787?pvs=21),,,,,2,1,Gut Christian,,,,"March 3, 2025 6:01 PM",,"July 3, 2025 3:13 PM",,
469,Playtest,"Soldat Rian, James",Yes,Charakter (https://www.notion.so/Charakter-cdfda7ca52aa435bbb22610007798d2f?pvs=21),"Einzigartig,
Wenn ich dein Feld verlasse und nicht durch einen Kampf zerstört würde, bringe mich auf dein Feld zurück.",,,Terra (https://www.notion.so/Terra-a6762ab5136d4598aafb8d77da6be70f?pvs=21),15/20,15/20,,Soldat (https://www.notion.so/Soldat-16a95bba56ba80a0a97af872ec32e686?pvs=21),,,,,2,1,Gut Christian,,Soldat Rian (https://www.notion.so/Soldat-Rian-1cd95bba56ba8058893ee6e7ffaec50e?pvs=21),,"March 4, 2025 1:38 PM",,"July 3, 2025 4:50 PM",,
470,TCG Arena,"Keroth, Thul'Heen des Südlichen Siegels ",Yes,Charakter (https://www.notion.so/Charakter-cdfda7ca52aa435bbb22610007798d2f?pvs=21),"Einzigartig
Soldaten die du kontrollierst erhalten +15/+15","<typ>Soldaten</typ>, die Du <key>kontrollierst</key>, erhalten <stats>+15/+15</stats>.","“Sich erheben von der Erde, bis das Schaf zum Wolfe werde!”",Terra (https://www.notion.so/Terra-a6762ab5136d4598aafb8d77da6be70f?pvs=21),55/55,55/55,,Anführer (https://www.notion.so/Anf-hrer-5014765dddb3438f86c31b63b4523367?pvs=21),,,,,3,3,Gut Christian,,Keroth (https://www.notion.so/Keroth-1cd95bba56ba80d0aa0bc0df6f198430?pvs=21),,"March 5, 2025 12:58 PM",,"July 6, 2025 6:03 PM",Alpha Set  (https://www.notion.so/Alpha-Set-22495bba56ba80dea926d7979a373c53?pvs=21),
471,TCG Arena,"Eurestes, Archon des Südlichen Siegels ",Yes,Charakter (https://www.notion.so/Charakter-cdfda7ca52aa435bbb22610007798d2f?pvs=21),"Einzigartig
Schildbrecher",<ability>Schildbrecher</ability> <desc>Überschüssiger <key>Schaden</key> an <key>Blockern</key> wird <self>meinem</self> ursprünglichen <key>Ziel</key> zugefügt.</desc>,"Seine Waffe entfesselt den reinen Grimm der Elemente, der die Verfemten zerschmettert.",Aeris (https://www.notion.so/Aeris-5996f3899d7740fc809fe30a652d20c6?pvs=21),65/65,65/65,,Anführer (https://www.notion.so/Anf-hrer-5014765dddb3438f86c31b63b4523367?pvs=21),3,,,,,4,Gut Christian,,Eurestes (https://www.notion.so/Eurestes-1cd95bba56ba80af94cdd57bda142627?pvs=21),,"March 5, 2025 1:04 PM",,"July 6, 2025 11:00 PM",Alpha Set  (https://www.notion.so/Alpha-Set-22495bba56ba80dea926d7979a373c53?pvs=21),
472,TCG Arena,"Carmille, Beamtin der Hofkanzlei ",Yes,Charakter (https://www.notion.so/Charakter-cdfda7ca52aa435bbb22610007798d2f?pvs=21),"Einzigartig
Wenn ein Charakter, den du kontrollierst eine Schildkarte zerstört, ziehe eine Karte.","Wenn ein <kind>Charakter</kind>, den Du <key>kontrollierst</key>, eine <key>Schildkarte</key> <key>zerstört</key>, <key>ziehe</key> eine <key>Karte</key>.",“Eure Belohnung? Die ist im Paragraph IV vertraglich geregelt.”,Terra (https://www.notion.so/Terra-a6762ab5136d4598aafb8d77da6be70f?pvs=21),10/15,10/15,,Gefolge (https://www.notion.so/Gefolge-d8ea55c1066e4abbb15b1b371bd0f320?pvs=21),,,,,1,1,Gut Christian,,Carmille (https://www.notion.so/Carmille-11d95bba56ba80e890b1f1e542410ecc?pvs=21),,"March 6, 2025 2:29 PM",,"July 24, 2025 9:30 PM",Alpha Set  (https://www.notion.so/Alpha-Set-22495bba56ba80dea926d7979a373c53?pvs=21),
473,TCG Arena,"Laytja, Heilerin der Lüfte",Yes,Charakter (https://www.notion.so/Charakter-cdfda7ca52aa435bbb22610007798d2f?pvs=21),"Einzigartig
Wenn ich das Feld betrete, platziere eine Bannkreis auf einen anderen befreundeten Charakter.","Wenn <self>ich</self> das <zone>Feld</zone> <key>betrete</key>, platziere einen <key>Bannkreis</key> auf einem anderen, <key>befreundeten</key> <kind>Charakter</kind>.","“Sowie die Brise die Asche verweht, bringt der Wind Linderung für jede Wunde.”",Aeris (https://www.notion.so/Aeris-5996f3899d7740fc809fe30a652d20c6?pvs=21),15/15,15/20,,Priester (https://www.notion.so/Priester-048bd95495bd4b0daf5c7b992a39f61a?pvs=21),2,,,,,1,Gut Christian,,"Laytja, Heilerin der Winde (https://www.notion.so/Laytja-Heilerin-der-Winde-1cd95bba56ba80a19f44c528ccde798a?pvs=21)",,"March 6, 2025 2:39 PM",,"July 6, 2025 6:55 PM",Alpha Set  (https://www.notion.so/Alpha-Set-22495bba56ba80dea926d7979a373c53?pvs=21),
475,TCG Arena,"Sirka Sorlissos, Hüterin der Halephischen Wälder",Yes,Charakter (https://www.notion.so/Charakter-cdfda7ca52aa435bbb22610007798d2f?pvs=21),"Einzigartig
Wenn ich das Feld betrete, zeige die obersten drei Karten von deinem Deck auf, lege eine davon in deine Elementarzone den rest unter dein Deck.","Wenn <self>ich</self> das <zone>Feld</zone> <key>betrete</key>, decke die obersten 3 <key>Karten</key> von Deinem <zone>Deck</zone> auf, lege eine davon in Deine <zone>Elementarzone</zone> und den Rest unter Dein <zone>Deck</zone>.",“Terra verzeiht vieles. Aber nie den Verrat am Kreislauf selbst.”,Terra (https://www.notion.so/Terra-a6762ab5136d4598aafb8d77da6be70f?pvs=21),15/15,15/15,,Magier (https://www.notion.so/Magier-3a53f2f6a1ef426b8a25520ab3d354b1?pvs=21),,,,,1,2,Gut Christian,,Sirka Sorlissos (https://www.notion.so/Sirka-Sorlissos-11d95bba56ba804f9218f493b1932cf7?pvs=21),,"March 10, 2025 8:28 AM",,"July 6, 2025 11:05 PM",Alpha Set  (https://www.notion.so/Alpha-Set-22495bba56ba80dea926d7979a373c53?pvs=21),
476,Playtest,Iriel-Elisha,Yes,Charakter (https://www.notion.so/Charakter-cdfda7ca52aa435bbb22610007798d2f?pvs=21),"Einzigartig
Sofort, Opfere mich; Zwei befreundete Charaktere deiner Wahl erhalten einen Bannkreis.",,,Terra (https://www.notion.so/Terra-a6762ab5136d4598aafb8d77da6be70f?pvs=21),15/25,15/30,,Priester (https://www.notion.so/Priester-048bd95495bd4b0daf5c7b992a39f61a?pvs=21),,,,,2,2,Gut Christian,,"Iriel-Elisha, Yoah-Tan von Heldengrab (https://www.notion.so/Iriel-Elisha-Yoah-Tan-von-Heldengrab-11d95bba56ba800e9eb5de24401c9e91?pvs=21)",,"March 10, 2025 8:42 AM",,"July 3, 2025 3:13 PM",,
477,TCG Arena,"Kardes, der Feldkoch",Yes,Charakter (https://www.notion.so/Charakter-cdfda7ca52aa435bbb22610007798d2f?pvs=21),"Einzigartig
Wenn ich das Feld betrete, erhalten alle befreundeten Charaktere +20/+20 bis zum ende des Zuges.","Wenn <self>ich</self> das <zone>Feld</zone> <key>betrete</key>, erhalten <key>befreundete</key> <kind>Charaktere</kind> <stats>+20/+20</stats> bis <key>Zugende</key>.",“Ein guter Eintopf füllt den Magen. Ein großartiger Eintopf hebt die Armeen wieder auf die Beine.”,Terra (https://www.notion.so/Terra-a6762ab5136d4598aafb8d77da6be70f?pvs=21),20/20,20/20,,Gefolge (https://www.notion.so/Gefolge-d8ea55c1066e4abbb15b1b371bd0f320?pvs=21),,,,,2,2,Gut Christian,,Kardes (https://www.notion.so/Kardes-11d95bba56ba808f9231e9d46d5eb58e?pvs=21),,"March 10, 2025 8:46 AM",,"July 6, 2025 11:06 PM",Alpha Set  (https://www.notion.so/Alpha-Set-22495bba56ba80dea926d7979a373c53?pvs=21),
478,TCG Arena,"Tekkadahn, Waffenmeister Terras",Yes,Charakter (https://www.notion.so/Charakter-cdfda7ca52aa435bbb22610007798d2f?pvs=21),Einzigartig,,,Terra (https://www.notion.so/Terra-a6762ab5136d4598aafb8d77da6be70f?pvs=21),50/50,40/60,,Krieger (https://www.notion.so/Krieger-86700da5b47d4073ae8e37cc896f9162?pvs=21),,,,,2,2,Gut Christian,,Tekkadahn (https://www.notion.so/Tekkadahn-1cd95bba56ba80ba90ffe50298fcf551?pvs=21),,"March 10, 2025 8:53 AM",,"July 24, 2025 11:26 PM",,
479,TCG Arena,"Sir Beolf, Leutnant des Südlichen Siegels",Yes,Charakter (https://www.notion.so/Charakter-cdfda7ca52aa435bbb22610007798d2f?pvs=21),"Einzigartig
Soldaten die du kontrollierst kosten ein unbestimmtes Elementar weniger.","<typ>Soldaten</typ>, die Du <key>ausspielst</key>, kosten <unshaped1/> weniger.",“Der Untote verspottet das Leben; meine Klinge erinnert ihn an den Tod.”,Terra (https://www.notion.so/Terra-a6762ab5136d4598aafb8d77da6be70f?pvs=21),40/50,40/50,,Anführer (https://www.notion.so/Anf-hrer-5014765dddb3438f86c31b63b4523367?pvs=21),,,,,2,3,Gut Christian,,Sir Beolf von der Wolfswacht  (https://www.notion.so/Sir-Beolf-von-der-Wolfswacht-1fa95bba56ba8140b2abe86b29f6bdc3?pvs=21),,"March 10, 2025 8:58 AM",,"July 6, 2025 11:08 PM",Alpha Set  (https://www.notion.so/Alpha-Set-22495bba56ba80dea926d7979a373c53?pvs=21),
480,TCG Arena,"Aselhelm, Knapporal der Schwarzen Lilie",Yes,Charakter (https://www.notion.so/Charakter-cdfda7ca52aa435bbb22610007798d2f?pvs=21),"Einzigartig
Ansturm","<ability>Ansturm</ability> <desc><self>Ich</self> darf in dem <key>Zug</key> <key>angreifen</key>, in dem <self>ich</self> auf das <zone>Feld</zone> gekommen bin.</desc>","“Schlag zuerst, denk später.”",Ignis (https://www.notion.so/Ignis-ca68b053cd74404a8fa85893e505b753?pvs=21),25/25,25/25,,Anführer (https://www.notion.so/Anf-hrer-5014765dddb3438f86c31b63b4523367?pvs=21),,,2,,,1,Gut Christian,,Aselhelm (https://www.notion.so/Aselhelm-1cd95bba56ba80d8a690c9c4c499e075?pvs=21),,"March 10, 2025 9:04 AM",,"July 6, 2025 11:08 PM",Alpha Set  (https://www.notion.so/Alpha-Set-22495bba56ba80dea926d7979a373c53?pvs=21),
481,TCG Arena,"Ectelias, der Waldläufer",Yes,Charakter (https://www.notion.so/Charakter-cdfda7ca52aa435bbb22610007798d2f?pvs=21),"Einzigartig
Wenn ich das Feld betrete, zahle X, siehe dir X Handkarten deiner Wahl eines Gegners an, dein Gegner legt eine Handkarte deiner Wahl auf den Friedhof.","Wenn <self>ich</self> das <zone>Feld</zone> <key>betrete</key>, zahle <unshapedX/>. Sieh Dir X zufällige <zone>Handkarten</zone> eines <key>Gegners</key> an. Dieser <key>Gegner</key> legt eine <zone>Handkarte</zone> Deiner Wahl auf den <zone>Friedhof</zone>.",“Er ist schneller als Dein letzter Gedanke.”,Aeris (https://www.notion.so/Aeris-5996f3899d7740fc809fe30a652d20c6?pvs=21),30/30,30/30,,Abenteurer (https://www.notion.so/Abenteurer-18c618e1fbc44737ad118d41cdbfa787?pvs=21),2,,,,,2,Gut Christian,,Ecthelias (https://www.notion.so/Ecthelias-17995bba56ba8028b790d35bc02e0c37?pvs=21),,"March 10, 2025 9:08 AM",,"July 7, 2025 12:21 AM",Alpha Set  (https://www.notion.so/Alpha-Set-22495bba56ba80dea926d7979a373c53?pvs=21),
482,TCG Arena,"Thulmann, Weibel der Armee Bjarturs",Yes,Charakter (https://www.notion.so/Charakter-cdfda7ca52aa435bbb22610007798d2f?pvs=21),"Einzigartig
Herbeirufen Soldat
Herbeirufen Soldat","Wenn <self>ich</self> das <zone>Feld</zone> <key>betrete</key>, wende <ability>2 × Herbeirufen Soldat</ability> an. <desc>Decke 5 Karten von Deinem Deck auf und nimm eine vom Typ <typ>Soldat</typ> auf die <zone>Hand</zone>. Lege dann alle anderen so aufgedeckten Karten gemischt unter Dein Deck.</desc>",“Ein guter Befehl rettet hundert Leben.”,Terra (https://www.notion.so/Terra-a6762ab5136d4598aafb8d77da6be70f?pvs=21),30/35,30/35,,Anführer (https://www.notion.so/Anf-hrer-5014765dddb3438f86c31b63b4523367?pvs=21),,,,,2,2,Gut Christian,,Tuhlmann (https://www.notion.so/Tuhlmann-1cd95bba56ba800a9c4ad68e34fbf20d?pvs=21),,"March 10, 2025 9:15 AM",,"July 7, 2025 12:20 AM",Alpha Set  (https://www.notion.so/Alpha-Set-22495bba56ba80dea926d7979a373c53?pvs=21),
483,TCG Arena,"Konrad, Waffenknecht in Bjartur",Yes,Charakter (https://www.notion.so/Charakter-cdfda7ca52aa435bbb22610007798d2f?pvs=21),"Einzigartig
Positionswechsel",<ability>Positionswechsel</ability> <desc>Ich darf stattdessen in der <phase>Hauptphase</phase> <self>meine</self> <key>Position</key> ändern.</desc>,"“Mein Leben für die, die mir ihr Vertrauen schenken.”",Terra (https://www.notion.so/Terra-a6762ab5136d4598aafb8d77da6be70f?pvs=21),10/30,15/20,,Soldat (https://www.notion.so/Soldat-16a95bba56ba80a0a97af872ec32e686?pvs=21),,,,,2,,Gut Christian,,Soldat Konrad (https://www.notion.so/Soldat-Konrad-1cd95bba56ba80f9b251c8c7f9825b36?pvs=21),,"March 10, 2025 11:03 AM",,"July 6, 2025 11:16 PM",Alpha Set  (https://www.notion.so/Alpha-Set-22495bba56ba80dea926d7979a373c53?pvs=21),
484,TCG Arena,"Eron, Ignis-Priester im Orden von Grauenfurt",Yes,Charakter (https://www.notion.so/Charakter-cdfda7ca52aa435bbb22610007798d2f?pvs=21),"Einzigartig
1,I; Ich erhalte +20/+0 und “unblockbar” bis Zugende solange ich einen Charakter angreife.","<cost><ignis/><unshaped1/></cost> Bis <phase>Zugende</phase> erhalte <self>ich</self> <stats>+20/+0</stats> und <ability>Unblockbar</ability>, solange <self>ich</self> einen <kind>Charakter</kind> <key>angreife</key>. <desc><self>Ich</self> kann nicht <key>geblockt</key> werden.</desc>","“Manchmal muss die Welt halt brennen, um gerettet zu werden.”",Ignis (https://www.notion.so/Ignis-ca68b053cd74404a8fa85893e505b753?pvs=21),30/50,30/50,,Priester (https://www.notion.so/Priester-048bd95495bd4b0daf5c7b992a39f61a?pvs=21),,,3,,,1,Gut Christian,,Eron von Grauenfurt (https://www.notion.so/Eron-von-Grauenfurt-17995bba56ba80dd9583efee795a0cf9?pvs=21),,"March 10, 2025 11:12 AM",,"July 6, 2025 11:20 PM",Alpha Set  (https://www.notion.so/Alpha-Set-22495bba56ba80dea926d7979a373c53?pvs=21),
485,TCG Arena,"Cherin, Aeris-Priesterin",Yes,Charakter (https://www.notion.so/Charakter-cdfda7ca52aa435bbb22610007798d2f?pvs=21),"Einzigartig
Wenn ich das Feld betrete, ändere die Kampfposition von bis zu zwei Charakteren. Falls du einen Charakter vom Typ Magier mit dem Element Ignis Kontrolierst, fügen den Zielen jeweils 20 Schaden zu.","Wenn <self>ich</self> das <zone>Feld</zone> <key>betrete</key>, ändere die <key>Kampfposition</key> von bis zu zwei anderen <kind>Charakteren</kind> Deiner Wahl. Falls Du einen <kind>Charakter</kind> vom <key>Typ</key> <typ>Magier</typ> und <key>Element</key> <ignis/> <key>kontrollierst</key>, füge den <key>Zielen</key> jeweils <damage>20</damage> <key>Schaden</key> zu.","“Ich bin nicht Herrin des Windes, sondern seine Dienerin, denn nur wer loslässt, kann lernen, wie weit er getragen wird.”",Aeris (https://www.notion.so/Aeris-5996f3899d7740fc809fe30a652d20c6?pvs=21),20/25,10/30,,Magier (https://www.notion.so/Magier-3a53f2f6a1ef426b8a25520ab3d354b1?pvs=21),2,,,,,1,Gut Christian,,Cherin Tehilla Yadah de Rihanner (https://www.notion.so/Cherin-Tehilla-Yadah-de-Rihanner-17995bba56ba80c68948cfe7e94623e7?pvs=21),,"March 10, 2025 11:33 AM",,"July 6, 2025 11:23 PM",Alpha Set  (https://www.notion.so/Alpha-Set-22495bba56ba80dea926d7979a373c53?pvs=21),
486,TCG Arena,"Sarius, Kundschafter der Hofkanzlei ",Yes,Charakter (https://www.notion.so/Charakter-cdfda7ca52aa435bbb22610007798d2f?pvs=21),"Einzigartig
Wenn ich das Feld betrete, zeige die obersten drei Karten von deinem Deck auf, lege eine davon in deine Elementarzone den rest unter dein Deck.","Wenn <self>ich</self> das <zone>Feld</zone> <key>betrete</key>, decke die obersten 3 <key>Karten</key> von Deinem <zone>Deck</zone> auf, lege eine davon in Deine <zone>Elementarzone</zone> und den Rest unter Dein <zone>Deck</zone>.","Sarius’ Augen fliegen über die Zeilen – er hat schon eine Idee, wo er es auftreiben kann.",Aqua (https://www.notion.so/Aqua-8c3b1bb2cc364f6ba274d390ac8d3800?pvs=21),15/15,10/15,,Gelehrter (https://www.notion.so/Gelehrter-112f4e92a6464af1a3fe9c8f536355b0?pvs=21),,1,,,,2,Gut Christian,,Sarius (https://www.notion.so/Sarius-1cd95bba56ba805cbef7fc51ae537cfb?pvs=21),,"March 10, 2025 5:23 PM",,"July 6, 2025 7:34 PM",Alpha Set  (https://www.notion.so/Alpha-Set-22495bba56ba80dea926d7979a373c53?pvs=21),
487,TCG Arena,"Corvin, die Rückhand Bjarturs",Yes,Charakter (https://www.notion.so/Charakter-cdfda7ca52aa435bbb22610007798d2f?pvs=21),"Einzigartig
Erstschlag",<ability>Erstschlag</ability> <desc>Mein Schaden wird zuerst berechnet.</desc>,"“Wo Corvins Hand zuckt, verstummen Stimmen für immer.”",Terra (https://www.notion.so/Terra-a6762ab5136d4598aafb8d77da6be70f?pvs=21),30/30,20/50,,Soldat (https://www.notion.so/Soldat-16a95bba56ba80a0a97af872ec32e686?pvs=21),,,,,2,2,Gut Christian,,Corvin Rückhand (https://www.notion.so/Corvin-R-ckhand-1cd95bba56ba80dca82bd7a65f584251?pvs=21),,"March 10, 2025 5:28 PM",,"July 6, 2025 11:25 PM",Alpha Set  (https://www.notion.so/Alpha-Set-22495bba56ba80dea926d7979a373c53?pvs=21),
488,TCG Arena,"Theo, Wächter des Waldes",Yes,Charakter (https://www.notion.so/Charakter-cdfda7ca52aa435bbb22610007798d2f?pvs=21),"Einzigartig
Doppelblock",<ability>Doppelblock</ability> <desc><self>Ich</self> darf zwei <key>Gegner</key> gleichzeitig <key>blocken</key>.</desc>,“Nüffe? Welfe nüffe?”,Terra (https://www.notion.so/Terra-a6762ab5136d4598aafb8d77da6be70f?pvs=21),20/25,15/35,,Krieger (https://www.notion.so/Krieger-86700da5b47d4073ae8e37cc896f9162?pvs=21),,,,,1,2,Gut Christian,,Theo (https://www.notion.so/Theo-11995bba56ba806985bee25ef71d6f47?pvs=21),,"March 10, 2025 5:43 PM",,"July 6, 2025 11:25 PM",Alpha Set  (https://www.notion.so/Alpha-Set-22495bba56ba80dea926d7979a373c53?pvs=21),
489,TCG Arena,"Markus Morgenwind, Leibwächter",Yes,Charakter (https://www.notion.so/Charakter-cdfda7ca52aa435bbb22610007798d2f?pvs=21),"Einzigartig
Doppelblock
Halbiere die Stärke von allen Charakteren die von mir geblockt werden.","<ability>Doppelblock</ability> <desc><self>Ich</self> darf zwei <key>Gegner</key> gleichzeitig <key>blocken</key>.</desc>
Ich halbiere die <key>Stärke</key> aller <typ>Charaktere</typ>, die von <self>mir</self> <key>geblockt</key> werden, bis <phase>Phasenende</phase>.",“Was zahlst du?!”,Terra (https://www.notion.so/Terra-a6762ab5136d4598aafb8d77da6be70f?pvs=21),30/25,25/25,,Krieger (https://www.notion.so/Krieger-86700da5b47d4073ae8e37cc896f9162?pvs=21),,,,,2,2,Gut Christian,,,,"March 10, 2025 5:47 PM",,"July 24, 2025 10:58 PM",Alpha Set  (https://www.notion.so/Alpha-Set-22495bba56ba80dea926d7979a373c53?pvs=21),
490,TCG Arena,"Jean-Jacques, Waffenknecht in Bjartur",Yes,Charakter (https://www.notion.so/Charakter-cdfda7ca52aa435bbb22610007798d2f?pvs=21),"Einzigartig
1,T; Ein feindlicher Charakter deiner Wahl kann bis zum Ende des Zuges nur Soldat Jean-Jacques angreifen.",<cost><terra/><unshaped1/></cost> Ein feindlicher <kind>Charakter</kind> Deiner Wahl kann bis zu Deinem nächsten <key>Zug</key> nur <self>mich</self> <key>angreifen</key>.,"Sein törichter Lärm gleicht einem Hornruf, der selbst den diszipliniertesten Soldaten zur Raserei treibt.",Terra (https://www.notion.so/Terra-a6762ab5136d4598aafb8d77da6be70f?pvs=21),15/25,20/25,,Soldat (https://www.notion.so/Soldat-16a95bba56ba80a0a97af872ec32e686?pvs=21),,,,,1,2,Gut Christian,,Jean-Jacques (https://www.notion.so/Jean-Jacques-1cd95bba56ba80fc897beac316cabbfc?pvs=21),,"March 10, 2025 5:54 PM",,"July 6, 2025 11:27 PM",Alpha Set  (https://www.notion.so/Alpha-Set-22495bba56ba80dea926d7979a373c53?pvs=21),
491,TCG Arena,"Sheewa, Kommandantin der Boten Terras",Yes,Charakter (https://www.notion.so/Charakter-cdfda7ca52aa435bbb22610007798d2f?pvs=21),"Einzigartig
Wennich das Feld betrete, siehe dir die obersten drei Karten von deinem Deck an, lege beliebig viele unter dein Deck, den Rest in beliebiger reihenfolge auf dein Deck.","<ability>Erkunden 3</ability> <desc>Wenn <self>ich</self> das <zone>Feld</zone> <key>betrete</key>, sieh Dir die obersten 3 <key>Karten</key> Deines <zone>Decks</zone> an, lege beliebig viele unter Dein <zone>Deck</zone> und den Rest in beliebiger Reihenfolge auf Dein <zone>Deck</zone>.</desc>","“Ich habe gelernt, dass kein Fluss, kein Ast, kein Windstoß lügt – alles erzählt mir eine Geschichte, in der die Wahrheit liegt.”",Terra (https://www.notion.so/Terra-a6762ab5136d4598aafb8d77da6be70f?pvs=21),25/30,30/30,,Abenteurer (https://www.notion.so/Abenteurer-18c618e1fbc44737ad118d41cdbfa787?pvs=21),,,,,2,2,Gut Christian,,Sheewa Mondblut (https://www.notion.so/Sheewa-Mondblut-11d95bba56ba80aca406faf2b81a1e84?pvs=21),,"March 12, 2025 7:58 PM",,"July 6, 2025 11:29 PM",Alpha Set  (https://www.notion.so/Alpha-Set-22495bba56ba80dea926d7979a373c53?pvs=21),
492,TCG Arena,"Liam Lustenberg, Künstler",Yes,Charakter (https://www.notion.so/Charakter-cdfda7ca52aa435bbb22610007798d2f?pvs=21),"Einzigartig.
Du kannst Elementarkarten, die bereits erschöpft sind, opfern, um ein weiteres Element ihrer Art zu generieren.","Du kannst einen <key>Elementar</key>, der bereits <key>erschöpft</key> ist, <key>opfern</key>, um ein weiteres <key>Element</key> seiner Art zu generieren.",“Ich bin Künstler!”,Ignis (https://www.notion.so/Ignis-ca68b053cd74404a8fa85893e505b753?pvs=21),15/15,15/20,,Gefolge (https://www.notion.so/Gefolge-d8ea55c1066e4abbb15b1b371bd0f320?pvs=21),,,2,,,,Gut Christian,,Liam Lustenberg (https://www.notion.so/Liam-Lustenberg-1cd95bba56ba80eabba8fba84549726e?pvs=21),,"March 12, 2025 8:05 PM",,"July 6, 2025 7:24 PM",Alpha Set  (https://www.notion.so/Alpha-Set-22495bba56ba80dea926d7979a373c53?pvs=21),
493,TCG Arena,"Phillipp Altdorf, Meldeläufer des Thul'Heens",Yes,Charakter (https://www.notion.so/Charakter-cdfda7ca52aa435bbb22610007798d2f?pvs=21),"Einzigartig
Anführer kosten bis zu 2 ungeprägte Elementar weniger",<typ>Anführer</typ> kosten bis zu <unshaped2/> weniger.,"“Ich überbringe keine Befehle. Ich bin der Beweis, dass sie schon gefallen sind.”",Terra (https://www.notion.so/Terra-a6762ab5136d4598aafb8d77da6be70f?pvs=21),20/20,20/10,,Soldat (https://www.notion.so/Soldat-16a95bba56ba80a0a97af872ec32e686?pvs=21),,,,,2,2,Timon,,Phillip Altdorf (https://www.notion.so/Phillip-Altdorf-17995bba56ba8091800fe260690dc1d5?pvs=21),,"March 31, 2025 10:05 PM",,"July 6, 2025 7:29 PM",Alpha Set  (https://www.notion.so/Alpha-Set-22495bba56ba80dea926d7979a373c53?pvs=21),
494,TCG Arena,“Keilformation bilden!”,No,Ereignis (https://www.notion.so/Ereignis-88e179fa1fd740499a32ee3ed4377596?pvs=21),Füge einem gegnerischen Charakter deiner wahl Schaden in Höhe der Summe der Stärken aller deiner Charaktere in Agriffsposition zu.,Füge einem gegnerischen <kind>Charakter</kind> Deiner Wahl <key>Schaden</key> in Höhe der Summe der <key>Stärken</key> aller Deiner <kind>Charaktere</kind> in <key>Angriffsposition</key> zu.,"Ein Ruf, scharf wie seine Langwehr: Thul'Heen Keroths Stimme führt seine Krieger in Formationen, die selbst den Mut der Tapfersten zerschmettern.",Terra (https://www.notion.so/Terra-a6762ab5136d4598aafb8d77da6be70f?pvs=21),,,,,,,,,3,,Timon,,,,"April 1, 2025 1:46 PM",,"July 6, 2025 11:32 PM",Alpha Set  (https://www.notion.so/Alpha-Set-22495bba56ba80dea926d7979a373c53?pvs=21),
496,Playtest,Kendrik,Yes,Charakter (https://www.notion.so/Charakter-cdfda7ca52aa435bbb22610007798d2f?pvs=21),"Einzigartig
Angreifer
Zu beginn deiner Kampfphase kannst du die Stärke von mir verdoppeln, danach Opfere mich am Ende der Kampfphase.",,,Ignis (https://www.notion.so/Ignis-ca68b053cd74404a8fa85893e505b753?pvs=21),30/25,-/-,,Krieger (https://www.notion.so/Krieger-86700da5b47d4073ae8e37cc896f9162?pvs=21),,,,,,,Gut Christian,,Kenrik (https://www.notion.so/Kenrik-20595bba56ba81a1a879ebf9068038a9?pvs=21),,"June 2, 2025 7:22 PM",,"July 3, 2025 3:54 PM",,
497,TCG Arena,"Henrik, Kurator verborgener Kostbarkeiten",Yes,Charakter (https://www.notion.so/Charakter-cdfda7ca52aa435bbb22610007798d2f?pvs=21),"E,OPT; Ziehe zwei Karten, wirf eine Karte ab.",<cost><aeris/><opt/></cost> <key>Ziehe</key> 2 Karten. <key>Wirf</key> 1 Karte <key>ab</key>.,“Nennt mir Euren Wunsch – der Rest ist meine Sache.”,Aeris (https://www.notion.so/Aeris-5996f3899d7740fc809fe30a652d20c6?pvs=21),15/20,15/20,,Gefolge (https://www.notion.so/Gefolge-d8ea55c1066e4abbb15b1b371bd0f320?pvs=21),2,,,,,1,Timon,,Henrik  (https://www.notion.so/Henrik-22495bba56ba810aa347e54abc60dfe7?pvs=21),,"July 2, 2025 1:36 PM",,"July 24, 2025 10:58 PM",Alpha Set  (https://www.notion.so/Alpha-Set-22495bba56ba80dea926d7979a373c53?pvs=21),
498,TCG Arena,"Jasper, Wellentänzer der Saphirküste",Yes,Charakter (https://www.notion.so/Charakter-cdfda7ca52aa435bbb22610007798d2f?pvs=21),"Ansturm, Bedrohlich,","<ability>Ansturm</ability> <desc><self>Ich</self> darf in dem <key>Zug</key> <key>angreifen</key>, in dem <self>ich</self> auf das <zone>Feld</zone> gekommen bin.</desc>
<ability>Bedrohlich</ability> <desc><self>Ich</self> kann nur durch mindestens 2 <kind>Charaktere</kind> <key>geblockt</key> werden.</desc>","Jasper kennt den Wert des Schreckens. Er schlägt zu wie der Sturm, während andere noch ihre Segel reffen.",Ignis (https://www.notion.so/Ignis-ca68b053cd74404a8fa85893e505b753?pvs=21),25/25,15/25,,Krieger (https://www.notion.so/Krieger-86700da5b47d4073ae8e37cc896f9162?pvs=21),,,2,,,1,Timon,,"Jasper, Wellentänzer der Saphirküste, Captain der Blackout, die Sirene, der Fluss in der Wüste (https://www.notion.so/Jasper-Wellent-nzer-der-Saphirk-ste-Captain-der-Blackout-die-Sirene-der-Fluss-in-der-W-ste-20995bba56ba81d8bb61dbcd41256440?pvs=21)",,"July 2, 2025 1:41 PM",,"July 24, 2025 10:58 PM",Alpha Set  (https://www.notion.so/Alpha-Set-22495bba56ba80dea926d7979a373c53?pvs=21),
499,TCG Arena,"Martin Kräuterer, Alchemist Terras",Yes,Charakter (https://www.notion.so/Charakter-cdfda7ca52aa435bbb22610007798d2f?pvs=21),"OPT; Führe einen der folgenden effekte as.
E; Ziehe eine Karte, wirf eine Karte ab.
1,T; Wirf eine Karte ab, nimm eine andere Karte vom Friedhof auf die Hand.","<cost><opt/></cost> Wähle aus:
<ul>
<li><cost><aeris/></cost> <key>Ziehe</key> eine Karte, wirf eine Karte ab.</li>
<li><cost><terra/><unshaped1/></cost> Wirf eine Karte ab, nimm eine andere Karte vom <zone>Friedhof</zone> auf Deine <zone>Hand</zone>.</li>
</ul>",“Vergesst nicht das Trocknungsparadox. Die Konzentration muss stimmen!”,Terra (https://www.notion.so/Terra-a6762ab5136d4598aafb8d77da6be70f?pvs=21),5/10,5/15,,Gelehrter (https://www.notion.so/Gelehrter-112f4e92a6464af1a3fe9c8f536355b0?pvs=21),,,,,2,1,Timon,,"Martin Kräuterer, das Glückskind Terras (https://www.notion.so/Martin-Kr-uterer-das-Gl-ckskind-Terras-22495bba56ba8130ac4bf9c21ae8f6a5?pvs=21)",,"July 2, 2025 2:24 PM",,"July 24, 2025 10:58 PM",Alpha Set  (https://www.notion.so/Alpha-Set-22495bba56ba80dea926d7979a373c53?pvs=21),