Name,Charakter Pipeline,Design Skelett,Einzigartig,Element,Erstellt von,Erstellungsdatum,Flavourtext,ID,Idee Brackground,Kartenart,Kartentext,Kartentext-Planung,Kartentyp,Kosten Aeris,Kosten Aqua,Kosten Ignis,Kosten Magica,Kosten Terra,Kosten Ungeprägt,Letzte Änderung,Rarität,Set Release,Slot zugewiesen,Status,⚔️,⭕️,🛡️
Weißer Greif,,,No,Aeris (https://www.notion.so/Aeris-5996f3899d7740fc809fe30a652d20c6?pvs=21),Timon,"June 26, 2023 2:24 PM","Sie sahen ihn kommen, wie jedes Mal: ein Sturm aus Federn zwischen den Wolken – und sie wussten, dass Aeris sich einmal mehr auf ihre Seite stellt.",3,,Charakter (https://www.notion.so/Charakter-cdfda7ca52aa435bbb22610007798d2f?pvs=21),"Wenn <self>ich</self> <key>sterbe</key>, kehre <self>ich</self> auf Deine <zone>Hand</zone> zurück.","Wenn ich sterbe, kehrt ich auf deine Hand zurück.",Bestie (https://www.notion.so/Bestie-95ad0a0b63a24c66940280fe886abd05?pvs=21),3,,,,,3,"October 27, 2025 10:32 PM",,TCG Arena (https://www.notion.so/TCG-Arena-29995bba56ba8075ab9efa1a1e76ba80?pvs=21),No,TCG Arena,40/40,,40/40
Heulende Riesen-Eule,,EC10 (https://www.notion.so/EC10-28695bba56ba8103833ef01026f2b97d?pvs=21),No,Aeris (https://www.notion.so/Aeris-5996f3899d7740fc809fe30a652d20c6?pvs=21),Jan Appel,"August 23, 2023 11:57 PM","Niemand sah sie kommen, denn alle blickten gen Himmel.",4,,Charakter (https://www.notion.so/Charakter-cdfda7ca52aa435bbb22610007798d2f?pvs=21),Sofort spielbar,Sofort spielbar,Bestie (https://www.notion.so/Bestie-95ad0a0b63a24c66940280fe886abd05?pvs=21),1,,,,,3,"October 27, 2025 5:21 PM",Common,Internal Playtesting (https://www.notion.so/Internal-Playtesting-29895bba56ba80729756daaaa59bd560?pvs=21),Yes,Export,20/35,,20/40
Korporal Langhorn,,,No,Terra (https://www.notion.so/Terra-a6762ab5136d4598aafb8d77da6be70f?pvs=21),Jan Appel,"August 23, 2023 11:59 PM",,5,Erste Ideen,Charakter (https://www.notion.so/Charakter-cdfda7ca52aa435bbb22610007798d2f?pvs=21),,Alle deine Wölfe Bjarturs haben +10 ⚔️ und +15 🛡️.,Krieger (https://www.notion.so/Krieger-86700da5b47d4073ae8e37cc896f9162?pvs=21),,,,,,,"August 10, 2025 8:22 PM",,,No,Backup,20,,20
Baumsängerin Betula,,,No,Terra (https://www.notion.so/Terra-a6762ab5136d4598aafb8d77da6be70f?pvs=21),Timon,"August 27, 2023 3:01 PM",,8,Erste Ideen,Charakter (https://www.notion.so/Charakter-cdfda7ca52aa435bbb22610007798d2f?pvs=21),,Tribute diese Karte; Rufe ein [7] oder weniger “Besungener Baum” aus dem Deck.,,,,,,,,"August 10, 2025 8:21 PM",,,No,Backup,35,,30
Lieblicher Lautenklang der Baumsängerinnen,,,No,Terra (https://www.notion.so/Terra-a6762ab5136d4598aafb8d77da6be70f?pvs=21),Timon,"August 27, 2023 4:52 PM",,9,Erste Ideen,Ereignis (https://www.notion.so/Ereignis-88e179fa1fd740499a32ee3ed4377596?pvs=21),,Suche einen Baumsängerin (https://www.notion.so/Baums-ngerin-af7ba6f57aba4f63b5ceb62076cff89a?pvs=21) Charakter,,,,,,,,"August 10, 2025 8:21 PM",,,No,Backup,,,
Baumsängerin Tilia,,,No,Terra (https://www.notion.so/Terra-a6762ab5136d4598aafb8d77da6be70f?pvs=21),Timon,"August 27, 2023 8:38 PM",,12,Erste Ideen,Charakter (https://www.notion.so/Charakter-cdfda7ca52aa435bbb22610007798d2f?pvs=21),,Tribute diese Karte; Rufe ein [8] oder weniger “Besungener Baum” aus dem Deck.,,,,,,,,"August 10, 2025 8:21 PM",,,No,Backup,45,,30
Baumsängerin Abies,,,No,Terra (https://www.notion.so/Terra-a6762ab5136d4598aafb8d77da6be70f?pvs=21),Timon,"August 27, 2023 8:40 PM",,13,Erste Ideen,Charakter (https://www.notion.so/Charakter-cdfda7ca52aa435bbb22610007798d2f?pvs=21),,Falls diese Karte auf den Friedhof gelegt wird; Rufe ein “Besungener Baum” von deinem Friedhof (Einmal pro Spielzug),,,,,,,,"August 10, 2025 8:21 PM",,,No,Backup,35,,20
Heiterer Lautenklang der Baumsängerinnen,,,No,Terra (https://www.notion.so/Terra-a6762ab5136d4598aafb8d77da6be70f?pvs=21),Timon,"August 27, 2023 8:42 PM",,14,Erste Ideen,Ereignis (https://www.notion.so/Ereignis-88e179fa1fd740499a32ee3ed4377596?pvs=21),,Suche einen Baumsängerin (https://www.notion.so/Baums-ngerin-af7ba6f57aba4f63b5ceb62076cff89a?pvs=21) Charakter,,,,,,,,"August 10, 2025 8:21 PM",,,No,Backup,,,
Baumsängerin Larix,,,No,Terra (https://www.notion.so/Terra-a6762ab5136d4598aafb8d77da6be70f?pvs=21),Timon,"August 27, 2023 8:43 PM",,15,Erste Ideen,Charakter (https://www.notion.so/Charakter-cdfda7ca52aa435bbb22610007798d2f?pvs=21),,Tribute diese Karte; Rufe ein [6] oder weniger “Besungener Baum” aus dem Deck.,,,,,,,,"August 10, 2025 8:21 PM",,,No,Backup,30,,30
Besungener Baum Fagus,,,No,Terra (https://www.notion.so/Terra-a6762ab5136d4598aafb8d77da6be70f?pvs=21),Timon,"August 27, 2023 8:45 PM",,16,Erste Ideen,Charakter (https://www.notion.so/Charakter-cdfda7ca52aa435bbb22610007798d2f?pvs=21),,Alle verbündeten Baumsängerin (https://www.notion.so/Baums-ngerin-af7ba6f57aba4f63b5ceb62076cff89a?pvs=21)  und Wildtier (https://www.notion.so/Wildtier-566a219b7ef049469e5743f0e8b351de?pvs=21)  Kosten 1 Element weniger um sie zu rufen,,,,,,,,"August 10, 2025 8:21 PM",,,No,Backup,0,,55
Besungener Baum Carpinus,,,No,Terra (https://www.notion.so/Terra-a6762ab5136d4598aafb8d77da6be70f?pvs=21),Timon,"August 27, 2023 8:50 PM",,17,Erste Ideen,Charakter (https://www.notion.so/Charakter-cdfda7ca52aa435bbb22610007798d2f?pvs=21),,Bezahle 2 Terra; Zerstöre einen Charakter (Einmal pro Spielzug),,,,,,,,"August 10, 2025 8:21 PM",,,No,Backup,0,,85
Besungener Baum Aesculus,,,No,Terra (https://www.notion.so/Terra-a6762ab5136d4598aafb8d77da6be70f?pvs=21),Timon,"August 27, 2023 8:52 PM",,18,Erste Ideen,Charakter (https://www.notion.so/Charakter-cdfda7ca52aa435bbb22610007798d2f?pvs=21),,Um den Effekt einer Baumsängerin (https://www.notion.so/Baums-ngerin-af7ba6f57aba4f63b5ceb62076cff89a?pvs=21) zu aktiveren kannst du anstelle sie als Tribut anzubieten 2 Terra bezahlen,,,,,,,,"August 10, 2025 8:21 PM",,,No,Backup,0,,55
Schützender Lautenklang der Baumsängerinnen,,,No,Terra (https://www.notion.so/Terra-a6762ab5136d4598aafb8d77da6be70f?pvs=21),Timon,"August 27, 2023 8:55 PM",,19,Erste Ideen,Ereignis (https://www.notion.so/Ereignis-88e179fa1fd740499a32ee3ed4377596?pvs=21),,Bis zum Ende dieses Spielzugs: eine Baumsängerin (https://www.notion.so/Baums-ngerin-af7ba6f57aba4f63b5ceb62076cff89a?pvs=21) oder ein “Besungener Baum” ist von Karteneffekten unberührt und kann nicht zerstört werden,,,,,,,,"August 10, 2025 8:21 PM",,,No,Backup,,,
Bestie aus dem Wald,,,No,Terra (https://www.notion.so/Terra-a6762ab5136d4598aafb8d77da6be70f?pvs=21),Timon,"September 3, 2023 9:09 PM",,20,Erste Ideen,Charakter (https://www.notion.so/Charakter-cdfda7ca52aa435bbb22610007798d2f?pvs=21),,ersch (https://www.notion.so/ersch-0e02f231f9ed4e67bd55eada1e50b09e?pvs=21)einen. Zerstöre einen Charakter auf dem Feld,,,,,,,,"August 10, 2025 8:21 PM",,,No,Backup,50,,10
Brauner Hirsch,,,No,Terra (https://www.notion.so/Terra-a6762ab5136d4598aafb8d77da6be70f?pvs=21),Timon,"September 3, 2023 9:11 PM",,21,Erste Ideen,Charakter (https://www.notion.so/Charakter-cdfda7ca52aa435bbb22610007798d2f?pvs=21),,,,,,,,,,"August 10, 2025 8:21 PM",,,No,Backup,45,,35
Rasender Bär,,,No,Terra (https://www.notion.so/Terra-a6762ab5136d4598aafb8d77da6be70f?pvs=21),Timon,"September 3, 2023 9:12 PM",,22,Erste Ideen,Charakter (https://www.notion.so/Charakter-cdfda7ca52aa435bbb22610007798d2f?pvs=21),,,,,,,,,,"August 10, 2025 8:21 PM",,,No,Backup,60,,55
Erwachen des Waldes,,,No,Terra (https://www.notion.so/Terra-a6762ab5136d4598aafb8d77da6be70f?pvs=21),Timon,"September 3, 2023 9:13 PM",,23,Erste Ideen,Ereignis (https://www.notion.so/Ereignis-88e179fa1fd740499a32ee3ed4377596?pvs=21),,Falls du ein Terra Charakter kontrollierst. Füge deiner Hand bis zu 2 Wildtier (https://www.notion.so/Wildtier-566a219b7ef049469e5743f0e8b351de?pvs=21) Charaktere hinzu,,,,,,,,"August 10, 2025 8:21 PM",,,No,Backup,,,
Fröhliche Waldlichtung,,,No,Terra (https://www.notion.so/Terra-a6762ab5136d4598aafb8d77da6be70f?pvs=21),Timon,"September 3, 2023 9:16 PM",,24,Erste Ideen,Manifestation (https://www.notion.so/Manifestation-01fa783543da4ed2964edb521e465bd0?pvs=21),,Einmal pro Spielzug die Rufkosten für ein Wildtier vom Element Terra sind um bis zu 2 reduziert,,,,,,,,"August 10, 2025 8:21 PM",,,No,Backup,,2,
Schildheilerin Elaria,,,No,,Jan Appel,"September 9, 2023 1:45 PM",,25,Erste Ideen,Charakter (https://www.notion.so/Charakter-cdfda7ca52aa435bbb22610007798d2f?pvs=21),,"Wenn eine Untitled (https://www.notion.so/b1303df2f24d4014b6316e53f3e74243?pvs=21)einer Charakter (https://www.notion.so/Charakter-cdfda7ca52aa435bbb22610007798d2f?pvs=21)n, inklusive Schildheilerin Elaria (https://www.notion.so/Schildheilerin-Elaria-269751abdc774539bcb14942c029b97b?pvs=21), ersch (https://www.notion.so/ersch-0e02f231f9ed4e67bd55eada1e50b09e?pvs=21)eint, entdeck (https://www.notion.so/entdeck-bc14ca1b366b418397d988c1c99579f6?pvs=21)e einen Untitled (https://www.notion.so/7d85c5583f0144ad94a6d3532be61da0?pvs=21) aus Untitled (https://www.notion.so/b1303df2f24d4014b6316e53f3e74243?pvs=21)einem Deck (https://www.notion.so/Deck-12e336df2ea64e2194cabce2e4d93d61?pvs=21). Untitled (https://www.notion.so/b1303df2f24d4014b6316e53f3e74243?pvs=21)u darfst die ersch (https://www.notion.so/ersch-0e02f231f9ed4e67bd55eada1e50b09e?pvs=21)ienene Untitled (https://www.notion.so/bafefdffb74944b09dc4f9de10183b2d?pvs=21) damit vers (https://www.notion.so/vers-6a91c6bfe98549699eed7a53885c2d9b?pvs=21)ehen. Andernfalls misches ihn inUntitled (https://www.notion.so/b1303df2f24d4014b6316e53f3e74243?pvs=21)ein Deck (https://www.notion.so/Deck-12e336df2ea64e2194cabce2e4d93d61?pvs=21).",,,,,,,,"August 10, 2025 8:21 PM",,,No,Backup,15,,15
Ritual des Ewigen Urquell,,,No,,Jan Appel,"September 9, 2023 1:48 PM",,26,Erste Ideen,Untitled (https://www.notion.so/eff2926a20744f63b63ea77a6d71edd9?pvs=21),,"1. Kontrolliere mindestens 3 Aqua (https://www.notion.so/Aqua-8c3b1bb2cc364f6ba274d390ac8d3800?pvs=21)-Untitled (https://www.notion.so/2b9adcd059614612bb0133aece543b8a?pvs=21)n → zieh (https://www.notion.so/zieh-b15d78fb02034a8f94b549601fe794f5?pvs=21)e 1 Untitled (https://www.notion.so/6ddef2a437ec4b918cdc8a75c9262128?pvs=21).
2. zieh (https://www.notion.so/zieh-b15d78fb02034a8f94b549601fe794f5?pvs=21)e in 1 Zug (https://www.notion.so/Zug-1dea8b0b0db6480ea14c8b3f2d6dda20?pvs=21) mehrere Untitled (https://www.notion.so/6ddef2a437ec4b918cdc8a75c9262128?pvs=21)n → zieh (https://www.notion.so/zieh-b15d78fb02034a8f94b549601fe794f5?pvs=21)e 1 Untitled (https://www.notion.so/6ddef2a437ec4b918cdc8a75c9262128?pvs=21) und spiel (https://www.notion.so/spiel-b5c878a58a374f5282838f3bb3b69799?pvs=21)e eine zusätzliche Aqua (https://www.notion.so/Aqua-8c3b1bb2cc364f6ba274d390ac8d3800?pvs=21)-Untitled (https://www.notion.so/2b9adcd059614612bb0133aece543b8a?pvs=21).
3. Lasse in 1 Zug (https://www.notion.so/Zug-1dea8b0b0db6480ea14c8b3f2d6dda20?pvs=21) Untitled (https://www.notion.so/6ddef2a437ec4b918cdc8a75c9262128?pvs=21)n für GesamtElementarkosten (https://www.notion.so/Elementarkosten-fea3906dd57841dfb44fe508414a2ce9?pvs=21) von mindestens 7 Aqua (https://www.notion.so/Aqua-8c3b1bb2cc364f6ba274d390ac8d3800?pvs=21) ersch (https://www.notion.so/ersch-0e02f231f9ed4e67bd55eada1e50b09e?pvs=21)einen → such (https://www.notion.so/such-97002fcad18b4a7ba59c8706c1742c2f?pvs=21)e und spiel (https://www.notion.so/spiel-b5c878a58a374f5282838f3bb3b69799?pvs=21)e Ewiger Urquell (https://www.notion.so/Ewiger-Urquell-c3c61448100e4c8ab27ce089b7876bcb?pvs=21), ohne Elementarkosten (https://www.notion.so/Elementarkosten-fea3906dd57841dfb44fe508414a2ce9?pvs=21) zu zahlen.",,,,,,,,"August 10, 2025 8:21 PM",,,No,Backup,0,,50
Fluss der Neugierde,,,No,,Jan Appel,"September 9, 2023 1:52 PM",,28,Erste Ideen,Manifestation (https://www.notion.so/Manifestation-01fa783543da4ed2964edb521e465bd0?pvs=21),,"zieh (https://www.notion.so/zieh-b15d78fb02034a8f94b549601fe794f5?pvs=21)e zwei statt einer Untitled (https://www.notion.so/6ddef2a437ec4b918cdc8a75c9262128?pvs=21) zu Beginn Untitled (https://www.notion.so/b1303df2f24d4014b6316e53f3e74243?pvs=21)eines Zug (https://www.notion.so/Zug-1dea8b0b0db6480ea14c8b3f2d6dda20?pvs=21)s. spiele die billigere, ohne die Elementarkosten (https://www.notion.so/Elementarkosten-fea3906dd57841dfb44fe508414a2ce9?pvs=21) zu bezahlen.",,,,,,,,"August 10, 2025 8:21 PM",,,No,Backup,0,,20
Steter Tropfen,,,No,,Jan Appel,"September 9, 2023 1:52 PM",,29,Erste Ideen,Ereignis (https://www.notion.so/Ereignis-88e179fa1fd740499a32ee3ed4377596?pvs=21),,"zerstör (https://www.notion.so/zerst-r-353ca16d2f8a4864a2987a024552914f?pvs=21)e alle Untitled (https://www.notion.so/bafefdffb74944b09dc4f9de10183b2d?pvs=21)n mit Elementarkosten (https://www.notion.so/Elementarkosten-fea3906dd57841dfb44fe508414a2ce9?pvs=21) $x$. Falls dabei Untitled (https://www.notion.so/bafefdffb74944b09dc4f9de10183b2d?pvs=21)n zerstör (https://www.notion.so/zerst-r-353ca16d2f8a4864a2987a024552914f?pvs=21)t werden, spiele Steter Tropfen (https://www.notion.so/Steter-Tropfen-97c7af5d6e1d40909e7753429a2cdb29?pvs=21) mit $x+1$. Beginne mit $x=1$.",,,,,,,,"August 10, 2025 8:21 PM",,,No,Backup,,,
Sintflut,,,No,,Jan Appel,"September 9, 2023 1:55 PM",,30,Erste Ideen,Ereignis (https://www.notion.so/Ereignis-88e179fa1fd740499a32ee3ed4377596?pvs=21),,zerstör (https://www.notion.so/zerst-r-353ca16d2f8a4864a2987a024552914f?pvs=21)e alle Untitled (https://www.notion.so/bafefdffb74944b09dc4f9de10183b2d?pvs=21)n auf dem Schlachtfeld (https://www.notion.so/Schlachtfeld-00d6e8bce1a7450e917e836d0bf3b24e?pvs=21). Alle Untitled (https://www.notion.so/8f9b118372384c41817b4234398dfa75?pvs=21) zieh (https://www.notion.so/zieh-b15d78fb02034a8f94b549601fe794f5?pvs=21)en eine Untitled (https://www.notion.so/6ddef2a437ec4b918cdc8a75c9262128?pvs=21).,,,,,,,,"August 10, 2025 8:21 PM",,,No,Backup,,,
Laminarströmung,,,No,,Jan Appel,"September 9, 2023 1:56 PM",,31,Erste Ideen,Manifestation (https://www.notion.so/Manifestation-01fa783543da4ed2964edb521e465bd0?pvs=21),,"Wenn die vers (https://www.notion.so/vers-6a91c6bfe98549699eed7a53885c2d9b?pvs=21)ehene Untitled (https://www.notion.so/bafefdffb74944b09dc4f9de10183b2d?pvs=21) Schaden (https://www.notion.so/Schaden-9a09537dfc724c1b887d4dbfdc822726?pvs=21) erleidet, wird stattdessen die Laminarströmung (https://www.notion.so/Laminarstr-mung-f0bf24bbe1a649bcafa939cf668fb9f8?pvs=21) zerstör (https://www.notion.so/zerst-r-353ca16d2f8a4864a2987a024552914f?pvs=21)t.",,,,,,,,"August 10, 2025 8:21 PM",,,No,Backup,,,
Fluss der Zeit,,,No,,Jan Appel,"September 9, 2023 1:59 PM",,32,Erste Ideen,Ereignis (https://www.notion.so/Ereignis-88e179fa1fd740499a32ee3ed4377596?pvs=21),,"Mache einen zweiten Zug (https://www.notion.so/Zug-1dea8b0b0db6480ea14c8b3f2d6dda20?pvs=21) direkt im Anschluss, ohne Untitled (https://www.notion.so/b1303df2f24d4014b6316e53f3e74243?pvs=21)eine Untitled (https://www.notion.so/2b9adcd059614612bb0133aece543b8a?pvs=21)n zu regenerier (https://www.notion.so/regenerier-79d2d18c168c41d683999d2bd25fc7c9?pvs=21)en.",,,,,,,,"August 10, 2025 8:21 PM",,,No,Backup,,,
Versiegter Brunnen,,,No,,Jan Appel,"September 9, 2023 2:14 PM",,33,Erste Ideen,Manifestation (https://www.notion.so/Manifestation-01fa783543da4ed2964edb521e465bd0?pvs=21),,"vers (https://www.notion.so/vers-6a91c6bfe98549699eed7a53885c2d9b?pvs=21)ieh einen beliebigen Untitled (https://www.notion.so/8f9b118372384c41817b4234398dfa75?pvs=21) mit Versiegter Brunnen (https://www.notion.so/Versiegter-Brunnen-19665096f59e4daa90d45da2ca4cd6db?pvs=21). Solange kann der Untitled (https://www.notion.so/8f9b118372384c41817b4234398dfa75?pvs=21) keine Untitled (https://www.notion.so/6ddef2a437ec4b918cdc8a75c9262128?pvs=21)n zieh (https://www.notion.so/zieh-b15d78fb02034a8f94b549601fe794f5?pvs=21)en. Am Ende jeden Zug (https://www.notion.so/Zug-1dea8b0b0db6480ea14c8b3f2d6dda20?pvs=21)es darf der vers (https://www.notion.so/vers-6a91c6bfe98549699eed7a53885c2d9b?pvs=21)ehene Untitled (https://www.notion.so/8f9b118372384c41817b4234398dfa75?pvs=21) 1 Untitled (https://www.notion.so/710cb303190e42c187c5b6603253aa7a?pvs=21) bezahlen, um Versiegter Brunnen (https://www.notion.so/Versiegter-Brunnen-19665096f59e4daa90d45da2ca4cd6db?pvs=21) zu zerstör (https://www.notion.so/zerst-r-353ca16d2f8a4864a2987a024552914f?pvs=21)en, oder 1 beliebiges anderes Untitled (https://www.notion.so/0c6eab460133447db29c66c512586863?pvs=21) bezahlen, um einen anderen Untitled (https://www.notion.so/8f9b118372384c41817b4234398dfa75?pvs=21) damit zu vers (https://www.notion.so/vers-6a91c6bfe98549699eed7a53885c2d9b?pvs=21)ehen.",,,,,,,,"August 10, 2025 8:21 PM",,,No,Backup,0,,20
Dürre,,,No,,Jan Appel,"September 9, 2023 2:15 PM",,34,Erste Ideen,Ereignis (https://www.notion.so/Ereignis-88e179fa1fd740499a32ee3ed4377596?pvs=21),,"sofort (https://www.notion.so/sofort-9c56f076fccf4157b07459dd557d86d7?pvs=21) spielbar.
Alle Untitled (https://www.notion.so/8f9b118372384c41817b4234398dfa75?pvs=21) werfen ihre Hand (https://www.notion.so/Hand-02eed85235d546fc8cd87be30bc8b7c8?pvs=21) ab (https://www.notion.so/ab-3f245ce4bda845e09078a709034e2907?pvs=21) und zieh (https://www.notion.so/zieh-b15d78fb02034a8f94b549601fe794f5?pvs=21)en 3 Untitled (https://www.notion.so/6ddef2a437ec4b918cdc8a75c9262128?pvs=21)n.",,,,,,,,"August 10, 2025 8:21 PM",,,No,Backup,,,
Ewiger Urquell,,,No,Terra (https://www.notion.so/Terra-a6762ab5136d4598aafb8d77da6be70f?pvs=21),Jan Appel,"September 9, 2023 2:16 PM",,35,Erste Ideen,Manifestation (https://www.notion.so/Manifestation-01fa783543da4ed2964edb521e465bd0?pvs=21),,Untitled (https://www.notion.so/b1303df2f24d4014b6316e53f3e74243?pvs=21)u hast keine maximale Hand (https://www.notion.so/Hand-02eed85235d546fc8cd87be30bc8b7c8?pvs=21)kartenzahl.,,,,,,,,"August 10, 2025 8:21 PM",,,No,Backup,0,,50
Jungbrunnen,,,No,,Jan Appel,"September 9, 2023 2:18 PM",,36,Erste Ideen,Manifestation (https://www.notion.so/Manifestation-01fa783543da4ed2964edb521e465bd0?pvs=21),,"Wenn der Jungbrunnen (https://www.notion.so/Jungbrunnen-09524568d6ff4fa4bf04ac56bcb0fefd?pvs=21) noch leb (https://www.notion.so/leb-692df7818193496192e870be274ab13b?pvs=21)t, nachdem er verteidig (https://www.notion.so/verteidig-839e6f9d7cbd46cebaa3c27a3d39a179?pvs=21)t, vers (https://www.notion.so/vers-6a91c6bfe98549699eed7a53885c2d9b?pvs=21)ieh eine andere Untitled (https://www.notion.so/bafefdffb74944b09dc4f9de10183b2d?pvs=21) mit einen Untitled (https://www.notion.so/7d85c5583f0144ad94a6d3532be61da0?pvs=21), ohne Elementarkosten (https://www.notion.so/Elementarkosten-fea3906dd57841dfb44fe508414a2ce9?pvs=21) zu zahlen.",,,,,,,,"August 10, 2025 8:21 PM",,,No,Backup,0,,40
Speerfischer Albert,,,No,,Jan Appel,"September 9, 2023 2:27 PM",,37,Erste Ideen,Charakter (https://www.notion.so/Charakter-cdfda7ca52aa435bbb22610007798d2f?pvs=21),,-,,,,,,,,"August 10, 2025 8:21 PM",,,No,Backup,30,,20
Speerfischer Hans,,,No,,Jan Appel,"September 9, 2023 2:29 PM",,38,Erste Ideen,Charakter (https://www.notion.so/Charakter-cdfda7ca52aa435bbb22610007798d2f?pvs=21),,-,,,,,,,,"August 10, 2025 8:21 PM",,,No,Backup,20,,30
Schleimkröte,,,No,Terra (https://www.notion.so/Terra-a6762ab5136d4598aafb8d77da6be70f?pvs=21),Jan Appel,"September 9, 2023 2:30 PM",,39,Erste Ideen,Charakter (https://www.notion.so/Charakter-cdfda7ca52aa435bbb22610007798d2f?pvs=21),,"Wenn die Schleimkröte (https://www.notion.so/Schleimkr-te-2817df0d5c2c43d6a38b67509384fdd4?pvs=21) ein Untitled (https://www.notion.so/fce8858c271f419a8a1cfc93bdd3c75e?pvs=21) angr (https://www.notion.so/gr-67b7334ca6da4432b1b2462f108f30e1?pvs=21)eift, darfst Untitled (https://www.notion.so/b1303df2f24d4014b6316e53f3e74243?pvs=21)u dieses in Angriffsposition (https://www.notion.so/Angriffsposition-b0b16f0eec474e6fa92eb5d09f48f5b7?pvs=21) oder Verteidigungsposition (https://www.notion.so/Verteidigungsposition-40ccf690416b4f68aef823771c6b0615?pvs=21) versetzen.",,,,,,,,"August 10, 2025 8:21 PM",,,No,Backup,30,,20
Sumpfkröte,,,No,Terra (https://www.notion.so/Terra-a6762ab5136d4598aafb8d77da6be70f?pvs=21),Jan Appel,"September 9, 2023 2:32 PM",,40,Erste Ideen,Charakter (https://www.notion.so/Charakter-cdfda7ca52aa435bbb22610007798d2f?pvs=21),,"Wenn die Sumpfkröte (https://www.notion.so/Sumpfkr-te-8c33f75aa0d4460bac47c58b86f59931?pvs=21) ersch (https://www.notion.so/ersch-0e02f231f9ed4e67bd55eada1e50b09e?pvs=21)eint, darfst Du eine beliebige andere Untitled (https://www.notion.so/bafefdffb74944b09dc4f9de10183b2d?pvs=21) verschwind (https://www.notion.so/verschwind-43bb30ae08cb45c7a465f320d7ca5f91?pvs=21)en und wieder ersch (https://www.notion.so/ersch-0e02f231f9ed4e67bd55eada1e50b09e?pvs=21)einen lassen.",,,,,,,,"August 10, 2025 8:21 PM",,,No,Backup,5,,35
Stacheliger Kugelfisch,,,No,,Jan Appel,"September 9, 2023 2:36 PM",,41,Erste Ideen,Charakter (https://www.notion.so/Charakter-cdfda7ca52aa435bbb22610007798d2f?pvs=21),,"Wenn Stacheliger Kugelfisch (https://www.notion.so/Stacheliger-Kugelfisch-be275f692d6e4183baa985c2d2afe8fd?pvs=21) verteidig (https://www.notion.so/verteidig-839e6f9d7cbd46cebaa3c27a3d39a179?pvs=21)t, wird die angr (https://www.notion.so/gr-67b7334ca6da4432b1b2462f108f30e1?pvs=21)eifende Untitled (https://www.notion.so/6ddef2a437ec4b918cdc8a75c9262128?pvs=21) zerstör (https://www.notion.so/zerst-r-353ca16d2f8a4864a2987a024552914f?pvs=21)t.",,,,,,,,"August 10, 2025 8:21 PM",,,No,Backup,10,,10
Wasserschwall,,,No,,Jan Appel,"September 9, 2023 2:39 PM",,42,Erste Ideen,Manifestation (https://www.notion.so/Manifestation-01fa783543da4ed2964edb521e465bd0?pvs=21),,"Der Verteidigungswert (https://www.notion.so/Verteidigungswert-e67635d2fccf454d85d29b869ee8b6ff?pvs=21) der vers (https://www.notion.so/vers-6a91c6bfe98549699eed7a53885c2d9b?pvs=21)ehenen Untitled (https://www.notion.so/bafefdffb74944b09dc4f9de10183b2d?pvs=21) ist um $x$ erhöht, wobei $x$ die Summe aller Elementarkosten (https://www.notion.so/Elementarkosten-fea3906dd57841dfb44fe508414a2ce9?pvs=21) Untitled (https://www.notion.so/b1303df2f24d4014b6316e53f3e74243?pvs=21)einer Aqua (https://www.notion.so/Aqua-8c3b1bb2cc364f6ba274d390ac8d3800?pvs=21)-Untitled (https://www.notion.so/bafefdffb74944b09dc4f9de10183b2d?pvs=21)n ist.",,,,,,,,"August 10, 2025 8:21 PM",,,No,Backup,,,
Tosender Wasserfall,,,No,,Jan Appel,"September 9, 2023 2:41 PM",,43,Erste Ideen,Manifestation (https://www.notion.so/Manifestation-01fa783543da4ed2964edb521e465bd0?pvs=21),,"Immer, wenn Untitled (https://www.notion.so/b1303df2f24d4014b6316e53f3e74243?pvs=21)u Untitled (https://www.notion.so/6ddef2a437ec4b918cdc8a75c9262128?pvs=21)n zieh (https://www.notion.so/zieh-b15d78fb02034a8f94b549601fe794f5?pvs=21)st, zieh (https://www.notion.so/zieh-b15d78fb02034a8f94b549601fe794f5?pvs=21)st Untitled (https://www.notion.so/b1303df2f24d4014b6316e53f3e74243?pvs=21)u stattdessen eine mehr.",,,,,,,,"August 10, 2025 8:21 PM",,,No,Backup,0,,1
Reissender Fluss,,,No,,Jan Appel,"September 9, 2023 2:50 PM",,44,Erste Ideen,Manifestation (https://www.notion.so/Manifestation-01fa783543da4ed2964edb521e465bd0?pvs=21),,"Wenn die vers (https://www.notion.so/vers-6a91c6bfe98549699eed7a53885c2d9b?pvs=21)eheneUntitled (https://www.notion.so/bafefdffb74944b09dc4f9de10183b2d?pvs=21) während der verteidig (https://www.notion.so/verteidig-839e6f9d7cbd46cebaa3c27a3d39a179?pvs=21)ung zerstör (https://www.notion.so/zerst-r-353ca16d2f8a4864a2987a024552914f?pvs=21)t wird, wird auch die angr (https://www.notion.so/gr-67b7334ca6da4432b1b2462f108f30e1?pvs=21)eifende Untitled (https://www.notion.so/6ddef2a437ec4b918cdc8a75c9262128?pvs=21) zerstör (https://www.notion.so/zerst-r-353ca16d2f8a4864a2987a024552914f?pvs=21)t.",,,,,,,,"August 10, 2025 8:21 PM",,,No,Backup,,,
Turbulenter Strom,,,No,,Jan Appel,"September 9, 2023 2:51 PM",,45,Erste Ideen,Manifestation (https://www.notion.so/Manifestation-01fa783543da4ed2964edb521e465bd0?pvs=21),,"Wenn die vers (https://www.notion.so/vers-6a91c6bfe98549699eed7a53885c2d9b?pvs=21)ehene Untitled (https://www.notion.so/bafefdffb74944b09dc4f9de10183b2d?pvs=21) angegr (https://www.notion.so/gr-67b7334ca6da4432b1b2462f108f30e1?pvs=21)iffen wird, darfst du sie mit einem beliebigen Untitled (https://www.notion.so/b1303df2f24d4014b6316e53f3e74243?pvs=21)einer Charakter (https://www.notion.so/Charakter-cdfda7ca52aa435bbb22610007798d2f?pvs=21) verteidig (https://www.notion.so/verteidig-839e6f9d7cbd46cebaa3c27a3d39a179?pvs=21)en. Falls nicht, wird Turbulenter Strom (https://www.notion.so/Turbulenter-Strom-2cb9b81fdc5c442fb79d5b8e45c9ea87?pvs=21) zerstör (https://www.notion.so/zerst-r-353ca16d2f8a4864a2987a024552914f?pvs=21)t.",,,,,,,,"August 10, 2025 8:21 PM",,,No,Backup,,,
Brunnen der Persistenz,,,No,,Jan Appel,"September 9, 2023 2:51 PM",,46,Erste Ideen,Manifestation (https://www.notion.so/Manifestation-01fa783543da4ed2964edb521e465bd0?pvs=21),,"Wenn die vers (https://www.notion.so/vers-6a91c6bfe98549699eed7a53885c2d9b?pvs=21)ehene Untitled (https://www.notion.so/bafefdffb74944b09dc4f9de10183b2d?pvs=21) noch leb (https://www.notion.so/leb-692df7818193496192e870be274ab13b?pvs=21)t, nachdem sie verteidig (https://www.notion.so/verteidig-839e6f9d7cbd46cebaa3c27a3d39a179?pvs=21)t, darfst Untitled (https://www.notion.so/b1303df2f24d4014b6316e53f3e74243?pvs=21)u einen Untitled (https://www.notion.so/7d85c5583f0144ad94a6d3532be61da0?pvs=21) aus Untitled (https://www.notion.so/b1303df2f24d4014b6316e53f3e74243?pvs=21)einem Deck (https://www.notion.so/Deck-12e336df2ea64e2194cabce2e4d93d61?pvs=21) such (https://www.notion.so/such-97002fcad18b4a7ba59c8706c1742c2f?pvs=21)en und für seine Elementarkosten (https://www.notion.so/Elementarkosten-fea3906dd57841dfb44fe508414a2ce9?pvs=21) eine andere Untitled (https://www.notion.so/bafefdffb74944b09dc4f9de10183b2d?pvs=21) mit ihm vers (https://www.notion.so/vers-6a91c6bfe98549699eed7a53885c2d9b?pvs=21)ehen.",,,,,,,,"August 10, 2025 8:21 PM",,,No,Backup,,,
Wilde Wogen,,,No,,Jan Appel,"September 10, 2023 12:36 AM",,47,Erste Ideen,Ereignis (https://www.notion.so/Ereignis-88e179fa1fd740499a32ee3ed4377596?pvs=21),,"zerstör (https://www.notion.so/zerst-r-353ca16d2f8a4864a2987a024552914f?pvs=21)e $x$ Charakter (https://www.notion.so/Charakter-cdfda7ca52aa435bbb22610007798d2f?pvs=21)e Untitled (https://www.notion.so/b1303df2f24d4014b6316e53f3e74243?pvs=21)einer Wahl, wobei $x$ die Anzahl (https://www.notion.so/Anzahl-09cf5acb69fa4d5ea84c749a17cf2bb0?pvs=21) Untitled (https://www.notion.so/b1303df2f24d4014b6316e53f3e74243?pvs=21)einer Untitled (https://www.notion.so/7d85c5583f0144ad94a6d3532be61da0?pvs=21)e ist.",,,,,,,,"August 10, 2025 8:21 PM",,,No,Backup,,,
Ebbe,,,No,,Jan Appel,"September 10, 2023 12:39 AM",,48,Erste Ideen,Ereignis (https://www.notion.so/Ereignis-88e179fa1fd740499a32ee3ed4377596?pvs=21),,"Zahle $x$ Untitled (https://www.notion.so/710cb303190e42c187c5b6603253aa7a?pvs=21): plan (https://www.notion.so/plan-75375ecda7fa415a8b626a3c14cdf4eb?pvs=21)e $x$ Untitled (https://www.notion.so/6ddef2a437ec4b918cdc8a75c9262128?pvs=21)n.
Wenn Untitled (https://www.notion.so/b1303df2f24d4014b6316e53f3e74243?pvs=21)u in diesem Zug (https://www.notion.so/Zug-1dea8b0b0db6480ea14c8b3f2d6dda20?pvs=21) die Flut (https://www.notion.so/Flut-79d77c78eb6641e8acd1bd480fc085b0?pvs=21) gespiel (https://www.notion.so/spiel-b5c878a58a374f5282838f3bb3b69799?pvs=21)t hast, such (https://www.notion.so/such-97002fcad18b4a7ba59c8706c1742c2f?pvs=21)e die Springflut (https://www.notion.so/Springflut-8bc81b75064342c68c5596d2db5193bf?pvs=21) aus Untitled (https://www.notion.so/b1303df2f24d4014b6316e53f3e74243?pvs=21)einem Deck (https://www.notion.so/Deck-12e336df2ea64e2194cabce2e4d93d61?pvs=21) und spiel (https://www.notion.so/spiel-b5c878a58a374f5282838f3bb3b69799?pvs=21)e sie, ohne ihre Elementarkosten (https://www.notion.so/Elementarkosten-fea3906dd57841dfb44fe508414a2ce9?pvs=21) zu bezahlen.",,,,,,,,"August 10, 2025 8:21 PM",,,No,Backup,,,
Flut,,,No,,Jan Appel,"September 10, 2023 12:39 AM",,49,Erste Ideen,Ereignis (https://www.notion.so/Ereignis-88e179fa1fd740499a32ee3ed4377596?pvs=21),,"Zahle $2x$ Untitled (https://www.notion.so/710cb303190e42c187c5b6603253aa7a?pvs=21): zieh (https://www.notion.so/zieh-b15d78fb02034a8f94b549601fe794f5?pvs=21)e $x$ Untitled (https://www.notion.so/6ddef2a437ec4b918cdc8a75c9262128?pvs=21)n.
Wenn Untitled (https://www.notion.so/b1303df2f24d4014b6316e53f3e74243?pvs=21)u in diesem Zug (https://www.notion.so/Zug-1dea8b0b0db6480ea14c8b3f2d6dda20?pvs=21) die Ebbe (https://www.notion.so/Ebbe-58acd68eedf84da7bfbf8b50233a8693?pvs=21) gespiel (https://www.notion.so/spiel-b5c878a58a374f5282838f3bb3b69799?pvs=21)t hast, such (https://www.notion.so/such-97002fcad18b4a7ba59c8706c1742c2f?pvs=21)e die Springflut (https://www.notion.so/Springflut-8bc81b75064342c68c5596d2db5193bf?pvs=21) aus Untitled (https://www.notion.so/b1303df2f24d4014b6316e53f3e74243?pvs=21)einem Deck (https://www.notion.so/Deck-12e336df2ea64e2194cabce2e4d93d61?pvs=21) und spiel (https://www.notion.so/spiel-b5c878a58a374f5282838f3bb3b69799?pvs=21)e sie, ohne ihre Elementarkosten (https://www.notion.so/Elementarkosten-fea3906dd57841dfb44fe508414a2ce9?pvs=21) zu bezahlen.",,,,,,,,"August 10, 2025 8:21 PM",,,No,Backup,,,
Springflut,,,No,,Jan Appel,"September 10, 2023 12:40 AM",,50,Erste Ideen,Untitled (https://www.notion.so/3982764085c2477e827623c38aec8f98?pvs=21),,"1. Runde (https://www.notion.so/Runde-d203b45604604e129e5015129b597641?pvs=21): entdeck (https://www.notion.so/entdeck-bc14ca1b366b418397d988c1c99579f6?pvs=21)e 3 Charakter (https://www.notion.so/Charakter-cdfda7ca52aa435bbb22610007798d2f?pvs=21) aus Untitled (https://www.notion.so/b1303df2f24d4014b6316e53f3e74243?pvs=21)einem Deck (https://www.notion.so/Deck-12e336df2ea64e2194cabce2e4d93d61?pvs=21) und nimm sie auf (https://www.notion.so/auf-e5bc4ea646fa468aa4d0ee5800a3c5e2?pvs=21) die Hand (https://www.notion.so/Hand-02eed85235d546fc8cd87be30bc8b7c8?pvs=21).
2. Runde (https://www.notion.so/Runde-d203b45604604e129e5015129b597641?pvs=21): spiel (https://www.notion.so/spiel-b5c878a58a374f5282838f3bb3b69799?pvs=21)e bis zu 3 Charakter (https://www.notion.so/Charakter-cdfda7ca52aa435bbb22610007798d2f?pvs=21)e irgendwelcher Elementarkosten (https://www.notion.so/Elementarkosten-fea3906dd57841dfb44fe508414a2ce9?pvs=21) für 1 Untitled (https://www.notion.so/710cb303190e42c187c5b6603253aa7a?pvs=21).
3. Runde (https://www.notion.so/Runde-d203b45604604e129e5015129b597641?pvs=21): zerstör (https://www.notion.so/zerst-r-353ca16d2f8a4864a2987a024552914f?pvs=21)e alle Charakter (https://www.notion.so/Charakter-cdfda7ca52aa435bbb22610007798d2f?pvs=21)e auf dem Schlachtfeld (https://www.notion.so/Schlachtfeld-00d6e8bce1a7450e917e836d0bf3b24e?pvs=21).",,,,,,,,"August 10, 2025 8:21 PM",,,No,Backup,0,,50
Ding aus der Tiefe,,,No,,Jan Appel,"September 10, 2023 12:44 AM",,51,Erste Ideen,Charakter (https://www.notion.so/Charakter-cdfda7ca52aa435bbb22610007798d2f?pvs=21),,"Wenn das Ding aus der Tiefe (https://www.notion.so/Ding-aus-der-Tiefe-fefde341406542c6b89d8660745d4660?pvs=21) ersch (https://www.notion.so/ersch-0e02f231f9ed4e67bd55eada1e50b09e?pvs=21)eint, zerstör (https://www.notion.so/zerst-r-353ca16d2f8a4864a2987a024552914f?pvs=21)e eine beliebige Auswahl (https://www.notion.so/Auswahl-0a18c0ac8baa47b59e780d173eaf6e42?pvs=21) Untitled (https://www.notion.so/b1303df2f24d4014b6316e53f3e74243?pvs=21)einer Charakter (https://www.notion.so/Charakter-cdfda7ca52aa435bbb22610007798d2f?pvs=21)e und lege sie unter diese Untitled (https://www.notion.so/6ddef2a437ec4b918cdc8a75c9262128?pvs=21). Immer, wenn das Ding aus der Tiefe (https://www.notion.so/Ding-aus-der-Tiefe-fefde341406542c6b89d8660745d4660?pvs=21) einen Charakter (https://www.notion.so/Charakter-cdfda7ca52aa435bbb22610007798d2f?pvs=21) zerstör (https://www.notion.so/zerst-r-353ca16d2f8a4864a2987a024552914f?pvs=21)t, lege ihn ebenfalls unter diese Untitled (https://www.notion.so/6ddef2a437ec4b918cdc8a75c9262128?pvs=21). Angriffswert (https://www.notion.so/Angriffswert-08a93843021a40dba6e7e34862f163fa?pvs=21) und Verteidigungswert (https://www.notion.so/Verteidigungswert-e67635d2fccf454d85d29b869ee8b6ff?pvs=21) des Ding aus der Tiefe (https://www.notion.so/Ding-aus-der-Tiefe-fefde341406542c6b89d8660745d4660?pvs=21) sind stets die entsprechenden Summen der unter ihm liegenden Untitled (https://www.notion.so/6ddef2a437ec4b918cdc8a75c9262128?pvs=21)n.",,,,,,,,"August 10, 2025 8:21 PM",,,No,Backup,0,,0
Perlentaucher,,,No,,Jan Appel,"September 10, 2023 12:54 AM",,52,Erste Ideen,Charakter (https://www.notion.so/Charakter-cdfda7ca52aa435bbb22610007798d2f?pvs=21),,"verkünde (https://www.notion.so/verk-nde-60617eed7ae244bab7664a1d221879c2?pvs=21) zu Beginn Untitled (https://www.notion.so/b1303df2f24d4014b6316e53f3e74243?pvs=21)eines Zug (https://www.notion.so/Zug-1dea8b0b0db6480ea14c8b3f2d6dda20?pvs=21)es einen Entitäten (https://www.notion.so/09a479f6a9da4570a428e67ff08006f4?pvs=21)typ. Wenn die erste Untitled (https://www.notion.so/6ddef2a437ec4b918cdc8a75c9262128?pvs=21), die Untitled (https://www.notion.so/b1303df2f24d4014b6316e53f3e74243?pvs=21)u diesen Zug (https://www.notion.so/Zug-1dea8b0b0db6480ea14c8b3f2d6dda20?pvs=21) zieh (https://www.notion.so/zieh-b15d78fb02034a8f94b549601fe794f5?pvs=21)st, diesem Entitäten (https://www.notion.so/09a479f6a9da4570a428e67ff08006f4?pvs=21)typ entspricht, darfst Untitled (https://www.notion.so/b1303df2f24d4014b6316e53f3e74243?pvs=21)u sie für 1 Aqua (https://www.notion.so/Aqua-8c3b1bb2cc364f6ba274d390ac8d3800?pvs=21) spiel (https://www.notion.so/spiel-b5c878a58a374f5282838f3bb3b69799?pvs=21)en. Andernfalls nimmst Untitled (https://www.notion.so/b1303df2f24d4014b6316e53f3e74243?pvs=21)u sie auf (https://www.notion.so/auf-e5bc4ea646fa468aa4d0ee5800a3c5e2?pvs=21) Untitled (https://www.notion.so/b1303df2f24d4014b6316e53f3e74243?pvs=21)eine Hand (https://www.notion.so/Hand-02eed85235d546fc8cd87be30bc8b7c8?pvs=21).",,,,,,,,"August 10, 2025 8:21 PM",,,No,Backup,15,,15
Fresnel’sche Spiegelung,,,No,,Jan Appel,"September 10, 2023 1:06 AM",,53,Erste Ideen,Manifestation (https://www.notion.so/Manifestation-01fa783543da4ed2964edb521e465bd0?pvs=21),,Untitled (https://www.notion.so/38d8865e0868489d84eed7aab3fdb7d3?pvs=21) können nur die vers (https://www.notion.so/vers-6a91c6bfe98549699eed7a53885c2d9b?pvs=21)ehene Untitled (https://www.notion.so/bafefdffb74944b09dc4f9de10183b2d?pvs=21) als Untitled (https://www.notion.so/fce8858c271f419a8a1cfc93bdd3c75e?pvs=21) für ihren Angr (https://www.notion.so/gr-67b7334ca6da4432b1b2462f108f30e1?pvs=21)iff wählen.,,,,,,,,"August 10, 2025 8:21 PM",,,No,Backup,,,
Magierin des Ausgleichs,,,No,Ignis (https://www.notion.so/Ignis-ca68b053cd74404a8fa85893e505b753?pvs=21),Jan Appel,"September 10, 2023 1:10 AM",,54,,Charakter (https://www.notion.so/Charakter-cdfda7ca52aa435bbb22610007798d2f?pvs=21),"Wenn <self>ich</self> eine <key>Karte</key> <key>zerstöre</key>, <key>ziehe</key> eine <key>Karte</key>.","Wenn ich eine Karte zerstöre, ziehe eine Karte.",Magier (https://www.notion.so/Magier-3a53f2f6a1ef426b8a25520ab3d354b1?pvs=21),,,2,,,2,"October 27, 2025 4:38 PM",,TCG Arena (https://www.notion.so/TCG-Arena-29995bba56ba8075ab9efa1a1e76ba80?pvs=21),No,TCG Arena,20/20,,20/30
Meerjungfrau Marna,,,No,Aeris (https://www.notion.so/Aeris-5996f3899d7740fc809fe30a652d20c6?pvs=21),Jan Appel,"September 10, 2023 1:27 AM",,55,Erste Ideen,Charakter (https://www.notion.so/Charakter-cdfda7ca52aa435bbb22610007798d2f?pvs=21),,"Wenn Meerjungfrau Marna (https://www.notion.so/Meerjungfrau-Marna-bea5a1b4be7940fdb3c40ddc0b966608?pvs=21) angr (https://www.notion.so/gr-67b7334ca6da4432b1b2462f108f30e1?pvs=21)eift, darfst Untitled (https://www.notion.so/b1303df2f24d4014b6316e53f3e74243?pvs=21)u den Wassermann Torlan (https://www.notion.so/Wassermann-Torlan-831de7267ffa4a5ca40736c2068d30ea?pvs=21) such (https://www.notion.so/such-97002fcad18b4a7ba59c8706c1742c2f?pvs=21)en und spiel (https://www.notion.so/spiel-b5c878a58a374f5282838f3bb3b69799?pvs=21)en.",,,,,,,,"August 10, 2025 8:22 PM",,,No,Backup,15,,20
Nixe Arvia,,,No,Aqua (https://www.notion.so/Aqua-8c3b1bb2cc364f6ba274d390ac8d3800?pvs=21),Jan Appel,"September 10, 2023 1:27 AM",,56,Erste Ideen,Manifestation (https://www.notion.so/Manifestation-01fa783543da4ed2964edb521e465bd0?pvs=21),,"vers (https://www.notion.so/vers-6a91c6bfe98549699eed7a53885c2d9b?pvs=21)ieh einen beliebigen Charakter (https://www.notion.so/Charakter-cdfda7ca52aa435bbb22610007798d2f?pvs=21) mit der Nixe Arvia (https://www.notion.so/Nixe-Arvia-c96c2162ea524e7da5071d642203889f?pvs=21). Der vers (https://www.notion.so/vers-6a91c6bfe98549699eed7a53885c2d9b?pvs=21)ehene Charakter (https://www.notion.so/Charakter-cdfda7ca52aa435bbb22610007798d2f?pvs=21) hat solange ohnmächtig (https://www.notion.so/ohnm-chtig-052e31a81ae24fb5ac51512957908c0d?pvs=21) und die Nixe Arvia (https://www.notion.so/Nixe-Arvia-c96c2162ea524e7da5071d642203889f?pvs=21) kann angegr (https://www.notion.so/gr-67b7334ca6da4432b1b2462f108f30e1?pvs=21)iffen werden, aber nicht angr (https://www.notion.so/gr-67b7334ca6da4432b1b2462f108f30e1?pvs=21)eifen.",,,,,,,,"August 10, 2025 8:22 PM",,,No,Backup,,0,
Nymphe Nerida,,,No,Aeris (https://www.notion.so/Aeris-5996f3899d7740fc809fe30a652d20c6?pvs=21),Jan Appel,"September 10, 2023 1:39 AM",,57,Erste Ideen,Charakter (https://www.notion.so/Charakter-cdfda7ca52aa435bbb22610007798d2f?pvs=21),,"Wenn die Nymphe Nerida (https://www.notion.so/Nymphe-Nerida-8f0683beacc94954b0a9523b2fa66107?pvs=21) ersch (https://www.notion.so/ersch-0e02f231f9ed4e67bd55eada1e50b09e?pvs=21)eint, darfst Untitled (https://www.notion.so/b1303df2f24d4014b6316e53f3e74243?pvs=21)u eine Untitled (https://www.notion.so/2b9adcd059614612bb0133aece543b8a?pvs=21) spielen.
Wenn die Nymphe Nerida (https://www.notion.so/Nymphe-Nerida-8f0683beacc94954b0a9523b2fa66107?pvs=21) verschwind (https://www.notion.so/verschwind-43bb30ae08cb45c7a465f320d7ca5f91?pvs=21)et, musst Untitled (https://www.notion.so/b1303df2f24d4014b6316e53f3e74243?pvs=21)u eine Deiner Untitled (https://www.notion.so/2b9adcd059614612bb0133aece543b8a?pvs=21)n zerstör (https://www.notion.so/zerst-r-353ca16d2f8a4864a2987a024552914f?pvs=21)en.",,,,,,,,"August 10, 2025 8:22 PM",,,No,Backup,20,,20
Sirene Thalassa,,,No,Ignis (https://www.notion.so/Ignis-ca68b053cd74404a8fa85893e505b753?pvs=21),Jan Appel,"September 10, 2023 1:40 AM",,58,Erste Ideen,Charakter (https://www.notion.so/Charakter-cdfda7ca52aa435bbb22610007798d2f?pvs=21),,"vers (https://www.notion.so/vers-6a91c6bfe98549699eed7a53885c2d9b?pvs=21)ieh einen beliebigen Charakter (https://www.notion.so/Charakter-cdfda7ca52aa435bbb22610007798d2f?pvs=21) mit der Sirene Thalassa (https://www.notion.so/Sirene-Thalassa-01693bf0618c4bd29e710b24869cf3df?pvs=21), dessen Angriffswert (https://www.notion.so/Angriffswert-08a93843021a40dba6e7e34862f163fa?pvs=21) und Verteidigungswert (https://www.notion.so/Verteidigungswert-e67635d2fccf454d85d29b869ee8b6ff?pvs=21) zusammen nicht höher als 100 ist. Der versehene Charakter (https://www.notion.so/Charakter-cdfda7ca52aa435bbb22610007798d2f?pvs=21) ist solange unter Untitled (https://www.notion.so/b1303df2f24d4014b6316e53f3e74243?pvs=21)einer kontr (https://www.notion.so/kontr-2b98ac3701c74c8db29660ccd548453e?pvs=21)olle, bis Sirene Thalassa (https://www.notion.so/Sirene-Thalassa-01693bf0618c4bd29e710b24869cf3df?pvs=21) die gegnerische Linien verlässt, kann seine Position nicht ändern und in diesem Zug (https://www.notion.so/Zug-1dea8b0b0db6480ea14c8b3f2d6dda20?pvs=21) nicht angr (https://www.notion.so/gr-67b7334ca6da4432b1b2462f108f30e1?pvs=21)eifen.",,,,,,,,"August 10, 2025 8:22 PM",,,No,Backup,25,,10
Seemannsgarn,,,No,Terra (https://www.notion.so/Terra-a6762ab5136d4598aafb8d77da6be70f?pvs=21),Jan Appel,"September 10, 2023 1:49 AM",,59,Erste Ideen,Manifestation (https://www.notion.so/Manifestation-01fa783543da4ed2964edb521e465bd0?pvs=21),,"Entscheide Untitled (https://www.notion.so/b1303df2f24d4014b6316e53f3e74243?pvs=21)ich zu Beginn Untitled (https://www.notion.so/b1303df2f24d4014b6316e53f3e74243?pvs=21)eines Zug (https://www.notion.so/Zug-1dea8b0b0db6480ea14c8b3f2d6dda20?pvs=21)es, ob Untitled (https://www.notion.so/b1303df2f24d4014b6316e53f3e74243?pvs=21)eine Charakter (https://www.notion.so/Charakter-cdfda7ca52aa435bbb22610007798d2f?pvs=21)e bis zu Untitled (https://www.notion.so/b1303df2f24d4014b6316e53f3e74243?pvs=21)einem nächsten Zug (https://www.notion.so/Zug-1dea8b0b0db6480ea14c8b3f2d6dda20?pvs=21)$+10x$ Angriffswert (https://www.notion.so/Angriffswert-08a93843021a40dba6e7e34862f163fa?pvs=21) oder $+10x$ Verteidigungswert (https://www.notion.so/Verteidigungswert-e67635d2fccf454d85d29b869ee8b6ff?pvs=21) haben, wobei $x$ die Anzahl (https://www.notion.so/Anzahl-09cf5acb69fa4d5ea84c749a17cf2bb0?pvs=21) Untitled (https://www.notion.so/6ddef2a437ec4b918cdc8a75c9262128?pvs=21)n ist, die Untitled (https://www.notion.so/b1303df2f24d4014b6316e53f3e74243?pvs=21)u seit der Entscheidung zieh (https://www.notion.so/zieh-b15d78fb02034a8f94b549601fe794f5?pvs=21)st.",,,,,,,,"August 10, 2025 8:22 PM",,,No,Backup,,1,
Die Albatross,,,No,Ignis (https://www.notion.so/Ignis-ca68b053cd74404a8fa85893e505b753?pvs=21),Jan Appel,"September 10, 2023 1:50 AM",,60,Erste Ideen,Charakter (https://www.notion.so/Charakter-cdfda7ca52aa435bbb22610007798d2f?pvs=21),,,,,,,,,,"August 10, 2025 8:22 PM",,,No,Backup,65,,50
Schrecken der Lüfte,,,No,Aeris (https://www.notion.so/Aeris-5996f3899d7740fc809fe30a652d20c6?pvs=21),Jan Appel,"September 10, 2023 1:54 AM",,61,Erste Ideen,Ereignis (https://www.notion.so/Ereignis-88e179fa1fd740499a32ee3ed4377596?pvs=21),,zerstör (https://www.notion.so/zerst-r-353ca16d2f8a4864a2987a024552914f?pvs=21)e alle Untitled (https://www.notion.so/b1303df2f24d4014b6316e53f3e74243?pvs=21)eine Charakter (https://www.notion.so/Charakter-cdfda7ca52aa435bbb22610007798d2f?pvs=21)e. spiel (https://www.notion.so/spiel-b5c878a58a374f5282838f3bb3b69799?pvs=21)e für jeden zerstör (https://www.notion.so/zerst-r-353ca16d2f8a4864a2987a024552914f?pvs=21)ten Charakter (https://www.notion.so/Charakter-cdfda7ca52aa435bbb22610007798d2f?pvs=21) einen Charakter (https://www.notion.so/Charakter-cdfda7ca52aa435bbb22610007798d2f?pvs=21) von Untitled (https://www.notion.so/b1303df2f24d4014b6316e53f3e74243?pvs=21)einer Hand (https://www.notion.so/Hand-02eed85235d546fc8cd87be30bc8b7c8?pvs=21).,,,,,,,,"August 10, 2025 8:22 PM",,,No,Backup,,,
Brauner Stummfisch,,,No,Aqua (https://www.notion.so/Aqua-8c3b1bb2cc364f6ba274d390ac8d3800?pvs=21),Jan Appel,"September 10, 2023 1:58 AM",,62,Erste Ideen,Charakter (https://www.notion.so/Charakter-cdfda7ca52aa435bbb22610007798d2f?pvs=21),,sofort (https://www.notion.so/sofort-9c56f076fccf4157b07459dd557d86d7?pvs=21) spiel (https://www.notion.so/spiel-b5c878a58a374f5282838f3bb3b69799?pvs=21)bar.,,,,,,,,"August 10, 2025 8:21 PM",,,No,Backup,10,,0
Regenbogenquappschlappe,,,No,Magica (https://www.notion.so/Magica-ba80d98941c8405d875cb3e6fdb6bf34?pvs=21),Jan Appel,"September 10, 2023 1:58 AM",,63,Erste Ideen,Charakter (https://www.notion.so/Charakter-cdfda7ca52aa435bbb22610007798d2f?pvs=21),,Die Regenbogenquappschlappe (https://www.notion.so/Regenbogenquappschlappe-c695e5302d69411b83972e5f18cf3fc3?pvs=21) kann in der Verteidigungsposition (https://www.notion.so/Verteidigungsposition-40ccf690416b4f68aef823771c6b0615?pvs=21) nicht als Untitled (https://www.notion.so/fce8858c271f419a8a1cfc93bdd3c75e?pvs=21) gewählt werden.,,,,,,,,"August 10, 2025 8:22 PM",,,No,Backup,15,,15
Geld ist Macht,,,No,,Jan Appel,"September 10, 2023 2:25 AM",,65,Erste Ideen,Manifestation (https://www.notion.so/Manifestation-01fa783543da4ed2964edb521e465bd0?pvs=21),,"vers (https://www.notion.so/vers-6a91c6bfe98549699eed7a53885c2d9b?pvs=21)ieh eine Untitled (https://www.notion.so/bafefdffb74944b09dc4f9de10183b2d?pvs=21) mit Geld ist Macht (https://www.notion.so/Geld-ist-Macht-43a806f801ee4f8898cfaec5781b4295?pvs=21). Lege bis zu 25 Untitled (https://www.notion.so/8a43ae64dd89409b80adca5a926d497b?pvs=21)n auf diese Untitled (https://www.notion.so/bafefdffb74944b09dc4f9de10183b2d?pvs=21). Angriffswert (https://www.notion.so/Angriffswert-08a93843021a40dba6e7e34862f163fa?pvs=21) und Verteidigungswert (https://www.notion.so/Verteidigungswert-e67635d2fccf454d85d29b869ee8b6ff?pvs=21) der vers (https://www.notion.so/vers-6a91c6bfe98549699eed7a53885c2d9b?pvs=21)ehenen Untitled (https://www.notion.so/bafefdffb74944b09dc4f9de10183b2d?pvs=21) sind um diese Anzahl (https://www.notion.so/Anzahl-09cf5acb69fa4d5ea84c749a17cf2bb0?pvs=21) erhöht. Wird die vers (https://www.notion.so/vers-6a91c6bfe98549699eed7a53885c2d9b?pvs=21)ehene Untitled (https://www.notion.so/bafefdffb74944b09dc4f9de10183b2d?pvs=21) zerstör (https://www.notion.so/zerst-r-353ca16d2f8a4864a2987a024552914f?pvs=21)t, erhält der zerstör (https://www.notion.so/zerst-r-353ca16d2f8a4864a2987a024552914f?pvs=21)ende Untitled (https://www.notion.so/8f9b118372384c41817b4234398dfa75?pvs=21) die Untitled (https://www.notion.so/8a43ae64dd89409b80adca5a926d497b?pvs=21)n und diese Karte auf die Hand.",,,,,,,,"August 10, 2025 8:21 PM",,,No,Backup,,,
Grauer Stummfisch,,AC03 (https://www.notion.so/AC03-28695bba56ba817f878eda6861f0dadc?pvs=21),No,Aqua (https://www.notion.so/Aqua-8c3b1bb2cc364f6ba274d390ac8d3800?pvs=21),Jan Appel,"September 10, 2023 2:44 AM",,66,,Charakter (https://www.notion.so/Charakter-cdfda7ca52aa435bbb22610007798d2f?pvs=21),<ability>Sofort spielbar</ability> <desc>Du darfst <self>mich</self> jederzeit spielen.</desc>,Sofort spielbar,Bestie (https://www.notion.so/Bestie-95ad0a0b63a24c66940280fe886abd05?pvs=21),,1,,,,1,"October 27, 2025 4:38 PM",Common,"Internal Playtesting (https://www.notion.so/Internal-Playtesting-29895bba56ba80729756daaaa59bd560?pvs=21), TCG Arena (https://www.notion.so/TCG-Arena-29995bba56ba8075ab9efa1a1e76ba80?pvs=21)",Yes,TCG Arena,5/5,,0/10
Speerfischer Peter,,,No,Aeris (https://www.notion.so/Aeris-5996f3899d7740fc809fe30a652d20c6?pvs=21),Jan Appel,"September 10, 2023 2:58 AM",,67,Erste Ideen,Charakter (https://www.notion.so/Charakter-cdfda7ca52aa435bbb22610007798d2f?pvs=21),,"Wenn Speerfischer Peter (https://www.notion.so/Speerfischer-Peter-617fff15b87d4e40b5e589760c76d825?pvs=21) erscheint, verkünde (https://www.notion.so/verk-nde-60617eed7ae244bab7664a1d221879c2?pvs=21) eine Karten-Art. zieh (https://www.notion.so/zieh-b15d78fb02034a8f94b549601fe794f5?pvs=21)e Untitled (https://www.notion.so/6ddef2a437ec4b918cdc8a75c9262128?pvs=21)n von Untitled (https://www.notion.so/b1303df2f24d4014b6316e53f3e74243?pvs=21)einem Deck (https://www.notion.so/Deck-12e336df2ea64e2194cabce2e4d93d61?pvs=21), bis Untitled (https://www.notion.so/b1303df2f24d4014b6316e53f3e74243?pvs=21)u den verkünde (https://www.notion.so/verk-nde-60617eed7ae244bab7664a1d221879c2?pvs=21)ten Entitäten (https://www.notion.so/09a479f6a9da4570a428e67ff08006f4?pvs=21)typ zieh (https://www.notion.so/zieh-b15d78fb02034a8f94b549601fe794f5?pvs=21)st oder Untitled (https://www.notion.so/b1303df2f24d4014b6316e53f3e74243?pvs=21)ein Deck (https://www.notion.so/Deck-12e336df2ea64e2194cabce2e4d93d61?pvs=21) leer ist. Wirf schlussendlich gleich viele Untitled (https://www.notion.so/6ddef2a437ec4b918cdc8a75c9262128?pvs=21)n ab (https://www.notion.so/ab-3f245ce4bda845e09078a709034e2907?pvs=21).",,,,,,,,"August 10, 2025 8:21 PM",,,No,Backup,15,,10
Sonntagsmarkt,,,No,,Jan Appel,"September 10, 2023 3:05 AM",,68,Erste Ideen,Ereignis (https://www.notion.so/Ereignis-88e179fa1fd740499a32ee3ed4377596?pvs=21),,"verkünde (https://www.notion.so/verk-nde-60617eed7ae244bab7664a1d221879c2?pvs=21) einen Entitäten (https://www.notion.so/09a479f6a9da4570a428e67ff08006f4?pvs=21)typ. zieh (https://www.notion.so/zieh-b15d78fb02034a8f94b549601fe794f5?pvs=21)e Untitled (https://www.notion.so/6ddef2a437ec4b918cdc8a75c9262128?pvs=21)n von Untitled (https://www.notion.so/b1303df2f24d4014b6316e53f3e74243?pvs=21)einem Deck (https://www.notion.so/Deck-12e336df2ea64e2194cabce2e4d93d61?pvs=21), bis Untitled (https://www.notion.so/b1303df2f24d4014b6316e53f3e74243?pvs=21)u den verkünde (https://www.notion.so/verk-nde-60617eed7ae244bab7664a1d221879c2?pvs=21)ten Entitäten (https://www.notion.so/09a479f6a9da4570a428e67ff08006f4?pvs=21)typ zieh (https://www.notion.so/zieh-b15d78fb02034a8f94b549601fe794f5?pvs=21)st. Nimm diese Untitled (https://www.notion.so/6ddef2a437ec4b918cdc8a75c9262128?pvs=21) auf (https://www.notion.so/auf-e5bc4ea646fa468aa4d0ee5800a3c5e2?pvs=21) die Hand (https://www.notion.so/Hand-02eed85235d546fc8cd87be30bc8b7c8?pvs=21). Alle anderen so gezogenen Untitled (https://www.notion.so/6ddef2a437ec4b918cdc8a75c9262128?pvs=21)n werden zwischen allen Untitled (https://www.notion.so/38d8865e0868489d84eed7aab3fdb7d3?pvs=21)n für Untitled (https://www.notion.so/8a43ae64dd89409b80adca5a926d497b?pvs=21)n versteigert, die Untitled (https://www.notion.so/b1303df2f24d4014b6316e53f3e74243?pvs=21)u erhältst.",,,,,,,,"August 10, 2025 8:21 PM",,,No,Backup,,,
Geisterschiff,,,No,,Jan Appel,"September 10, 2023 3:13 AM",,69,Erste Ideen,Charakter (https://www.notion.so/Charakter-cdfda7ca52aa435bbb22610007798d2f?pvs=21),,,,,,,,,,"August 10, 2025 8:21 PM",,,No,Backup,,,
Wassermann Torlan,,,No,Aqua (https://www.notion.so/Aqua-8c3b1bb2cc364f6ba274d390ac8d3800?pvs=21),Jan Appel,"September 10, 2023 7:24 PM",,72,Erste Ideen,Charakter (https://www.notion.so/Charakter-cdfda7ca52aa435bbb22610007798d2f?pvs=21),,"Wenn Wassermann Torlan (https://www.notion.so/Wassermann-Torlan-831de7267ffa4a5ca40736c2068d30ea?pvs=21) verteidig (https://www.notion.so/verteidig-839e6f9d7cbd46cebaa3c27a3d39a179?pvs=21)t, darfst Untitled (https://www.notion.so/b1303df2f24d4014b6316e53f3e74243?pvs=21)u die Meerjungfrau Marna (https://www.notion.so/Meerjungfrau-Marna-bea5a1b4be7940fdb3c40ddc0b966608?pvs=21) such (https://www.notion.so/such-97002fcad18b4a7ba59c8706c1742c2f?pvs=21)en und spiel (https://www.notion.so/spiel-b5c878a58a374f5282838f3bb3b69799?pvs=21)en.",,,,,,,,"August 10, 2025 8:21 PM",,,No,Backup,20,,15
Keimling,,,No,Terra (https://www.notion.so/Terra-a6762ab5136d4598aafb8d77da6be70f?pvs=21),Jan Appel,"September 12, 2023 10:46 AM",,73,Erste Ideen,Charakter (https://www.notion.so/Charakter-cdfda7ca52aa435bbb22610007798d2f?pvs=21),,,Elementarwesen (https://www.notion.so/Elementarwesen-416ecc433e6d4261a4640d1384950176?pvs=21),,,,,,,"August 10, 2025 8:22 PM",,,No,Backup,40,,10
Kreuzsee,,,No,,Jan Appel,"September 12, 2023 5:59 PM",,74,Erste Ideen,Ereignis (https://www.notion.so/Ereignis-88e179fa1fd740499a32ee3ed4377596?pvs=21),,"sofort (https://www.notion.so/sofort-9c56f076fccf4157b07459dd557d86d7?pvs=21) spielbar.
neutralisier (https://www.notion.so/neutralisier-c0c9232450044d979cc6456ac433b4cd?pvs=21)e ein Ereignis (https://www.notion.so/Ereignis-88e179fa1fd740499a32ee3ed4377596?pvs=21) mit Elementarkosten (https://www.notion.so/Elementarkosten-fea3906dd57841dfb44fe508414a2ce9?pvs=21) 4 oder weniger.",,,,,,,,"August 10, 2025 8:21 PM",,,No,Backup,,,
Küstenböe,,,No,,Jan Appel,"September 12, 2023 6:07 PM",,75,Erste Ideen,Ereignis (https://www.notion.so/Ereignis-88e179fa1fd740499a32ee3ed4377596?pvs=21),,"sofort (https://www.notion.so/sofort-9c56f076fccf4157b07459dd557d86d7?pvs=21) spielbar.
neutralisier (https://www.notion.so/neutralisier-c0c9232450044d979cc6456ac433b4cd?pvs=21)e eine Untitled (https://www.notion.so/bafefdffb74944b09dc4f9de10183b2d?pvs=21), die kein Charakter (https://www.notion.so/Charakter-cdfda7ca52aa435bbb22610007798d2f?pvs=21) ist, mit Elementarkosten (https://www.notion.so/Elementarkosten-fea3906dd57841dfb44fe508414a2ce9?pvs=21) $2x$ oder weniger.",,,,,,,,"August 10, 2025 8:21 PM",,,No,Backup,,,
Klabautermann,,,No,,Jan Appel,"September 12, 2023 6:51 PM",,76,Erste Ideen,,,,,,,,,,,"August 10, 2025 8:21 PM",,,No,Backup,,,
Neunauge,,,No,,Jan Appel,"September 12, 2023 6:51 PM",,77,Erste Ideen,,,,,,,,,,,"August 10, 2025 8:21 PM",,,No,Backup,,,
Angebot & Nachfrage,,,No,,Jan Appel,"September 13, 2023 12:28 PM",,80,Erste Ideen,Manifestation (https://www.notion.so/Manifestation-01fa783543da4ed2964edb521e465bd0?pvs=21),,"Der Untitled (https://www.notion.so/8f9b118372384c41817b4234398dfa75?pvs=21) am Zug (https://www.notion.so/Zug-1dea8b0b0db6480ea14c8b3f2d6dda20?pvs=21) darf mit den anderen Untitled (https://www.notion.so/8f9b118372384c41817b4234398dfa75?pvs=21)n handeln: Untitled (https://www.notion.so/6ddef2a437ec4b918cdc8a75c9262128?pvs=21)n, Elementare und Untitled (https://www.notion.so/8a43ae64dd89409b80adca5a926d497b?pvs=21)n dürfen beliebig gehandelt und geschenkt werden.",,,,,,,,"August 10, 2025 8:21 PM",,,No,Backup,0,,0
Feuerteufel,,,No,,Tim,"September 14, 2023 9:18 PM",Ein Leben für ein Leben,81,Erste Ideen,Charakter (https://www.notion.so/Charakter-cdfda7ca52aa435bbb22610007798d2f?pvs=21),,"Um diese Untitled (https://www.notion.so/6ddef2a437ec4b918cdc8a75c9262128?pvs=21) zu spielen, entferne als zusätzlich (https://www.notion.so/zus-tzlich-a23f9b82df1d444c8d5586d469aee01f?pvs=21)e Kosten einen Untitled (https://www.notion.so/b1303df2f24d4014b6316e53f3e74243?pvs=21)einer Untitled (https://www.notion.so/4df17cf9d68c430e89f3337925f15637?pvs=21)e aus dem Spiel. Wenn Feuerteufel (https://www.notion.so/Feuerteufel-91745a7a2e964ff797a7e53942c2c5a8?pvs=21) eine gegnerisch (https://www.notion.so/gegnerisch-459fafb1da0340bcb0744267999f295f?pvs=21)e Untitled (https://www.notion.so/bafefdffb74944b09dc4f9de10183b2d?pvs=21) zerstört, erhältst du den Untitled (https://www.notion.so/4df17cf9d68c430e89f3337925f15637?pvs=21) zurück.",,,,,,,,"August 10, 2025 8:21 PM",,,No,Backup,40,,30
Sengende Reinigung,,,No,,Tim,"September 14, 2023 9:33 PM",,82,Erste Ideen,Ereignis (https://www.notion.so/Ereignis-88e179fa1fd740499a32ee3ed4377596?pvs=21),,"Als zusätzlich (https://www.notion.so/zus-tzlich-a23f9b82df1d444c8d5586d469aee01f?pvs=21)e Kosten, wirf 3 Untitled (https://www.notion.so/6ddef2a437ec4b918cdc8a75c9262128?pvs=21)n ab (https://www.notion.so/ab-3f245ce4bda845e09078a709034e2907?pvs=21). zerstör (https://www.notion.so/zerst-r-353ca16d2f8a4864a2987a024552914f?pvs=21)e alle Charakter (https://www.notion.so/Charakter-cdfda7ca52aa435bbb22610007798d2f?pvs=21). Wenn dabei mindestens 3 Charakter (https://www.notion.so/Charakter-cdfda7ca52aa435bbb22610007798d2f?pvs=21) zerstör (https://www.notion.so/zerst-r-353ca16d2f8a4864a2987a024552914f?pvs=21)t wurden, ziehe 2 Untitled (https://www.notion.so/6ddef2a437ec4b918cdc8a75c9262128?pvs=21)n.",,,,,,,,"August 10, 2025 8:21 PM",,,No,Backup,,,
Versengte Erde,,,No,,Tim,"September 14, 2023 9:38 PM",,83,Erste Ideen,Manifestation (https://www.notion.so/Manifestation-01fa783543da4ed2964edb521e465bd0?pvs=21),,"Wirf zu beginn Untitled (https://www.notion.so/b1303df2f24d4014b6316e53f3e74243?pvs=21)eines Zug (https://www.notion.so/Zug-1dea8b0b0db6480ea14c8b3f2d6dda20?pvs=21)s eine Untitled (https://www.notion.so/6ddef2a437ec4b918cdc8a75c9262128?pvs=21) ab (https://www.notion.so/ab-3f245ce4bda845e09078a709034e2907?pvs=21). Wenn Untitled (https://www.notion.so/b1303df2f24d4014b6316e53f3e74243?pvs=21)u dabei mindestens eine Untitled (https://www.notion.so/6ddef2a437ec4b918cdc8a75c9262128?pvs=21) ab (https://www.notion.so/ab-3f245ce4bda845e09078a709034e2907?pvs=21)geworfen hast, dürfen bis zu Untitled (https://www.notion.so/b1303df2f24d4014b6316e53f3e74243?pvs=21)einem nächsten Zug (https://www.notion.so/Zug-1dea8b0b0db6480ea14c8b3f2d6dda20?pvs=21) keine Untitled (https://www.notion.so/bafefdffb74944b09dc4f9de10183b2d?pvs=21)n mehr gespiel (https://www.notion.so/spiel-b5c878a58a374f5282838f3bb3b69799?pvs=21)t werden. Untitled (https://www.notion.so/b1303df2f24d4014b6316e53f3e74243?pvs=21)u darfst Versengte Erde (https://www.notion.so/Versengte-Erde-a2aac141ce69463381cb34a697508649?pvs=21) zerstör (https://www.notion.so/zerst-r-353ca16d2f8a4864a2987a024552914f?pvs=21)en.",,,,,,,,"August 10, 2025 8:21 PM",,,No,Backup,,,30
Verrückter Narr,,,No,,Tim,"September 14, 2023 9:44 PM",,84,Erste Ideen,Charakter (https://www.notion.so/Charakter-cdfda7ca52aa435bbb22610007798d2f?pvs=21),,"Als zusätzlich (https://www.notion.so/zus-tzlich-a23f9b82df1d444c8d5586d469aee01f?pvs=21)e Kosten, wirf eine Karte ab (https://www.notion.so/ab-3f245ce4bda845e09078a709034e2907?pvs=21). Wenn Verrückter Narr (https://www.notion.so/Verr-ckter-Narr-02913adc5fa14825a0b85eb99b7cc5f2?pvs=21) angreift und überlebt, zieh (https://www.notion.so/zieh-b15d78fb02034a8f94b549601fe794f5?pvs=21)e eine Untitled (https://www.notion.so/6ddef2a437ec4b918cdc8a75c9262128?pvs=21). Verrückter Narr (https://www.notion.so/Verr-ckter-Narr-02913adc5fa14825a0b85eb99b7cc5f2?pvs=21) muss jeden Zug (https://www.notion.so/Zug-1dea8b0b0db6480ea14c8b3f2d6dda20?pvs=21) angreifen.",,,,,,,,"August 10, 2025 8:21 PM",,,No,Backup,30,,20
Funkensprung,,,No,,Tim,"September 14, 2023 9:51 PM",,85,Erste Ideen,Ereignis (https://www.notion.so/Ereignis-88e179fa1fd740499a32ee3ed4377596?pvs=21),,"zerstör (https://www.notion.so/zerst-r-353ca16d2f8a4864a2987a024552914f?pvs=21)e Untitled (https://www.notion.so/6ddef2a437ec4b918cdc8a75c9262128?pvs=21)n mit insgesamt bis zu 20*x Verteidigungswert (https://www.notion.so/Verteidigungswert-e67635d2fccf454d85d29b869ee8b6ff?pvs=21), wobei x die Anzahl aller in diesem Zug (https://www.notion.so/Zug-1dea8b0b0db6480ea14c8b3f2d6dda20?pvs=21) abgeworfenen Untitled (https://www.notion.so/6ddef2a437ec4b918cdc8a75c9262128?pvs=21)n ist. ",,,,,,,,"August 10, 2025 8:21 PM",,,No,Backup,,,
"Wie du mir, so ich dir",,,No,,Tim,"September 14, 2023 9:56 PM",,86,Erste Ideen,Ereignis (https://www.notion.so/Ereignis-88e179fa1fd740499a32ee3ed4377596?pvs=21),,"sofort (https://www.notion.so/sofort-9c56f076fccf4157b07459dd557d86d7?pvs=21) spielbar. Wiederhole den Effekt der soeben vom Untitled (https://www.notion.so/38d8865e0868489d84eed7aab3fdb7d3?pvs=21) gespielten Untitled (https://www.notion.so/6ddef2a437ec4b918cdc8a75c9262128?pvs=21), wobei Untitled (https://www.notion.so/b1303df2f24d4014b6316e53f3e74243?pvs=21)u das neue Ziel definierst.",,,,,,,,"August 10, 2025 8:21 PM",,,No,Backup,,,
Flammengeist,,,No,,Tim,"September 14, 2023 10:00 PM",,88,Erste Ideen,Charakter (https://www.notion.so/Charakter-cdfda7ca52aa435bbb22610007798d2f?pvs=21),,"zieh (https://www.notion.so/zieh-b15d78fb02034a8f94b549601fe794f5?pvs=21)e für jede ab (https://www.notion.so/ab-3f245ce4bda845e09078a709034e2907?pvs=21)geworfene Untitled (https://www.notion.so/6ddef2a437ec4b918cdc8a75c9262128?pvs=21) eine neue. ",,,,,,,,"August 10, 2025 8:21 PM",,,No,Backup,25,,15
Trümmerfeld,,,No,,Tim,"September 14, 2023 10:03 PM",,89,Erste Ideen,Manifestation (https://www.notion.so/Manifestation-01fa783543da4ed2964edb521e465bd0?pvs=21),,"Statt eine Untitled (https://www.notion.so/6ddef2a437ec4b918cdc8a75c9262128?pvs=21) auf den Friedhof (https://www.notion.so/Friedhof-e253bfb78fc24f27b12562f1a8bd6a5f?pvs=21) zu legen, lege sie als unterstes unter Trümmerfeld (https://www.notion.so/Tr-mmerfeld-ba3f0690c7474aed932be7426ee6177a?pvs=21). Immer wenn du eine Untitled (https://www.notion.so/6ddef2a437ec4b918cdc8a75c9262128?pvs=21) ziehst, darfst du aussuchen, ob du von deinem Deck (https://www.notion.so/Deck-12e336df2ea64e2194cabce2e4d93d61?pvs=21), oder vom Trümmerfeld (https://www.notion.so/Tr-mmerfeld-ba3f0690c7474aed932be7426ee6177a?pvs=21) ziehst. Wenn Trümmerfeld (https://www.notion.so/Tr-mmerfeld-ba3f0690c7474aed932be7426ee6177a?pvs=21) zerstört wird, lege alle darunterliegenden Untitled (https://www.notion.so/6ddef2a437ec4b918cdc8a75c9262128?pvs=21)n auf den Friedhof (https://www.notion.so/Friedhof-e253bfb78fc24f27b12562f1a8bd6a5f?pvs=21).",,,,,,,,"August 10, 2025 8:21 PM",,,No,Backup,,,40
Feuersalamander,,,No,,Tim,"September 14, 2023 10:15 PM",,90,Erste Ideen,Charakter (https://www.notion.so/Charakter-cdfda7ca52aa435bbb22610007798d2f?pvs=21),,"sofort (https://www.notion.so/sofort-9c56f076fccf4157b07459dd557d86d7?pvs=21) spielbar. Wenn Feuersalamander (https://www.notion.so/Feuersalamander-2f7b188a88b0419e9d29d0f4a79b74a4?pvs=21) von einem Charakter (https://www.notion.so/Charakter-cdfda7ca52aa435bbb22610007798d2f?pvs=21)  ﻿zerstör (https://www.notion.so/zerst-r-353ca16d2f8a4864a2987a024552914f?pvs=21)t wird, wird der zerstörende @ gebrandmarkt (https://www.notion.so/gebrandmarkt-544e31bf95b349abaf97ade09ca624bc?pvs=21).",,,,,,,,"August 10, 2025 8:21 PM",,,No,Backup,10,,10
Brandmarkender Eid,,,No,,Tim,"September 14, 2023 10:25 PM",,91,Erste Ideen,Ereignis (https://www.notion.so/Ereignis-88e179fa1fd740499a32ee3ed4377596?pvs=21),,"Alle Untitled (https://www.notion.so/b1303df2f24d4014b6316e53f3e74243?pvs=21)eine Charakter (https://www.notion.so/Charakter-cdfda7ca52aa435bbb22610007798d2f?pvs=21) werden gebrandmarkt (https://www.notion.so/gebrandmarkt-544e31bf95b349abaf97ade09ca624bc?pvs=21) (Wenn sie zerstör (https://www.notion.so/zerst-r-353ca16d2f8a4864a2987a024552914f?pvs=21)t werden, zieh (https://www.notion.so/zieh-b15d78fb02034a8f94b549601fe794f5?pvs=21)t der Zerstörende eine Untitled (https://www.notion.so/6ddef2a437ec4b918cdc8a75c9262128?pvs=21)). zieh (https://www.notion.so/zieh-b15d78fb02034a8f94b549601fe794f5?pvs=21) eine Untitled (https://www.notion.so/6ddef2a437ec4b918cdc8a75c9262128?pvs=21) für jeden gebrandmarkt (https://www.notion.so/gebrandmarkt-544e31bf95b349abaf97ade09ca624bc?pvs=21)en Charakter (https://www.notion.so/Charakter-cdfda7ca52aa435bbb22610007798d2f?pvs=21). ",,,,,,,,"August 10, 2025 8:21 PM",,,No,Backup,,,
Gebrandmarkter Krieger,,,No,,Tim,"September 14, 2023 10:31 PM",,92,Erste Ideen,Charakter (https://www.notion.so/Charakter-cdfda7ca52aa435bbb22610007798d2f?pvs=21),,"Ist gebrandmarkt (https://www.notion.so/gebrandmarkt-544e31bf95b349abaf97ade09ca624bc?pvs=21). ",,,,,,,,"August 10, 2025 8:21 PM",,,No,Backup,45,,40
Gebrandmarkter Truppenführer,,,No,,Tim,"September 14, 2023 10:31 PM",,93,Erste Ideen,Charakter (https://www.notion.so/Charakter-cdfda7ca52aa435bbb22610007798d2f?pvs=21),,"Ist gebrandmarkt (https://www.notion.so/gebrandmarkt-544e31bf95b349abaf97ade09ca624bc?pvs=21). Als zusätzlich (https://www.notion.so/zus-tzlich-a23f9b82df1d444c8d5586d469aee01f?pvs=21)e Kosten, wird eine anderer verbündet (https://www.notion.so/verb-ndet-76b6117405774f5ba575df0e30e1fca6?pvs=21)er Charakter (https://www.notion.so/Charakter-cdfda7ca52aa435bbb22610007798d2f?pvs=21) gebrandmarkt (https://www.notion.so/gebrandmarkt-544e31bf95b349abaf97ade09ca624bc?pvs=21).",,,,,,,,"August 10, 2025 8:21 PM",,,No,Backup,45,,45
Den Flammen entkommen,,,No,,Tim,"September 14, 2023 10:36 PM",,94,Erste Ideen,Ereignis (https://www.notion.so/Ereignis-88e179fa1fd740499a32ee3ed4377596?pvs=21),,"Untitled (https://www.notion.so/b1303df2f24d4014b6316e53f3e74243?pvs=21)u musst für die nächste Untitled (https://www.notion.so/6ddef2a437ec4b918cdc8a75c9262128?pvs=21), die Untitled (https://www.notion.so/b1303df2f24d4014b6316e53f3e74243?pvs=21)u in diesem Zug (https://www.notion.so/Zug-1dea8b0b0db6480ea14c8b3f2d6dda20?pvs=21) spiel (https://www.notion.so/spiel-b5c878a58a374f5282838f3bb3b69799?pvs=21)st, die zusätzlich (https://www.notion.so/zus-tzlich-a23f9b82df1d444c8d5586d469aee01f?pvs=21)en Kosten nicht bezahlen.",,,,,,,,"August 10, 2025 8:21 PM",,,No,Backup,,,
Finger verbrannt,,,No,,Tim,"September 14, 2023 10:40 PM",,95,Erste Ideen,Manifestation (https://www.notion.so/Manifestation-01fa783543da4ed2964edb521e465bd0?pvs=21),,Untitled (https://www.notion.so/b1303df2f24d4014b6316e53f3e74243?pvs=21)u musst nicht mehr als 3 Untitled (https://www.notion.so/6ddef2a437ec4b918cdc8a75c9262128?pvs=21)n in einer Runde (https://www.notion.so/Runde-d203b45604604e129e5015129b597641?pvs=21) abwerfen.,,,,,,,,"August 10, 2025 8:21 PM",,,No,Backup,,,40
Flammenbiest,,,No,,Tim,"September 14, 2023 10:43 PM",,97,Erste Ideen,Charakter (https://www.notion.so/Charakter-cdfda7ca52aa435bbb22610007798d2f?pvs=21),,"Als zusätzlich (https://www.notion.so/zus-tzlich-a23f9b82df1d444c8d5586d469aee01f?pvs=21)e Kosten, zerstör (https://www.notion.so/zerst-r-353ca16d2f8a4864a2987a024552914f?pvs=21)e eine verbündet (https://www.notion.so/verb-ndet-76b6117405774f5ba575df0e30e1fca6?pvs=21)e Untitled (https://www.notion.so/bafefdffb74944b09dc4f9de10183b2d?pvs=21).",,,,,,,,"August 10, 2025 8:21 PM",,,No,Backup,70,,60
Alternativer Schmerz,,,No,,Tim,"September 14, 2023 10:44 PM",,98,Erste Ideen,Manifestation (https://www.notion.so/Manifestation-01fa783543da4ed2964edb521e465bd0?pvs=21),,"Statt für eine Untitled (https://www.notion.so/6ddef2a437ec4b918cdc8a75c9262128?pvs=21) zusätzlich (https://www.notion.so/zus-tzlich-a23f9b82df1d444c8d5586d469aee01f?pvs=21)e Kosten zu bezahlen, werfe stattdessen eine Untitled (https://www.notion.so/6ddef2a437ec4b918cdc8a75c9262128?pvs=21) ab (https://www.notion.so/ab-3f245ce4bda845e09078a709034e2907?pvs=21). Wenn das passiert, zerstör (https://www.notion.so/zerst-r-353ca16d2f8a4864a2987a024552914f?pvs=21)e Alternativer Schmerz (https://www.notion.so/Alternativer-Schmerz-40034790a31740ae80f341b477bf84b4?pvs=21).",,,,,,,,"August 10, 2025 8:21 PM",,,No,Backup,,,30
Brandeisenschmied,,,No,,Tim,"September 14, 2023 10:51 PM",,99,Erste Ideen,Charakter (https://www.notion.so/Charakter-cdfda7ca52aa435bbb22610007798d2f?pvs=21),,"Immer wenn Brandeisenschmied (https://www.notion.so/Brandeisenschmied-195f78aa5bbe42e6b22ce3371b769d1c?pvs=21) verteidig (https://www.notion.so/verteidig-839e6f9d7cbd46cebaa3c27a3d39a179?pvs=21)t, muss ein nicht-gebrandmarkt (https://www.notion.so/gebrandmarkt-544e31bf95b349abaf97ade09ca624bc?pvs=21)er Charakter (https://www.notion.so/Charakter-cdfda7ca52aa435bbb22610007798d2f?pvs=21)  gebrandmarkt (https://www.notion.so/gebrandmarkt-544e31bf95b349abaf97ade09ca624bc?pvs=21) werden. Wenn alle Charakter (https://www.notion.so/Charakter-cdfda7ca52aa435bbb22610007798d2f?pvs=21) gebrandmarkt (https://www.notion.so/gebrandmarkt-544e31bf95b349abaf97ade09ca624bc?pvs=21) sind, kann Brandeisenschmied (https://www.notion.so/Brandeisenschmied-195f78aa5bbe42e6b22ce3371b769d1c?pvs=21) nicht verteidig (https://www.notion.so/verteidig-839e6f9d7cbd46cebaa3c27a3d39a179?pvs=21)en. ",,,,,,,,"August 10, 2025 8:21 PM",,,No,Backup,20,,40
Feuersturm,,,No,,Tim,"September 14, 2023 10:59 PM",,100,Erste Ideen,Ereignis (https://www.notion.so/Ereignis-88e179fa1fd740499a32ee3ed4377596?pvs=21),,"Alle gebrandmarkt (https://www.notion.so/gebrandmarkt-544e31bf95b349abaf97ade09ca624bc?pvs=21)en Charakter (https://www.notion.so/Charakter-cdfda7ca52aa435bbb22610007798d2f?pvs=21) werden zerstör (https://www.notion.so/zerst-r-353ca16d2f8a4864a2987a024552914f?pvs=21)t, ohne dass jemand eine Untitled (https://www.notion.so/6ddef2a437ec4b918cdc8a75c9262128?pvs=21) zieh (https://www.notion.so/zieh-b15d78fb02034a8f94b549601fe794f5?pvs=21)t.",,,,,,,,"August 10, 2025 8:21 PM",,,No,Backup,,,
Pech und Schwefel,,,No,,Tim,"September 14, 2023 11:11 PM",,101,Erste Ideen,Untitled (https://www.notion.so/eff2926a20744f63b63ea77a6d71edd9?pvs=21),,"- Wirf 3 oder mehr Untitled (https://www.notion.so/6ddef2a437ec4b918cdc8a75c9262128?pvs=21)n in einem Zug (https://www.notion.so/Zug-1dea8b0b0db6480ea14c8b3f2d6dda20?pvs=21) ab (https://www.notion.so/ab-3f245ce4bda845e09078a709034e2907?pvs=21) → Mische die obersten 10 Untitled (https://www.notion.so/6ddef2a437ec4b918cdc8a75c9262128?pvs=21)n deines Friedhof (https://www.notion.so/Friedhof-e253bfb78fc24f27b12562f1a8bd6a5f?pvs=21)s in dein Deck (https://www.notion.so/Deck-12e336df2ea64e2194cabce2e4d93d61?pvs=21).
- 3 oder mehr Charakter (https://www.notion.so/Charakter-cdfda7ca52aa435bbb22610007798d2f?pvs=21)e sind gebrandmarkt (https://www.notion.so/gebrandmarkt-544e31bf95b349abaf97ade09ca624bc?pvs=21) → spiel (https://www.notion.so/spiel-b5c878a58a374f5282838f3bb3b69799?pvs=21)e eine Untitled (https://www.notion.so/6ddef2a437ec4b918cdc8a75c9262128?pvs=21) und bezahle weder ihre Elementarkosten (https://www.notion.so/Elementarkosten-fea3906dd57841dfb44fe508414a2ce9?pvs=21), noch ihre zusätzlich (https://www.notion.so/zus-tzlich-a23f9b82df1d444c8d5586d469aee01f?pvs=21)en Kosten.",,,,,,,,"August 10, 2025 8:21 PM",,,No,Backup,,,60
Weltenbrand (alt),,,No,,Tim,"September 14, 2023 11:12 PM",,102,Erste Ideen,Untitled (https://www.notion.so/3982764085c2477e827623c38aec8f98?pvs=21),,"1. Eine gewählter Charakter (https://www.notion.so/Charakter-cdfda7ca52aa435bbb22610007798d2f?pvs=21) ist diese Runde (https://www.notion.so/Runde-d203b45604604e129e5015129b597641?pvs=21) ohnmächtig (https://www.notion.so/ohnm-chtig-052e31a81ae24fb5ac51512957908c0d?pvs=21).
2. Spiele Untitled (https://www.notion.so/6ddef2a437ec4b918cdc8a75c9262128?pvs=21)n für ihre doppelten Elementarkosten (https://www.notion.so/Elementarkosten-fea3906dd57841dfb44fe508414a2ce9?pvs=21), ohne ihre zusätzlich (https://www.notion.so/zus-tzlich-a23f9b82df1d444c8d5586d469aee01f?pvs=21)en Kosten zu bezahlen .
3. Alle gebrandmarkt (https://www.notion.so/gebrandmarkt-544e31bf95b349abaf97ade09ca624bc?pvs=21)en Charakter (https://www.notion.so/Charakter-cdfda7ca52aa435bbb22610007798d2f?pvs=21)e haben diese Runde (https://www.notion.so/Runde-d203b45604604e129e5015129b597641?pvs=21) +30/+30",,,,,,,,"August 10, 2025 8:21 PM",,,No,Backup,,,50
Selbsterkorener Prometheus,,,No,,Tim,"September 14, 2023 11:33 PM",,103,Erste Ideen,Charakter (https://www.notion.so/Charakter-cdfda7ca52aa435bbb22610007798d2f?pvs=21),,"Als zusätzlich (https://www.notion.so/zus-tzlich-a23f9b82df1d444c8d5586d469aee01f?pvs=21)e Kosten, nimm eine Untitled (https://www.notion.so/b1303df2f24d4014b6316e53f3e74243?pvs=21)einer Untitled (https://www.notion.so/2b9adcd059614612bb0133aece543b8a?pvs=21)n auf die Hand (https://www.notion.so/Hand-02eed85235d546fc8cd87be30bc8b7c8?pvs=21), Untitled (https://www.notion.so/b1303df2f24d4014b6316e53f3e74243?pvs=21)u darfst sie diesen Zug (https://www.notion.so/Zug-1dea8b0b0db6480ea14c8b3f2d6dda20?pvs=21) ohne Elementarkosten (https://www.notion.so/Elementarkosten-fea3906dd57841dfb44fe508414a2ce9?pvs=21) und ohne zusätzlich (https://www.notion.so/zus-tzlich-a23f9b82df1d444c8d5586d469aee01f?pvs=21)e Kosten spiel (https://www.notion.so/spiel-b5c878a58a374f5282838f3bb3b69799?pvs=21)en. Wenn Selbsterkorener Prometheus (https://www.notion.so/Selbsterkorener-Prometheus-996b38739c594a9bba6b9daa3bb30e58?pvs=21) einen gegnerisch (https://www.notion.so/gegnerisch-459fafb1da0340bcb0744267999f295f?pvs=21)en Untitled (https://www.notion.so/4df17cf9d68c430e89f3337925f15637?pvs=21) zerstör (https://www.notion.so/zerst-r-353ca16d2f8a4864a2987a024552914f?pvs=21)t, darfst Untitled (https://www.notion.so/b1303df2f24d4014b6316e53f3e74243?pvs=21)u eine weitere Untitled (https://www.notion.so/2b9adcd059614612bb0133aece543b8a?pvs=21) spielen.",,,,,,,,"August 10, 2025 8:21 PM",,,No,Backup,30,,40
Feueressenz,,,No,,Tim,"September 14, 2023 11:41 PM",,104,Erste Ideen,Ereignis (https://www.notion.so/Ereignis-88e179fa1fd740499a32ee3ed4377596?pvs=21),,"Nimm eine Untitled (https://www.notion.so/b1303df2f24d4014b6316e53f3e74243?pvs=21)einer Untitled (https://www.notion.so/2b9adcd059614612bb0133aece543b8a?pvs=21)n auf die Hand (https://www.notion.so/Hand-02eed85235d546fc8cd87be30bc8b7c8?pvs=21). Untitled (https://www.notion.so/b1303df2f24d4014b6316e53f3e74243?pvs=21)u darfst sie diesen Zug (https://www.notion.so/Zug-1dea8b0b0db6480ea14c8b3f2d6dda20?pvs=21) ohne Elementarkosten (https://www.notion.so/Elementarkosten-fea3906dd57841dfb44fe508414a2ce9?pvs=21) und ohne zusätzlich (https://www.notion.so/zus-tzlich-a23f9b82df1d444c8d5586d469aee01f?pvs=21)e Kosten spiel (https://www.notion.so/spiel-b5c878a58a374f5282838f3bb3b69799?pvs=21)en. ",,,,,,,,"August 10, 2025 8:21 PM",,,No,Backup,,,
Gluthund,,,No,,Tim,"September 15, 2023 11:05 AM",,106,Erste Ideen,Charakter (https://www.notion.so/Charakter-cdfda7ca52aa435bbb22610007798d2f?pvs=21),,"Als zusätzlich (https://www.notion.so/zus-tzlich-a23f9b82df1d444c8d5586d469aee01f?pvs=21)e Kosten, zerstör (https://www.notion.so/zerst-r-353ca16d2f8a4864a2987a024552914f?pvs=21)e einen verbündet (https://www.notion.so/verb-ndet-76b6117405774f5ba575df0e30e1fca6?pvs=21)en Charakter (https://www.notion.so/Charakter-cdfda7ca52aa435bbb22610007798d2f?pvs=21). Nachdem Gluthund (https://www.notion.so/Gluthund-362ad239195a446f81ee6d00b30c0911?pvs=21) zerstör (https://www.notion.so/zerst-r-353ca16d2f8a4864a2987a024552914f?pvs=21)t wird, zerstör (https://www.notion.so/zerst-r-353ca16d2f8a4864a2987a024552914f?pvs=21)e einen gegnerisch (https://www.notion.so/gegnerisch-459fafb1da0340bcb0744267999f295f?pvs=21)en Charakter (https://www.notion.so/Charakter-cdfda7ca52aa435bbb22610007798d2f?pvs=21).",,,,,,,,"August 10, 2025 8:21 PM",,,No,Backup,40,,30
Funkenstürmer,,,No,,Tim,"September 15, 2023 11:21 AM",,107,Erste Ideen,Charakter (https://www.notion.so/Charakter-cdfda7ca52aa435bbb22610007798d2f?pvs=21),,"Als zusätzlich (https://www.notion.so/zus-tzlich-a23f9b82df1d444c8d5586d469aee01f?pvs=21)e Kosten, bezahle 2 Elementarkosten (https://www.notion.so/Elementarkosten-fea3906dd57841dfb44fe508414a2ce9?pvs=21) dazu.",,,,,,,,"August 10, 2025 8:21 PM",,,No,Backup,25,,35
Auflodern,,,No,,Tim,"September 15, 2023 11:24 AM",,108,Erste Ideen,Ereignis (https://www.notion.so/Ereignis-88e179fa1fd740499a32ee3ed4377596?pvs=21),,"zieh (https://www.notion.so/zieh-b15d78fb02034a8f94b549601fe794f5?pvs=21) eine Untitled (https://www.notion.so/6ddef2a437ec4b918cdc8a75c9262128?pvs=21). Wenn sie zusätzlich (https://www.notion.so/zus-tzlich-a23f9b82df1d444c8d5586d469aee01f?pvs=21)e Kosten hat, wiederhole den Effekt.",,,,,,,,"August 10, 2025 8:21 PM",,,No,Backup,,,
Überläufer,,,No,,Tim,"September 15, 2023 11:27 AM",,109,Erste Ideen,Charakter (https://www.notion.so/Charakter-cdfda7ca52aa435bbb22610007798d2f?pvs=21),,"Wenn Überläufer (https://www.notion.so/berl-ufer-c96986e601df48bb8a8ea21bbde21b92?pvs=21) von einem Charakter (https://www.notion.so/Charakter-cdfda7ca52aa435bbb22610007798d2f?pvs=21) zerstört würde, wechselt er stattdessen seinen Besitzer zum zerstörenden Spieler. Wenn das passiert, werfen alle Untitled (https://www.notion.so/8f9b118372384c41817b4234398dfa75?pvs=21) eine Untitled (https://www.notion.so/6ddef2a437ec4b918cdc8a75c9262128?pvs=21) ab (https://www.notion.so/ab-3f245ce4bda845e09078a709034e2907?pvs=21).",,,,,,,,"August 10, 2025 8:21 PM",,,No,Backup,15,,10
Schmied Reckar,,,No,,Tim,"September 15, 2023 11:58 AM",,110,Erste Ideen,Charakter (https://www.notion.so/Charakter-cdfda7ca52aa435bbb22610007798d2f?pvs=21),,"jedes Mal wenn Schmied Reckar (https://www.notion.so/Schmied-Reckar-636af068614141fc943302d0ad14b9c9?pvs=21) angr (https://www.notion.so/gr-67b7334ca6da4432b1b2462f108f30e1?pvs=21)eift, wirf eine Untitled (https://www.notion.so/6ddef2a437ec4b918cdc8a75c9262128?pvs=21) ab.",,,,,,,,"August 10, 2025 8:21 PM",,,No,Backup,35,,25
Feuerwand,,,No,,Tim,"September 15, 2023 12:01 PM",,111,Erste Ideen,Manifestation (https://www.notion.so/Manifestation-01fa783543da4ed2964edb521e465bd0?pvs=21),,"gegnerisch (https://www.notion.so/gegnerisch-459fafb1da0340bcb0744267999f295f?pvs=21)e Charakter (https://www.notion.so/Charakter-cdfda7ca52aa435bbb22610007798d2f?pvs=21), die Untitled (https://www.notion.so/b1303df2f24d4014b6316e53f3e74243?pvs=21)ich angr (https://www.notion.so/gr-67b7334ca6da4432b1b2462f108f30e1?pvs=21)eifen, erhalten dabei -10 Angriffswert (https://www.notion.so/Angriffswert-08a93843021a40dba6e7e34862f163fa?pvs=21). Deine Charakter (https://www.notion.so/Charakter-cdfda7ca52aa435bbb22610007798d2f?pvs=21)e haben -10 Angriffswert (https://www.notion.so/Angriffswert-08a93843021a40dba6e7e34862f163fa?pvs=21).",,,,,,,,"August 10, 2025 8:21 PM",,,No,Backup,,,20
Geschlossene Tore,,,No,,Tim,"September 15, 2023 12:02 PM",,112,Erste Ideen,Manifestation (https://www.notion.so/Manifestation-01fa783543da4ed2964edb521e465bd0?pvs=21),,"Untitled (https://www.notion.so/38d8865e0868489d84eed7aab3fdb7d3?pvs=21) zieh (https://www.notion.so/zieh-b15d78fb02034a8f94b549601fe794f5?pvs=21)en keine Untitled (https://www.notion.so/6ddef2a437ec4b918cdc8a75c9262128?pvs=21)n, wenn sie Untitled (https://www.notion.so/b1303df2f24d4014b6316e53f3e74243?pvs=21)eine gebrandmarkt (https://www.notion.so/gebrandmarkt-544e31bf95b349abaf97ade09ca624bc?pvs=21)en Charakter (https://www.notion.so/Charakter-cdfda7ca52aa435bbb22610007798d2f?pvs=21)e zerstör (https://www.notion.so/zerst-r-353ca16d2f8a4864a2987a024552914f?pvs=21)en. ",,,,,,,,"August 10, 2025 8:21 PM",,,No,Backup,,,50
Gebrandmarkter Knappe,,,No,,Tim,"September 15, 2023 12:15 PM",,113,Erste Ideen,Charakter (https://www.notion.so/Charakter-cdfda7ca52aa435bbb22610007798d2f?pvs=21),,"Ist gebrandmarkt (https://www.notion.so/gebrandmarkt-544e31bf95b349abaf97ade09ca624bc?pvs=21). ",,,,,,,,"August 10, 2025 8:21 PM",,,No,Backup,40,,45
Gebrandmarkter Ritter,,,No,,Tim,"September 15, 2023 12:16 PM",,114,Erste Ideen,Charakter (https://www.notion.so/Charakter-cdfda7ca52aa435bbb22610007798d2f?pvs=21),,Ist gebrandmarkt (https://www.notion.so/gebrandmarkt-544e31bf95b349abaf97ade09ca624bc?pvs=21). gebrandmarkt (https://www.notion.so/gebrandmarkt-544e31bf95b349abaf97ade09ca624bc?pvs=21)e verbündet (https://www.notion.so/verb-ndet-76b6117405774f5ba575df0e30e1fca6?pvs=21)e haben +10/+10.,,,,,,,,"August 10, 2025 8:21 PM",,,No,Backup,50,,45
Dem Feuer entronnen,,,No,,Tim,"September 15, 2023 1:00 PM",,115,Erste Ideen,Ereignis (https://www.notion.so/Ereignis-88e179fa1fd740499a32ee3ed4377596?pvs=21),,"Untitled (https://www.notion.so/b1303df2f24d4014b6316e53f3e74243?pvs=21)u musst für die nächste Untitled (https://www.notion.so/6ddef2a437ec4b918cdc8a75c9262128?pvs=21), die Untitled (https://www.notion.so/b1303df2f24d4014b6316e53f3e74243?pvs=21)u in diesem Zug (https://www.notion.so/Zug-1dea8b0b0db6480ea14c8b3f2d6dda20?pvs=21) spiel (https://www.notion.so/spiel-b5c878a58a374f5282838f3bb3b69799?pvs=21)st, die zusätzlich (https://www.notion.so/zus-tzlich-a23f9b82df1d444c8d5586d469aee01f?pvs=21)en Kosten nicht bezahlen.",,,,,,,,"August 10, 2025 8:21 PM",,,No,Backup,,,
Feuerstrahl,,,No,,Tim,"September 15, 2023 1:02 PM",,116,Erste Ideen,Ereignis (https://www.notion.so/Ereignis-88e179fa1fd740499a32ee3ed4377596?pvs=21),,"Als zusätzlich (https://www.notion.so/zus-tzlich-a23f9b82df1d444c8d5586d469aee01f?pvs=21)e Kosten, bezahle 2 Ignis (https://www.notion.so/Ignis-ca68b053cd74404a8fa85893e505b753?pvs=21). zerstör (https://www.notion.so/zerst-r-353ca16d2f8a4864a2987a024552914f?pvs=21)e die gewählte Untitled (https://www.notion.so/bafefdffb74944b09dc4f9de10183b2d?pvs=21).",,,,,,,,"August 10, 2025 8:21 PM",,,No,Backup,,,
Magmar,,,No,,Tim,"September 16, 2023 5:35 PM",,118,Erste Ideen,,,"Als zusätzliche Kosten, lege 3 Karten von deiner Hand zurück auf dein Deck in einer beliebigen Reihenfolge. Jedes Mal wenn Magmar (https://www.notion.so/Magmar-2495d9056ea04577aa6e5c57068eeaf6?pvs=21) angreift, ziehe eine Karte.",,,,,,,,"August 10, 2025 8:21 PM",,,No,Backup,,,
Im Keim ersticken,,,No,,Tim,"September 16, 2023 5:49 PM",,119,Erste Ideen,,,"Immer wenn Du eine Karte abwirfst, müssen alle anderen Spieler zusammen 3 Mana bezahlen oder eine Karte abwerfen.",,,,,,,,"August 10, 2025 8:21 PM",,,No,Backup,,,
Besungener Baum Juglans,,,No,Terra (https://www.notion.so/Terra-a6762ab5136d4598aafb8d77da6be70f?pvs=21),Timon,"September 24, 2023 3:54 PM",,120,Erste Ideen,Charakter (https://www.notion.so/Charakter-cdfda7ca52aa435bbb22610007798d2f?pvs=21),,Einmal pro Spielzug wenn ein Charakter zerstört wird du kannst eine Karte ziehen,,,,,,,,"August 10, 2025 8:21 PM",,,No,Backup,0,,55
Besungener Baum Quercus,,,No,Terra (https://www.notion.so/Terra-a6762ab5136d4598aafb8d77da6be70f?pvs=21),Timon,"September 24, 2023 3:58 PM",,122,Erste Ideen,Charakter (https://www.notion.so/Charakter-cdfda7ca52aa435bbb22610007798d2f?pvs=21),,Ein anderer Charakter vom Element Terra (https://www.notion.so/Terra-a6762ab5136d4598aafb8d77da6be70f?pvs=21)   darf zweimal Angriffe gleichzeitig blocken,,,,,,,,"August 10, 2025 8:21 PM",,,No,Backup,0,,55
Besungener Baum Fraxinus,,,No,Terra (https://www.notion.so/Terra-a6762ab5136d4598aafb8d77da6be70f?pvs=21),Timon,"September 24, 2023 4:00 PM",,123,Erste Ideen,Charakter (https://www.notion.so/Charakter-cdfda7ca52aa435bbb22610007798d2f?pvs=21),,"Bezahle ein Terra (https://www.notion.so/Terra-a6762ab5136d4598aafb8d77da6be70f?pvs=21); entdeck (https://www.notion.so/entdeck-bc14ca1b366b418397d988c1c99579f6?pvs=21)e  ein Wildtier (https://www.notion.so/Wildtier-566a219b7ef049469e5743f0e8b351de?pvs=21) ",,,,,,,,"August 10, 2025 8:21 PM",,,No,Backup,0,,55
Besungener Baum Sylvestris,,,No,Terra (https://www.notion.so/Terra-a6762ab5136d4598aafb8d77da6be70f?pvs=21),Timon,"September 24, 2023 4:07 PM",,124,Erste Ideen,Charakter (https://www.notion.so/Charakter-cdfda7ca52aa435bbb22610007798d2f?pvs=21),,"Alle deine Terra Karten erhalten + 20 Angriff und Verteidigung ",,,,,,,,"August 10, 2025 8:21 PM",,,No,Backup,0,,55
Besungener Baum Giganteum,,,No,Terra (https://www.notion.so/Terra-a6762ab5136d4598aafb8d77da6be70f?pvs=21),Timon,"September 24, 2023 4:10 PM",,125,Erste Ideen,Charakter (https://www.notion.so/Charakter-cdfda7ca52aa435bbb22610007798d2f?pvs=21),,einmal in deinem Spielzug annulliere ein Effekt deines Gegners bis zum Ende des nächsten Spielzugs,,,,,,,,"August 10, 2025 8:21 PM",,,No,Backup,0,,55
Besungener Baum Ulmus,,,No,Terra (https://www.notion.so/Terra-a6762ab5136d4598aafb8d77da6be70f?pvs=21),Timon,"September 24, 2023 4:11 PM",,126,Erste Ideen,Charakter (https://www.notion.so/Charakter-cdfda7ca52aa435bbb22610007798d2f?pvs=21),,"eine Baumsängerin oder Wildtier (https://www.notion.so/Wildtier-566a219b7ef049469e5743f0e8b351de?pvs=21)  kann einen zweiten Angriff deklarieren ",,,,,,,,"August 10, 2025 8:21 PM",,,No,Backup,0,,55
Magisches Fährtenlesen,,,No,Terra (https://www.notion.so/Terra-a6762ab5136d4598aafb8d77da6be70f?pvs=21),Timon,"October 22, 2023 9:03 PM",,127,Erste Ideen,Ereignis (https://www.notion.so/Ereignis-88e179fa1fd740499a32ee3ed4377596?pvs=21),,"Ziehe 1 Karten, falls du ein Wildtier (https://www.notion.so/Wildtier-566a219b7ef049469e5743f0e8b351de?pvs=21) gezogen hast ziehe eine zweite Karte",,,,,,,,"August 10, 2025 8:21 PM",,,No,Backup,,,
"Terras Balg ",,,No,Terra (https://www.notion.so/Terra-a6762ab5136d4598aafb8d77da6be70f?pvs=21),Timon,"October 22, 2023 9:09 PM",,128,Erste Ideen,Ereignis (https://www.notion.so/Ereignis-88e179fa1fd740499a32ee3ed4377596?pvs=21),,"sofort (https://www.notion.so/sofort-9c56f076fccf4157b07459dd557d86d7?pvs=21): Verhindere die Zerstörung eines Wildtier (https://www.notion.so/Wildtier-566a219b7ef049469e5743f0e8b351de?pvs=21) ",,,,,,,,"August 10, 2025 8:21 PM",,,No,Backup,,,
"Flinker Hase ",,,No,Terra (https://www.notion.so/Terra-a6762ab5136d4598aafb8d77da6be70f?pvs=21),Timon,"October 22, 2023 9:11 PM",,129,Erste Ideen,Charakter (https://www.notion.so/Charakter-cdfda7ca52aa435bbb22610007798d2f?pvs=21),,sofort,,,,,,,,"August 10, 2025 8:21 PM",,,No,Backup,0,,10
Ewiger Wandel,,,No,Terra (https://www.notion.so/Terra-a6762ab5136d4598aafb8d77da6be70f?pvs=21),Timon,"October 22, 2023 9:12 PM",,130,Erste Ideen,Ereignis (https://www.notion.so/Ereignis-88e179fa1fd740499a32ee3ed4377596?pvs=21),,"Zerstöre alle Karten auf dem Feld, jeder spieler zieht 3 weitere Karten",,,,,,,,"August 10, 2025 8:21 PM",,,No,Backup,,,
Angsteinjagendes Gebrüll,,,No,Terra (https://www.notion.so/Terra-a6762ab5136d4598aafb8d77da6be70f?pvs=21),Timon,"October 22, 2023 9:14 PM",,131,Erste Ideen,Ereignis (https://www.notion.so/Ereignis-88e179fa1fd740499a32ee3ed4377596?pvs=21),,"Falls ein Wildtier (https://www.notion.so/Wildtier-566a219b7ef049469e5743f0e8b351de?pvs=21) angegriffen wird, gebe den Angreifenden Charakter auf die Hand des Besitzers zurück",,,,,,,,"August 10, 2025 8:21 PM",,,No,Backup,,,
Tausch der Jagdgründe,,,No,Terra (https://www.notion.so/Terra-a6762ab5136d4598aafb8d77da6be70f?pvs=21),Timon,"October 22, 2023 9:18 PM",,132,,Ereignis (https://www.notion.so/Ereignis-88e179fa1fd740499a32ee3ed4377596?pvs=21),,"Wähle ein Charakter eines Gegners, tausche die Kontrolle mit einem deiner Wildtier (https://www.notion.so/Wildtier-566a219b7ef049469e5743f0e8b351de?pvs=21) ",,,,,,,,"November 23, 2023 9:39 PM",,,No,Backup,,,
Kreis des Ewigen Gesangs,,,No,Terra (https://www.notion.so/Terra-a6762ab5136d4598aafb8d77da6be70f?pvs=21),Timon,"October 22, 2023 9:20 PM",,133,,Manifestation (https://www.notion.so/Manifestation-01fa783543da4ed2964edb521e465bd0?pvs=21),,"Falls du eine Baumsängerin oder ein Besungener Baum kontrollierst, du kannst ein Karte mit Element Terra vom Friedhof in dein Deck mischen und eine Karte ziehen. (Einmal pro Spielzug)",,,,,,,,"November 23, 2023 9:39 PM",,,No,Backup,,1,
Baumsängerin Sativa,,,No,Terra (https://www.notion.so/Terra-a6762ab5136d4598aafb8d77da6be70f?pvs=21),Timon,"October 22, 2023 9:26 PM",,134,,Charakter (https://www.notion.so/Charakter-cdfda7ca52aa435bbb22610007798d2f?pvs=21),,"Falls diese Karte vom Feld auf den Friedhof gelegt wird, füge eine Baumsängerin deiner Hand hinzu",,,,,,,,"November 23, 2023 9:39 PM",,,No,Backup,10,,10
Baumsängerin Avellana,,,No,Terra (https://www.notion.so/Terra-a6762ab5136d4598aafb8d77da6be70f?pvs=21),Timon,"October 22, 2023 9:28 PM",,135,,Charakter (https://www.notion.so/Charakter-cdfda7ca52aa435bbb22610007798d2f?pvs=21),,"Falls diese Karte vom Feld auf den Friedhof gelegt wird, beschwöre eine Baumsängerin aus dem Deck",,,,,,,,"November 23, 2023 9:39 PM",,,No,Backup,20,,15
Heimtückischer Frosch,,,No,Terra (https://www.notion.so/Terra-a6762ab5136d4598aafb8d77da6be70f?pvs=21),Timon,"October 22, 2023 9:31 PM",,137,,Charakter (https://www.notion.so/Charakter-cdfda7ca52aa435bbb22610007798d2f?pvs=21),,Diese Karte kann keinen Angriff deklarieren. Falls diese Karte kämpft zerstöre den angreifenden Charakter,,,,,,,,"November 23, 2023 9:39 PM",,,No,Backup,0,,0
Wildhüter Orhulf,,,No,Terra (https://www.notion.so/Terra-a6762ab5136d4598aafb8d77da6be70f?pvs=21),Timon,"October 22, 2023 9:34 PM",,138,,Charakter (https://www.notion.so/Charakter-cdfda7ca52aa435bbb22610007798d2f?pvs=21),,"Beim ersch (https://www.notion.so/ersch-0e02f231f9ed4e67bd55eada1e50b09e?pvs=21)einen, entdeck (https://www.notion.so/entdeck-bc14ca1b366b418397d988c1c99579f6?pvs=21)e ein Wildtier (https://www.notion.so/Wildtier-566a219b7ef049469e5743f0e8b351de?pvs=21) ",,,,,,,,"November 23, 2023 9:39 PM",,,No,Backup,20,,5
Wildhüter Amdulf,,,No,Terra (https://www.notion.so/Terra-a6762ab5136d4598aafb8d77da6be70f?pvs=21),Timon,"October 29, 2023 12:57 PM",,140,,Charakter (https://www.notion.so/Charakter-cdfda7ca52aa435bbb22610007798d2f?pvs=21),,"Beim ersch (https://www.notion.so/ersch-0e02f231f9ed4e67bd55eada1e50b09e?pvs=21)einen, entdeck (https://www.notion.so/entdeck-bc14ca1b366b418397d988c1c99579f6?pvs=21)e ein Wildtier (https://www.notion.so/Wildtier-566a219b7ef049469e5743f0e8b351de?pvs=21) ",,,,,,,,"November 23, 2023 9:39 PM",,,No,Backup,35,,10
Roter Wildfuchs,,,No,Terra (https://www.notion.so/Terra-a6762ab5136d4598aafb8d77da6be70f?pvs=21),Timon,"October 29, 2023 2:00 PM",,141,,Charakter (https://www.notion.so/Charakter-cdfda7ca52aa435bbb22610007798d2f?pvs=21),,,,,,,,,,"November 23, 2023 9:39 PM",,,No,Backup,40,,25
Wald Ratte,,,No,Terra (https://www.notion.so/Terra-a6762ab5136d4598aafb8d77da6be70f?pvs=21),Timon,"October 29, 2023 2:01 PM",,142,,Charakter (https://www.notion.so/Charakter-cdfda7ca52aa435bbb22610007798d2f?pvs=21),,,,,,,,,,"November 23, 2023 9:39 PM",,,No,Backup,35,,15
Rasendes Wildschwein,,,No,Terra (https://www.notion.so/Terra-a6762ab5136d4598aafb8d77da6be70f?pvs=21),Timon,"October 29, 2023 2:02 PM",,143,,Charakter (https://www.notion.so/Charakter-cdfda7ca52aa435bbb22610007798d2f?pvs=21),,Nachstürmen (https://www.notion.so/Nachst-rmen-8d4acc9b11a440a0b044fde64261276e?pvs=21) (Dieser Charakter kann nach dem ersten Angriff einen zweiten Angriff machen),,,,,,,,"November 23, 2023 9:39 PM",,,No,Backup,60,,0
Einsamer Dachs,,,No,Terra (https://www.notion.so/Terra-a6762ab5136d4598aafb8d77da6be70f?pvs=21),Timon,"October 29, 2023 2:03 PM",,145,,Charakter (https://www.notion.so/Charakter-cdfda7ca52aa435bbb22610007798d2f?pvs=21),,,,,,,,,,"November 23, 2023 9:39 PM",,,No,Backup,35,,40
Waldluchs,,,No,Terra (https://www.notion.so/Terra-a6762ab5136d4598aafb8d77da6be70f?pvs=21),Timon,"October 29, 2023 3:53 PM",,146,,Charakter (https://www.notion.so/Charakter-cdfda7ca52aa435bbb22610007798d2f?pvs=21),,,,,,,,,,"November 23, 2023 9:39 PM",,,No,Backup,30,,15
Tückischer Igel,,,No,Terra (https://www.notion.so/Terra-a6762ab5136d4598aafb8d77da6be70f?pvs=21),Timon,"October 29, 2023 3:55 PM",,147,,Charakter (https://www.notion.so/Charakter-cdfda7ca52aa435bbb22610007798d2f?pvs=21),,Doppelblock (https://www.notion.so/Doppelblock-b26e421c63a74a64b61aa8be862a7d32?pvs=21) (Dieser Charakter kann zwei Angreifer pro Kampf blocken),,,,,,,,"November 23, 2023 9:39 PM",,,No,Backup,15,,25
Waldfalke,,,No,Terra (https://www.notion.so/Terra-a6762ab5136d4598aafb8d77da6be70f?pvs=21),Timon,"October 29, 2023 3:58 PM",,148,,Charakter (https://www.notion.so/Charakter-cdfda7ca52aa435bbb22610007798d2f?pvs=21),,,,,,,,,,"November 23, 2023 9:39 PM",,,No,Backup,45,,20
Spielfreudiges Wildschwein,,,No,Terra (https://www.notion.so/Terra-a6762ab5136d4598aafb8d77da6be70f?pvs=21),Timon,"October 29, 2023 5:51 PM",,149,,Charakter (https://www.notion.so/Charakter-cdfda7ca52aa435bbb22610007798d2f?pvs=21),,,,,,,,,,"November 23, 2023 9:39 PM",,,No,Backup,45,,10
Terrageweihter Steinkreis,,,No,Terra (https://www.notion.so/Terra-a6762ab5136d4598aafb8d77da6be70f?pvs=21),Timon,"October 31, 2023 3:22 PM",,150,,Manifestation (https://www.notion.so/Manifestation-01fa783543da4ed2964edb521e465bd0?pvs=21),,"Einmal pro Spielzug du kannst die oberste Karte von deinem Deck aufdecken. Falls sie vom Element Terra ist lege sie in deine Elementarzone, falls nicht unter dein Deck.

Verlässt diese Karte das Feld, lege zwei Terra Elementare auf den Friedhof",,,,,,,,"November 23, 2023 9:39 PM",,,No,Backup,,2,
Vasalö Terras,,,No,Terra (https://www.notion.so/Terra-a6762ab5136d4598aafb8d77da6be70f?pvs=21),Timon,"November 5, 2023 12:19 PM",,151,,Charakter (https://www.notion.so/Charakter-cdfda7ca52aa435bbb22610007798d2f?pvs=21),,"Duel (https://www.notion.so/Duel-3faa388dcdf445c2bff6fc8dabe42b47?pvs=21) (Einmal pro Spielzug: Dieser Charakter kann gegen einen gegnerischen Charakter kämpfen, dieser wird in Angriffsposition gebracht.. Der Gegner darf nicht blocken. Beide Charaktere erhalten +5 Angriff für jeden befreundeten Charakter. Danach dürfen beide Charaktere an keinem Kampf mehr teilnehmen bis zum Ende des Spielzugs)",,,,,,,,"November 23, 2023 9:39 PM",,,No,Backup,45,,20
Elementarwandel,,EC15 (https://www.notion.so/EC15-28695bba56ba811dafa5c959359795bb?pvs=21),No,Aeris (https://www.notion.so/Aeris-5996f3899d7740fc809fe30a652d20c6?pvs=21),Timon,"November 6, 2023 11:55 AM",,152,,Ereignis (https://www.notion.so/Ereignis-88e179fa1fd740499a32ee3ed4377596?pvs=21),"Mische alle Deine <key>Elementare</key> in Dein <zone>Deck</zone>. X ist die Anzahl an <key>Elementarkarten</key>, die auf diese Weise ins <zone>Deck</zone> gemischt wurde. Lege nun die obersten X + 1 <key>Karten</key> von Deinem <zone>Deck</zone> als <key>Elementare</key> <key>verbraucht</key> in Deine <zone>Elementarzone</zone>.","Mische alle deine Elementare, in dein Deck. Lege die obersten x+1 Karten von deinem Deck als Elementare getappt in deine Elementarzone.
X ist die Anzahl an Elementarkarten, die auf diese Weise ins Deck gemischt wurde.",,1,,,,,2,"October 26, 2025 7:59 PM",Common,Internal Playtesting (https://www.notion.so/Internal-Playtesting-29895bba56ba80729756daaaa59bd560?pvs=21),Yes,Export,,,
Auffrischung,,,No,Ungeprägt (https://www.notion.so/Ungepr-gt-2fd48ac2c29b47108245679f33342673?pvs=21),Slain,"November 27, 2023 12:13 PM",,160,,Ereignis (https://www.notion.so/Ereignis-88e179fa1fd740499a32ee3ed4377596?pvs=21),,Du darfst 3 Karten ziehen,,,,,,,,"March 2, 2024 11:13 AM",,,No,Backup,,,
"Namenloser Ryv'Jorl, stiller Infiltrator",,AC05 (https://www.notion.so/AC05-28695bba56ba81438024f7983d04568a?pvs=21),No,Aqua (https://www.notion.so/Aqua-8c3b1bb2cc364f6ba274d390ac8d3800?pvs=21),Slain,"November 27, 2023 12:25 PM","Jede Bewegung im Dunkeln ist sein Werk; jedes Zittern, jeder geflüsterte Schrei wird Teil des finsteren Balletts, das er leitet.",164,,Charakter (https://www.notion.so/Charakter-cdfda7ca52aa435bbb22610007798d2f?pvs=21),<ability>Unblockbar</ability> <desc><self>Ich</self> kann nicht <key>geblockt</key> werden.</desc>,Ich kann nicht geblockt werden.,Abenteurer (https://www.notion.so/Abenteurer-18c618e1fbc44737ad118d41cdbfa787?pvs=21),,2,,,,1,"October 27, 2025 4:38 PM",Common,"Alpha Set  (https://www.notion.so/Alpha-Set-22495bba56ba80dea926d7979a373c53?pvs=21), Internal Playtesting (https://www.notion.so/Internal-Playtesting-29895bba56ba80729756daaaa59bd560?pvs=21), TCG Arena (https://www.notion.so/TCG-Arena-29995bba56ba8075ab9efa1a1e76ba80?pvs=21)",Yes,TCG Arena,5/10,,10/10
Aeris-Kraftkugel,,EC16 (https://www.notion.so/EC16-28695bba56ba814ba256d0e8dbcef1dd?pvs=21),No,Aeris (https://www.notion.so/Aeris-5996f3899d7740fc809fe30a652d20c6?pvs=21),Slain,"November 27, 2023 12:26 PM",Federleicht trägt sie den Atem uralter Winde.,165,,Ereignis (https://www.notion.so/Ereignis-88e179fa1fd740499a32ee3ed4377596?pvs=21),"<ability>Sofort spielbar</ability> <desc>Du darfst <self>mich</self> jederzeit spielen.</desc>
Ändere die <key>Position</key> eines <kind>Charakters</kind>, den Du <key>kontrollierst</key>.","Sofort spielbar
Ändere die Position eines Charakters, den du kontrollierst.",,1,,,,,1,"October 27, 2025 11:23 PM",Common,"Alpha Set  (https://www.notion.so/Alpha-Set-22495bba56ba80dea926d7979a373c53?pvs=21), TCG Arena (https://www.notion.so/TCG-Arena-29995bba56ba8075ab9efa1a1e76ba80?pvs=21), Internal Playtesting (https://www.notion.so/Internal-Playtesting-29895bba56ba80729756daaaa59bd560?pvs=21)",Yes,TCG Arena,,,
Terra-Kraftkugel,,TC18 (https://www.notion.so/TC18-28695bba56ba8132b6eff16966cf43fa?pvs=21),No,Terra (https://www.notion.so/Terra-a6762ab5136d4598aafb8d77da6be70f?pvs=21),Slain,"November 27, 2023 12:30 PM","“Terra, gib mir Deine Stärke, wenn alles um mich wankt.” – Namenloser Krieger",167,,Ereignis (https://www.notion.so/Ereignis-88e179fa1fd740499a32ee3ed4377596?pvs=21),"<ability>Sofort spielbar</ability> <desc>Du darfst <self>mich</self> jederzeit spielen.</desc>
Ein <kind>Charakter</kind> erhält bis <key>Zugende</key> <stats>+20/+0</stats>.","Sofort spielbar
Ein Charakter erhält +20/0 bis zum Ende des Zuges.",,,,,,1,1,"October 27, 2025 4:38 PM",Common,"Alpha Set  (https://www.notion.so/Alpha-Set-22495bba56ba80dea926d7979a373c53?pvs=21), Internal Playtesting (https://www.notion.so/Internal-Playtesting-29895bba56ba80729756daaaa59bd560?pvs=21), TCG Arena (https://www.notion.so/TCG-Arena-29995bba56ba8075ab9efa1a1e76ba80?pvs=21)",Yes,TCG Arena,,,
Aqua-Kraftkugel,,AC15 (https://www.notion.so/AC15-28695bba56ba813487c0c6c4c451bfe0?pvs=21),No,Aqua (https://www.notion.so/Aqua-8c3b1bb2cc364f6ba274d390ac8d3800?pvs=21),Slain,"November 27, 2023 12:33 PM",In ihrer trügerischen Tiefe und flüsternden Strömung birgt sie ein stiller Quell der Heilung.,168,,Ereignis (https://www.notion.so/Ereignis-88e179fa1fd740499a32ee3ed4377596?pvs=21),"<ability>Sofort spielbar</ability> <desc>Du darfst <self>mich</self> jederzeit spielen.</desc>
Verhindere allen <key>Schaden</key>, der einem <kind>Charakter</kind> Deiner Wahl in dieser <key>Phase</key> zugefügt wird.","Sofort spielbar
Verhindere allen Schaden, der einem Charakter deiner wahl in dieser Phase zugefügt wird.",,,1,,,,1,"October 27, 2025 4:38 PM",Common,"Internal Playtesting (https://www.notion.so/Internal-Playtesting-29895bba56ba80729756daaaa59bd560?pvs=21), TCG Arena (https://www.notion.so/TCG-Arena-29995bba56ba8075ab9efa1a1e76ba80?pvs=21)",Yes,TCG Arena,,,
Ignis-Kraftkugel,,IC15 (https://www.notion.so/IC15-28695bba56ba81978e80da207a8bb190?pvs=21),No,Ignis (https://www.notion.so/Ignis-ca68b053cd74404a8fa85893e505b753?pvs=21),Slain,"November 27, 2023 12:34 PM",In ihrem Flackern entflammt die Leidenschaft des feurigen Zorns.,169,,Ereignis (https://www.notion.so/Ereignis-88e179fa1fd740499a32ee3ed4377596?pvs=21),"<ability>Sofort spielbar</ability> <desc>Du darfst <self>mich</self> jederzeit spielen.</desc>
Füge einem <kind>Charakter</kind> <damage>20</damage> <key>Schaden</key> zu.","Sofort spielbar
Füge einem Charakter 20 Schaden zu.",,,,2,,,,"October 27, 2025 4:38 PM",Common,"Alpha Set  (https://www.notion.so/Alpha-Set-22495bba56ba80dea926d7979a373c53?pvs=21), Internal Playtesting (https://www.notion.so/Internal-Playtesting-29895bba56ba80729756daaaa59bd560?pvs=21), TCG Arena (https://www.notion.so/TCG-Arena-29995bba56ba8075ab9efa1a1e76ba80?pvs=21)",Yes,TCG Arena,,,
Magica-Kraftkugel,,MC09 (https://www.notion.so/MC09-28695bba56ba8172ae2fd0847c01c91e?pvs=21),No,Magica (https://www.notion.so/Magica-ba80d98941c8405d875cb3e6fdb6bf34?pvs=21),Slain,"November 27, 2023 12:34 PM",Sie hält das Gleichgewicht aller Welten in funkelnder Stille und leitet die Geschicke zum Ausgleich.,170,,Ereignis (https://www.notion.so/Ereignis-88e179fa1fd740499a32ee3ed4377596?pvs=21),"<ability>Sofort spielbar</ability> <desc>Du darfst <self>mich</self> jederzeit spielen.</desc>
Ändere das <key>Ziel</key> eines <kind>Ereignisses</kind> oder einer <key>Fähigkeit</key>, die genau ein <key>Ziel</key> hat.","Sofort spielbar
Ändere das Ziel eines Ereignisses oder einer Fähigkeit, die genau ein Ziel hat.",,,,,1,,1,"October 27, 2025 4:38 PM",Common,"Alpha Set  (https://www.notion.so/Alpha-Set-22495bba56ba80dea926d7979a373c53?pvs=21), Internal Playtesting (https://www.notion.so/Internal-Playtesting-29895bba56ba80729756daaaa59bd560?pvs=21), TCG Arena (https://www.notion.so/TCG-Arena-29995bba56ba8075ab9efa1a1e76ba80?pvs=21)",Yes,TCG Arena,,,
Tirolitklumpen,,,No,Ungeprägt (https://www.notion.so/Ungepr-gt-2fd48ac2c29b47108245679f33342673?pvs=21),Slain,"November 27, 2023 12:35 PM",,171,,Manifestation (https://www.notion.so/Manifestation-01fa783543da4ed2964edb521e465bd0?pvs=21),<cost><opt/></cost> Erzeuge <unshaped/>.,OPT; Erzeuge ein ungeprägtes Element,,,,,,,2,"August 17, 2025 7:15 PM",,,No,Playtest,,1,
Feldheiler,,,No,Aqua (https://www.notion.so/Aqua-8c3b1bb2cc364f6ba274d390ac8d3800?pvs=21),Slain,"November 27, 2023 12:36 PM",,172,Erste Ideen,Charakter (https://www.notion.so/Charakter-cdfda7ca52aa435bbb22610007798d2f?pvs=21),,"Wenn dieser Charakter ins Spiel kommt, bringe einen Charakter, der diesen Zug gestorben ist vom Friedhof in Angrffsposition zurück aufs Feld",,,,,,,,"August 10, 2025 8:22 PM",,,No,Backup,10,,10
Wasser des Lebens,,AC19 (https://www.notion.so/AC19-28695bba56ba81fe8e68d3947d5c4771?pvs=21),No,Aqua (https://www.notion.so/Aqua-8c3b1bb2cc364f6ba274d390ac8d3800?pvs=21),Slain,"November 27, 2023 12:37 PM",,173,,Ereignis (https://www.notion.so/Ereignis-88e179fa1fd740499a32ee3ed4377596?pvs=21),Lege die oberste <key>Karte</key> von Deinem <zone>Deck</zone> als <key>Schildkarte</key> zu Deinen <zone>Schildkarten</zone>.,"Lege die oberste Karte von deinem Deck als Schildkarte zu deinen Schildkarten.
Lege danach “Wasser des Lebens” ins exil.",,,3,,,,2,"October 26, 2025 7:25 PM",Common,Internal Playtesting (https://www.notion.so/Internal-Playtesting-29895bba56ba80729756daaaa59bd560?pvs=21),Yes,Export,,,
Magiekontrolle,,MC14 (https://www.notion.so/MC14-28695bba56ba812989b2da081b35dc34?pvs=21),No,Magica (https://www.notion.so/Magica-ba80d98941c8405d875cb3e6fdb6bf34?pvs=21),Slain,"November 27, 2023 12:40 PM",,174,,Ereignis (https://www.notion.so/Ereignis-88e179fa1fd740499a32ee3ed4377596?pvs=21),"Sofort spielbar
Verhindere, dass ein Charakter, ein Ereignis oder eine Manifestation ins Spiel kommt.","Sofort spielbar
Verhindere, dass ein Charakter, ein Ereignis oder eine Manifestation ins Spiel kommt.",,,,,2,,2,"October 27, 2025 5:21 PM",Common,Internal Playtesting (https://www.notion.so/Internal-Playtesting-29895bba56ba80729756daaaa59bd560?pvs=21),Yes,Export,,,
Feuerball,,,No,Ignis (https://www.notion.so/Ignis-ca68b053cd74404a8fa85893e505b753?pvs=21),Slain,"November 27, 2023 12:43 PM",,175,Erste Ideen,Ereignis (https://www.notion.so/Ereignis-88e179fa1fd740499a32ee3ed4377596?pvs=21),,Füge einem Charakter X mal 10 Schaden zu,,,,,,,,"August 10, 2025 8:22 PM",,,No,Backup,,,
Windstoß,,,No,Aeris (https://www.notion.so/Aeris-5996f3899d7740fc809fe30a652d20c6?pvs=21),Slain,"November 27, 2023 12:44 PM",,176,Erste Ideen,Ereignis (https://www.notion.so/Ereignis-88e179fa1fd740499a32ee3ed4377596?pvs=21),,"Wirf X Karten ab, dann ziehe X + 1 neue Karten",,,,,,,,"August 10, 2025 8:22 PM",,,No,Backup,,,
Wunden heilen,,,No,Aqua (https://www.notion.so/Aqua-8c3b1bb2cc364f6ba274d390ac8d3800?pvs=21),Slain,"November 27, 2023 12:45 PM",,177,Erste Ideen,Ereignis (https://www.notion.so/Ereignis-88e179fa1fd740499a32ee3ed4377596?pvs=21),,Bringe X Karten von deinem Friedhof wieder auf deine Hand,,,,,,,,"August 10, 2025 8:22 PM",,,No,Backup,,,
Versteinern,,,No,Terra (https://www.notion.so/Terra-a6762ab5136d4598aafb8d77da6be70f?pvs=21),Slain,"November 27, 2023 12:47 PM",,180,,Ereignis (https://www.notion.so/Ereignis-88e179fa1fd740499a32ee3ed4377596?pvs=21),,"Sofort Spielbar
Bringe X Charaktere in Angriffshaltung",,,,,,3,X,"August 14, 2025 8:57 PM",,,No,Neu,,,
“Schildwall!”,,EC20 (https://www.notion.so/EC20-28695bba56ba8110b832ff8646faab14?pvs=21),No,Aeris (https://www.notion.so/Aeris-5996f3899d7740fc809fe30a652d20c6?pvs=21),Slain,"November 27, 2023 12:48 PM",“Kein Mann allein ist stärker als jener mit einem Schild neben ihm.“ – Weibel Thulmann,181,,Ereignis (https://www.notion.so/Ereignis-88e179fa1fd740499a32ee3ed4377596?pvs=21),"<ability>Sofort spielbar</ability> <desc>Du darfst <self>mich</self> jederzeit spielen.</desc>
Bringe X <kind>Charaktere</kind> die du kontrollierst in <key>Verteidigungsposition</key>.","Sofort spielbar
Bringe X Charaktere die du kontrollierst in Verteidigungsposition.",,2,,,,,X,"October 27, 2025 8:10 PM",Common,Internal Playtesting (https://www.notion.so/Internal-Playtesting-29895bba56ba80729756daaaa59bd560?pvs=21),Yes,Export,,,
Weltenbrand,,,No,Ungeprägt (https://www.notion.so/Ungepr-gt-2fd48ac2c29b47108245679f33342673?pvs=21),Slain,"November 27, 2023 12:50 PM",,182,Erste Ideen,Ereignis (https://www.notion.so/Ereignis-88e179fa1fd740499a32ee3ed4377596?pvs=21),,"Jeder Spieler zerstört alle seine Elementare, Charaktere und Manifestationen. Dann wirft er alle Handkarten ab und zieht 3 neue.",,,,,,,,"August 10, 2025 8:22 PM",,,No,Backup,,,
Wandel,,,No,Aeris (https://www.notion.so/Aeris-5996f3899d7740fc809fe30a652d20c6?pvs=21),Slain,"November 27, 2023 12:52 PM",,183,Erste Ideen,Ereignis (https://www.notion.so/Ereignis-88e179fa1fd740499a32ee3ed4377596?pvs=21),,Opfere einen Charakter. Dann bringe einen Charakter aus deinem Friedhof ins Spiel.,,,,,,,,"August 10, 2025 8:22 PM",,,No,Backup,,,
Elementare Neuprägung,,,No,Ungeprägt (https://www.notion.so/Ungepr-gt-2fd48ac2c29b47108245679f33342673?pvs=21),Slain,"November 27, 2023 12:53 PM",,184,Erste Ideen,Ereignis (https://www.notion.so/Ereignis-88e179fa1fd740499a32ee3ed4377596?pvs=21),,Nimm X Elementar in deine Hand zurück. Spiele dann X Karten aus deiner Hand als Elementar aus,,,,,,,,"August 10, 2025 8:22 PM",,,No,Backup,,,
Sturmflut,,AC20 (https://www.notion.so/AC20-28695bba56ba8118a779c9e0a1641723?pvs=21),No,Aqua (https://www.notion.so/Aqua-8c3b1bb2cc364f6ba274d390ac8d3800?pvs=21),Slain,"November 27, 2023 12:56 PM","Kein Turm ist hoch genug, keine Flucht schnell genug, wenn Aqua sich erhebt – Was bleibt ist nur die Stille.",185,,Ereignis (https://www.notion.so/Ereignis-88e179fa1fd740499a32ee3ed4377596?pvs=21),Alle <kind>Charaktere</kind> werden ihrem <key>Besitzer</key> auf die <zone>Hand</zone> zurückgegeben.,Alle Charaktere werden dem Besitzer auf die Hand zurück gegeben.,,,2,,,,3,"October 27, 2025 4:38 PM",Common,"Internal Playtesting (https://www.notion.so/Internal-Playtesting-29895bba56ba80729756daaaa59bd560?pvs=21), TCG Arena (https://www.notion.so/TCG-Arena-29995bba56ba8075ab9efa1a1e76ba80?pvs=21)",Yes,TCG Arena,,,
Orkan,,,No,Aeris (https://www.notion.so/Aeris-5996f3899d7740fc809fe30a652d20c6?pvs=21),Slain,"November 27, 2023 12:59 PM",,186,Erste Ideen,Ereignis (https://www.notion.so/Ereignis-88e179fa1fd740499a32ee3ed4377596?pvs=21),,"Bringe Jeden Charakter, der in Verteidigungsposition liegt in Angriffsposition, und jeden Charakter, der in Angriffsposition liegt in Verteidigungsposition",,,,,,,,"August 10, 2025 8:22 PM",,,No,Backup,,,
Giftiges Dornengestrüpp,,TC20 (https://www.notion.so/TC20-28695bba56ba818f9b34e116f73c19ca?pvs=21),No,Terra (https://www.notion.so/Terra-a6762ab5136d4598aafb8d77da6be70f?pvs=21),Slain,"November 27, 2023 1:03 PM","„Der Wald verzeiht nicht – er rächt sich.“ – Sirka Sorlissos, Hüterin der Wälder",187,,Ereignis (https://www.notion.so/Ereignis-88e179fa1fd740499a32ee3ed4377596?pvs=21),Alle <kind>Charaktere</kind> erhalten bis <key>Zugende</key> <stats>-25/-25</stats>.,Alle Charaktere erhalten -25/-25 bis zum Ende des Zuges.,,,,,,2,2,"October 27, 2025 4:38 PM",Common,"Internal Playtesting (https://www.notion.so/Internal-Playtesting-29895bba56ba80729756daaaa59bd560?pvs=21), TCG Arena (https://www.notion.so/TCG-Arena-29995bba56ba8075ab9efa1a1e76ba80?pvs=21)",Yes,TCG Arena,,,
Friedensbote,,,No,Aqua (https://www.notion.so/Aqua-8c3b1bb2cc364f6ba274d390ac8d3800?pvs=21),Slain,"November 27, 2023 1:05 PM","Die Tradition verlangt, dass ein Friedensbote nie Besitz oder Titel hat – nur seine Stimme, und das Gewicht seiner Neutralität.",188,,Charakter (https://www.notion.so/Charakter-cdfda7ca52aa435bbb22610007798d2f?pvs=21),"Während der <phase>Kampfphase</phase> erhalte <self>ich</self> <ability>Sofort spielbar</ability>. <desc>Du darfst <self>mich</self> jederzeit spielen.</desc>
Wenn <self>ich</self> das <zone>Feld</zone> <key>betrete</key>, dürfen in diesem <phase>Zug</phase> keine <key>Angriffe</key> <key>angekündigt</key> werden.","während der Kampfphase erhalte ich Sofort Spielbar,
ich das Feld betrete, dürfen in diesem Zug keine Angriffe angesagt werden",Gefolge (https://www.notion.so/Gefolge-d8ea55c1066e4abbb15b1b371bd0f320?pvs=21),,1,,,,4,"October 27, 2025 4:38 PM",,TCG Arena (https://www.notion.so/TCG-Arena-29995bba56ba8075ab9efa1a1e76ba80?pvs=21),No,TCG Arena,10/30,,20/20
"Sir Tristan, Ritter von Bjartur",Sir Tristan (https://www.notion.so/Sir-Tristan-1cd95bba56ba80a9b138da80a9632e27?pvs=21),TC08 (https://www.notion.so/TC08-28695bba56ba81d38e09fc3c655b0784?pvs=21),Yes,Terra (https://www.notion.so/Terra-a6762ab5136d4598aafb8d77da6be70f?pvs=21),Slain,"November 27, 2023 1:07 PM",Schon manche Knechte fanden unter Sir Tristan Schutz und ihr erstes Schwert.,189,,Charakter (https://www.notion.so/Charakter-cdfda7ca52aa435bbb22610007798d2f?pvs=21),<ability>Doppelblock</ability> <desc><self>Ich</self> darf zwei <key>Gegner</key> gleichzeitig <key>blocken</key>.</desc>,"Einzigartig
Kann bis zu 2 Charaktere blocken.",Adel (https://www.notion.so/Adel-16a95bba56ba8066bc1bc23c764d9b4b?pvs=21),,,,,1,3,"October 27, 2025 4:38 PM",Common,"Alpha Set  (https://www.notion.so/Alpha-Set-22495bba56ba80dea926d7979a373c53?pvs=21), Internal Playtesting (https://www.notion.so/Internal-Playtesting-29895bba56ba80729756daaaa59bd560?pvs=21), TCG Arena (https://www.notion.so/TCG-Arena-29995bba56ba8075ab9efa1a1e76ba80?pvs=21)",Yes,TCG Arena,20/40,,20/40
Zweiköpfiger Drachenwelpe,,,No,Ignis (https://www.notion.so/Ignis-ca68b053cd74404a8fa85893e505b753?pvs=21),Slain,"November 27, 2023 1:08 PM",,190,Erste Ideen,Charakter (https://www.notion.so/Charakter-cdfda7ca52aa435bbb22610007798d2f?pvs=21),,Darf bis zu 2 Charaktere gleichzeitig Angreifen,,,,,,,,"August 10, 2025 8:22 PM",,,No,Backup,25,,10
Naldar,,,No,Aeris (https://www.notion.so/Aeris-5996f3899d7740fc809fe30a652d20c6?pvs=21),Slain,"November 27, 2023 1:09 PM",,192,Erste Ideen,Charakter (https://www.notion.so/Charakter-cdfda7ca52aa435bbb22610007798d2f?pvs=21),,"Elementarvolk, Naldar, Bündnispartner
Immer wenn ein anderes Elementarvolk ins Spiel kommt, ziehe eine Karte.",,,,,,,,"August 10, 2025 8:22 PM",,,No,Backup,20,,20
Sephor’Assil,,,No,Aqua (https://www.notion.so/Aqua-8c3b1bb2cc364f6ba274d390ac8d3800?pvs=21),Slain,"November 27, 2023 1:10 PM",,193,Erste Ideen,Charakter (https://www.notion.so/Charakter-cdfda7ca52aa435bbb22610007798d2f?pvs=21),,"Elementarvolk, Sephor’Assil, Bündnsipartner
Immer wenn ein Elementarvolk ins Spiel kommt, ziehe eine Karte.",,,,,,,,"August 10, 2025 8:22 PM",,,No,Backup,20,,20
Edalphi,,,No,Magica (https://www.notion.so/Magica-ba80d98941c8405d875cb3e6fdb6bf34?pvs=21),Slain,"November 27, 2023 1:10 PM",,194,Erste Ideen,Charakter (https://www.notion.so/Charakter-cdfda7ca52aa435bbb22610007798d2f?pvs=21),,"Elementarvolk, 
Immer wenn ein Elementarvolk ins Spiel kommt, ziehe eine Karte.",,,,,,,,"August 10, 2025 8:22 PM",,,No,Backup,20,,20
Akata,,,No,Ignis (https://www.notion.so/Ignis-ca68b053cd74404a8fa85893e505b753?pvs=21),Slain,"November 27, 2023 1:10 PM",,195,Erste Ideen,Charakter (https://www.notion.so/Charakter-cdfda7ca52aa435bbb22610007798d2f?pvs=21),,"Elementarvolk, Akata
Immer wenn ein anders Elementarvolk ins Spiel kommt, ziehe eine Karte.",,,,,,,,"August 10, 2025 8:22 PM",,,No,Backup,20,,20
Narech Tuloch,,,No,Terra (https://www.notion.so/Terra-a6762ab5136d4598aafb8d77da6be70f?pvs=21),Slain,"November 27, 2023 1:10 PM",,196,Erste Ideen,Charakter (https://www.notion.so/Charakter-cdfda7ca52aa435bbb22610007798d2f?pvs=21),,"Elementarvolk, Narech Tuloch
Immer wenn ein Elementarvolk ins Spiel kommt, ziehe eine Karte.",,,,,,,,"August 10, 2025 8:22 PM",,,No,Backup,20,,20
Terraschrein des Kreislaufs,,TC21 (https://www.notion.so/TC21-28695bba56ba81869fe1caab5ccbdcab?pvs=21),No,Terra (https://www.notion.so/Terra-a6762ab5136d4598aafb8d77da6be70f?pvs=21),Slain,"November 27, 2023 1:14 PM","Längst in Vergessenheit ruht der Schrein, der die Kraft des ewigen Kreislaufs in sich bündelt.",197,,Manifestation (https://www.notion.so/Manifestation-01fa783543da4ed2964edb521e465bd0?pvs=21),<cost><terra/><unshaped1/><opt/></cost><desc>Einmal pro Zug</desc> Nimm einen zufälligen <kind>Charakter</kind> von Deinem <zone>Friedhof</zone> mit <key>Kosten</key> 3 oder weniger zurück auf Deine <zone>Hand</zone>.,"1,T,OPT; Nimm einen zufälligen Charakter von deinem Friedhof mit Kosten 3 oder weniger zurück auf deine Hand.",,,,,,2,2,"October 27, 2025 4:38 PM",Common,"Alpha Set  (https://www.notion.so/Alpha-Set-22495bba56ba80dea926d7979a373c53?pvs=21), Internal Playtesting (https://www.notion.so/Internal-Playtesting-29895bba56ba80729756daaaa59bd560?pvs=21), TCG Arena (https://www.notion.so/TCG-Arena-29995bba56ba8075ab9efa1a1e76ba80?pvs=21)",Yes,TCG Arena,,1,
"Stürmischer Aerisschrein ",,EC24 (https://www.notion.so/EC24-28695bba56ba81f2a707e610f2ce530c?pvs=21),No,Aeris (https://www.notion.so/Aeris-5996f3899d7740fc809fe30a652d20c6?pvs=21),Slain,"November 27, 2023 1:15 PM","In den aufpeitschenden Böen des Schreins hallt das uralte Lied der Lüfte, das Visionen zukünftigen Wandels weit über die Horizonte hinausträgt.",198,,Manifestation (https://www.notion.so/Manifestation-01fa783543da4ed2964edb521e465bd0?pvs=21),<cost><opt/></cost><desc>Einmal pro Zug</desc> Sieh Dir die oberste <key>Karte</key> Deines <zone>Decks</zone> an. Lege sie dann entweder auf oder unter Dein Deck.,OPT; du darfst dir die oberste Karte deines Decks anschauen. Lege sie dann entweder auf oder unter dein Deck.,,1,,,,,1,"October 27, 2025 4:38 PM",Common,"Alpha Set  (https://www.notion.so/Alpha-Set-22495bba56ba80dea926d7979a373c53?pvs=21), Internal Playtesting (https://www.notion.so/Internal-Playtesting-29895bba56ba80729756daaaa59bd560?pvs=21), TCG Arena (https://www.notion.so/TCG-Arena-29995bba56ba8075ab9efa1a1e76ba80?pvs=21)",Yes,TCG Arena,,1,
Prunkvoller Aquaschrein,,,No,Aqua (https://www.notion.so/Aqua-8c3b1bb2cc364f6ba274d390ac8d3800?pvs=21),Slain,"November 27, 2023 1:17 PM",,199,Erste Ideen,Manifestation (https://www.notion.so/Manifestation-01fa783543da4ed2964edb521e465bd0?pvs=21),,Verhindere bei einem verteidigendem Charakter 25 Schaden,,,,,,,,"August 10, 2025 8:22 PM",,,No,Backup,,1,
Großer Ignisschrein,,IC24 (https://www.notion.so/IC24-28695bba56ba81aa9121c922f2f7a550?pvs=21),No,Ignis (https://www.notion.so/Ignis-ca68b053cd74404a8fa85893e505b753?pvs=21),Slain,"November 27, 2023 1:18 PM",,200,Erste Ideen,Manifestation (https://www.notion.so/Manifestation-01fa783543da4ed2964edb521e465bd0?pvs=21),"1,I,I; Ein Charakter deiner wahl erhält Schildbrecher.","1,I,I; Ein Charakter deiner wahl erhält Schildbrecher.",,,,2,,,2,"October 27, 2025 5:21 PM",Common,Internal Playtesting (https://www.notion.so/Internal-Playtesting-29895bba56ba80729756daaaa59bd560?pvs=21),Yes,Export,,1,
Trügerischer Aqua-Brunnen,,AC21 (https://www.notion.so/AC21-28695bba56ba8158a78bf96d49ab655e?pvs=21),No,Aqua (https://www.notion.so/Aqua-8c3b1bb2cc364f6ba274d390ac8d3800?pvs=21),Slain,"November 27, 2023 1:20 PM",Sein Wasser flüstert aus bodenlosen Abgründen – tief und dunkelblau.,201,,Manifestation (https://www.notion.so/Manifestation-01fa783543da4ed2964edb521e465bd0?pvs=21),"Wenn <self>ich</self> das <zone>Feld</zone> <key>betrete</key>, darfst Du <unshaped2/> zahlen, um mir 1 <key>Bannkreis</key> zu verleihen.
<cost><unshaped2/><opt/></cost><desc>Einmal pro Zug</desc> Schicke einen <kind>Charakter</kind> auf die <zone>Hand</zone> seines <key>Besitzers</key>.","2,OPT; Du darfst einen Charakter auf die Hand seines Besitzers schicken.
Wenn du beim ausspielen 2 ungeprägte Elemente zusätzlich zahlst komme ich mit einem Bannkreis auf das Schlachtfeld.",,,2,,,,1,"October 27, 2025 4:38 PM",Common,"Alpha Set  (https://www.notion.so/Alpha-Set-22495bba56ba80dea926d7979a373c53?pvs=21), Internal Playtesting (https://www.notion.so/Internal-Playtesting-29895bba56ba80729756daaaa59bd560?pvs=21), TCG Arena (https://www.notion.so/TCG-Arena-29995bba56ba8075ab9efa1a1e76ba80?pvs=21)",Yes,TCG Arena,,0,
Kleiner Aquaschrein,,,No,Aqua (https://www.notion.so/Aqua-8c3b1bb2cc364f6ba274d390ac8d3800?pvs=21),Slain,"November 27, 2023 1:23 PM",,202,Erste Ideen,Manifestation (https://www.notion.so/Manifestation-01fa783543da4ed2964edb521e465bd0?pvs=21),,"Zu Beginn deines Zuges darfst du einen eigenen Charakter vom Spiel auf deine Hand nehmen, und dann einen Chrakter aus deiner Hand ins Spiel bringen",,,,,,,,"August 10, 2025 8:22 PM",,,No,Backup,,1,
Prunkvoller Aerisschrein,,,No,Aeris (https://www.notion.so/Aeris-5996f3899d7740fc809fe30a652d20c6?pvs=21),Slain,"November 27, 2023 1:24 PM",,203,Erste Ideen,Manifestation (https://www.notion.so/Manifestation-01fa783543da4ed2964edb521e465bd0?pvs=21),,Zu Beginn des Kampfes darfst du einen eigenen Charakter in Angriffs- oder Verteidigungsaltung bringen,,,,,,,,"August 10, 2025 8:22 PM",,,No,Backup,,1,
Prunkvoller Ignisschrein,,,No,Ignis (https://www.notion.so/Ignis-ca68b053cd74404a8fa85893e505b753?pvs=21),Slain,"November 27, 2023 1:27 PM",,204,Erste Ideen,Manifestation (https://www.notion.so/Manifestation-01fa783543da4ed2964edb521e465bd0?pvs=21),,Füge zu Beginn des Kampfes einem angreifenden Charakter 25 Schaden zu,,,,,,,,"August 10, 2025 8:22 PM",,,No,Backup,,1,
Kleiner Ignisschrein,,IC22 (https://www.notion.so/IC22-28695bba56ba81bfb705da481c888e30?pvs=21),No,Ignis (https://www.notion.so/Ignis-ca68b053cd74404a8fa85893e505b753?pvs=21),Slain,"November 27, 2023 1:27 PM",,205,Erste Ideen,Manifestation (https://www.notion.so/Manifestation-01fa783543da4ed2964edb521e465bd0?pvs=21),I; Ein Charakter deiner Wahl erhält ansturm,I; Ein Charakter deiner Wahl erhält ansturm,,,,2,,,2,"October 27, 2025 5:21 PM",Common,Internal Playtesting (https://www.notion.so/Internal-Playtesting-29895bba56ba80729756daaaa59bd560?pvs=21),Yes,Export,,1,
Prunkvoller Magicaschrein,,,No,Magica (https://www.notion.so/Magica-ba80d98941c8405d875cb3e6fdb6bf34?pvs=21),Slain,"November 27, 2023 1:31 PM",,206,Erste Ideen,Manifestation (https://www.notion.so/Manifestation-01fa783543da4ed2964edb521e465bd0?pvs=21),,Bestimme einen Angreifer und entferne diesen aus dem Kampf,,,,,,,,"August 10, 2025 8:22 PM",,,No,Backup,,1,
Prunkvoller Terraschrein,,,No,Terra (https://www.notion.so/Terra-a6762ab5136d4598aafb8d77da6be70f?pvs=21),Slain,"November 27, 2023 1:32 PM",,207,Erste Ideen,Manifestation (https://www.notion.so/Manifestation-01fa783543da4ed2964edb521e465bd0?pvs=21),,Ein angreifender Charakter deiner Wahl erhält +25 Angriff,,,,,,,,"August 10, 2025 8:22 PM",,,No,Backup,,1,
Großer Aerisschrein,,,No,Aeris (https://www.notion.so/Aeris-5996f3899d7740fc809fe30a652d20c6?pvs=21),Slain,"November 27, 2023 1:34 PM",,208,Erste Ideen,Manifestation (https://www.notion.so/Manifestation-01fa783543da4ed2964edb521e465bd0?pvs=21),,"Immer wenn du eine Karte ziehst, darfst du eine zusätzliche Karte ziehen.",,,,,,,,"August 10, 2025 8:22 PM",,,No,Backup,,1,
Großer Aquaschrein,,,No,Aqua (https://www.notion.so/Aqua-8c3b1bb2cc364f6ba274d390ac8d3800?pvs=21),Slain,"November 27, 2023 1:37 PM",,209,Erste Ideen,Manifestation (https://www.notion.so/Manifestation-01fa783543da4ed2964edb521e465bd0?pvs=21),,"Immer wenn du eine Karte ziehst, darfst du eine Gegnerische Kreatur in Angriffsposition bringen.",,,,,,,,"August 10, 2025 8:22 PM",,,No,Backup,,1,
Großer Terraschrein,,,No,Terra (https://www.notion.so/Terra-a6762ab5136d4598aafb8d77da6be70f?pvs=21),Slain,"November 27, 2023 1:39 PM",,210,Erste Ideen,Manifestation (https://www.notion.so/Manifestation-01fa783543da4ed2964edb521e465bd0?pvs=21),,"Immer wenn du eine Karte ziehst, darfst du eine Charakterkarte aus deinem Friedhof auf die Hand nehmen",,,,,,,,"August 10, 2025 8:22 PM",,,No,Backup,,1,
Großer Magicaschrein,,MC24 (https://www.notion.so/MC24-28695bba56ba81dea4daccf182f9165f?pvs=21),No,Magica (https://www.notion.so/Magica-ba80d98941c8405d875cb3e6fdb6bf34?pvs=21),Slain,"November 27, 2023 1:40 PM",,211,,Manifestation (https://www.notion.so/Manifestation-01fa783543da4ed2964edb521e465bd0?pvs=21),"<ability>Bannkreis 1</ability> <desc>Ich <key>betrete</key> das <zone>Feld</zone> mit 1 <key>Bannkreis</key>, der allen <key>Schaden</key> abwehrt.</desc>
Immer wenn Du eine <key>Karte</key> ziehst, darfst Du eine <kind>Ereignis-</kind> oder <kind>Manifestationskarte</kind> aus Deinem <zone>Friedhof</zone> auf Deine <zone>Hand</zone> nehmen.","Bannkreis 1
Immer wenn du eine Karte ziehst, darfst du eine Ereignis- oder Manifestationskarte aus deinem Friedhof auf die Hand nehmen.",,,,,4,,4,"October 27, 2025 4:38 PM",Common,"Internal Playtesting (https://www.notion.so/Internal-Playtesting-29895bba56ba80729756daaaa59bd560?pvs=21), TCG Arena (https://www.notion.so/TCG-Arena-29995bba56ba8075ab9efa1a1e76ba80?pvs=21)",Yes,TCG Arena,,1,
Tempel der Fünf,,,No,Ungeprägt (https://www.notion.so/Ungepr-gt-2fd48ac2c29b47108245679f33342673?pvs=21),Slain,"November 27, 2023 1:41 PM",,212,Erste Ideen,Manifestation (https://www.notion.so/Manifestation-01fa783543da4ed2964edb521e465bd0?pvs=21),,Jeder Elementar produziert ein zusätzliches Element seiner Art.,,,,,,,,"August 10, 2025 8:22 PM",,,No,Backup,,1,
Zeitspiel,,EC17 (https://www.notion.so/EC17-28695bba56ba8164a11bd2f4a6985a08?pvs=21),No,Aeris (https://www.notion.so/Aeris-5996f3899d7740fc809fe30a652d20c6?pvs=21),Slain,"November 27, 2023 1:44 PM","Der Sand der Zeit öffnet nicht nur Pfade in die Zukunft – er lässt uns auch erkennen, wie viel Potenzial schon in einem einzigen Augenblick steckt.",213,,Ereignis (https://www.notion.so/Ereignis-88e179fa1fd740499a32ee3ed4377596?pvs=21),"<key>Ziehe</key> eine <key>Karte</key>.
Du darfst in diesem <key>Zug</key> eine zusätzliche <key>Elementarkarte</key> legen.","Ziehe eine Karte.
Du darfst in diesem Zug eine zusätzliche Elementarkarte legen.",,2,,,,,1,"October 27, 2025 11:23 PM",Common,"TCG Arena (https://www.notion.so/TCG-Arena-29995bba56ba8075ab9efa1a1e76ba80?pvs=21), Internal Playtesting (https://www.notion.so/Internal-Playtesting-29895bba56ba80729756daaaa59bd560?pvs=21)",Yes,TCG Arena,,,
Den Kreislauf ehren,,,No,Terra (https://www.notion.so/Terra-a6762ab5136d4598aafb8d77da6be70f?pvs=21),Slain,"November 27, 2023 1:46 PM","Der Kreislauf schließt Dich mit ein, gleich ob Du ihn segnest oder verfluchst. Und an jedem Ende glimmt ein neues Morgenrot.",215,,Ereignis (https://www.notion.so/Ereignis-88e179fa1fd740499a32ee3ed4377596?pvs=21),<key>Zerstöre</key> einen <key>nicht-einzigartigen</key> <kind>Charakter</kind>.,Zerstöre einen nicht-einzigartigen Charakter.,,,,,,2,2,"October 27, 2025 4:38 PM",,"Alpha Set  (https://www.notion.so/Alpha-Set-22495bba56ba80dea926d7979a373c53?pvs=21), TCG Arena (https://www.notion.so/TCG-Arena-29995bba56ba8075ab9efa1a1e76ba80?pvs=21)",No,TCG Arena,,,
Den Ausgleich schaffen,,,No,Magica (https://www.notion.so/Magica-ba80d98941c8405d875cb3e6fdb6bf34?pvs=21),Slain,"November 27, 2023 1:47 PM",,216,Erste Ideen,Ereignis (https://www.notion.so/Ereignis-88e179fa1fd740499a32ee3ed4377596?pvs=21),,"Jeder Spieler opfert so viele Elementare, bis er so viele Elementare hat wie der Spieler mit den wenigsten Elementaren.
Dann wiederhole das Vorgehen für Charaktere und Manifestationen.",,,,,,,,"August 10, 2025 8:22 PM",,,No,Backup,,,
Kraft tanken,,EC21 (https://www.notion.so/EC21-28695bba56ba81db95eec13d6b4fb60e?pvs=21),No,Aeris (https://www.notion.so/Aeris-5996f3899d7740fc809fe30a652d20c6?pvs=21),Slain,"November 27, 2023 1:49 PM",,217,,Ereignis (https://www.notion.so/Ereignis-88e179fa1fd740499a32ee3ed4377596?pvs=21),Du darfst zwei Karten ziehen,Du darfst zwei Karten ziehen,,2,,,,,1,"October 27, 2025 5:21 PM",Common,Internal Playtesting (https://www.notion.so/Internal-Playtesting-29895bba56ba80729756daaaa59bd560?pvs=21),Yes,Export,,,
Duell-Arena,,IC23 (https://www.notion.so/IC23-28695bba56ba81df8b9dc23b7552fc44?pvs=21),No,Ignis (https://www.notion.so/Ignis-ca68b053cd74404a8fa85893e505b753?pvs=21),Slain,"November 27, 2023 1:49 PM",,218,Erste Ideen,Manifestation (https://www.notion.so/Manifestation-01fa783543da4ed2964edb521e465bd0?pvs=21),"I,1,OPT; Ein Charakter deiner Wahl denb du kontrolierst und ein Charakter deiner wahl den du nicht kontrollierst fügen sich gegenseitig schaden in höhe Ihrer Stärke zu.","I,1,OPT; Ein Charakter deiner Wahl denb du kontrolierst und ein Charakter deiner wahl den du nicht kontrollierst fügen sich gegenseitig schaden in höhe Ihrer Stärke zu.",,,,2,,,1,"October 27, 2025 5:21 PM",Common,Internal Playtesting (https://www.notion.so/Internal-Playtesting-29895bba56ba80729756daaaa59bd560?pvs=21),Yes,Export,,,
Elementare Täuschung,,AC17 (https://www.notion.so/AC17-28695bba56ba8167b703ef5d3cf9b27a?pvs=21),No,Aqua (https://www.notion.so/Aqua-8c3b1bb2cc364f6ba274d390ac8d3800?pvs=21),Slain,"November 27, 2023 1:51 PM","Niemand vermag es, den Schleier Aquas völlig zu durchblicken.",219,,Ereignis (https://www.notion.so/Ereignis-88e179fa1fd740499a32ee3ed4377596?pvs=21),"Ein <kind>Charakter</kind> Deiner Wahl ist in diesem <key>Zug</key> <ability>Unblockbar</ability>. <desc>Der <kind>Charakter</kind> kann nicht <key>geblockt</key> werden.</desc> Ist er nicht vom <key>Element</key> <aqua/>, kann er nur <kind>Charaktere</kind> und <kind>Manifestationen</kind> <key>angreifen</key>.","Ein Charakter deiner wahl, ist in diesen Zug unblockbar. Ist er nicht vom Element Aqua kann er nur Charakter und Manifestationen angreifen. ",,,2,,,,2,"October 27, 2025 4:38 PM",Common,"Alpha Set  (https://www.notion.so/Alpha-Set-22495bba56ba80dea926d7979a373c53?pvs=21), Internal Playtesting (https://www.notion.so/Internal-Playtesting-29895bba56ba80729756daaaa59bd560?pvs=21), TCG Arena (https://www.notion.so/TCG-Arena-29995bba56ba8075ab9efa1a1e76ba80?pvs=21)",Yes,TCG Arena,,,
Das Gleichgewicht wahren,,MC15 (https://www.notion.so/MC15-28695bba56ba81298a49cb80760b18aa?pvs=21),No,Magica (https://www.notion.so/Magica-ba80d98941c8405d875cb3e6fdb6bf34?pvs=21),Slain,"November 27, 2023 1:53 PM",,220,,Ereignis (https://www.notion.so/Ereignis-88e179fa1fd740499a32ee3ed4377596?pvs=21),"Sofort spielbar
Verhindere, dass ein Charakter, ein Ereignis oder eine Manifestation ins Spiel kommt, wenn der Gegner nicht X zahlt.","Sofort spielbar
Verhindere, dass ein Charakter, ein Ereignis oder eine Manifestation ins Spiel kommt, wenn der Gegner nicht X zahlt.",,,,,2,,X,"October 27, 2025 5:22 PM",Common,Internal Playtesting (https://www.notion.so/Internal-Playtesting-29895bba56ba80729756daaaa59bd560?pvs=21),Yes,Export,,,
“Halt!”,,MC10 (https://www.notion.so/MC10-28695bba56ba81ef8034fac807c9c65b?pvs=21),No,Magica (https://www.notion.so/Magica-ba80d98941c8405d875cb3e6fdb6bf34?pvs=21),Slain,"November 27, 2023 1:54 PM","Vielleicht schützt die Torwache nicht die Stadt vor uns – sondern uns vor dem, was jenseits liegt. Vielleicht fürchten sie nicht uns, sondern wir, was dahinter lauert.",221,,Ereignis (https://www.notion.so/Ereignis-88e179fa1fd740499a32ee3ed4377596?pvs=21),"<ability>Sofort spielbar</ability> <desc>Du darfst <self>mich</self> jederzeit spielen.</desc>
Verhindere, dass ein <kind>Charakter</kind> ins <key>Spiel</key> kommt. Diese <kind>Karte</kind> bleibt auf der Hand des Besitzers und darf in diesem Zug nicht mehr ausgespielt werden. ","Sofort spielbar
Verhindere, dass ein Charakter ins Spiel kommt.
Die gezielte bleibt auf der Hand und darf in diesem Zug nicht mehr ausgespielt werden. ",,,,,2,,1,"October 27, 2025 4:38 PM",Common,"Internal Playtesting (https://www.notion.so/Internal-Playtesting-29895bba56ba80729756daaaa59bd560?pvs=21), TCG Arena (https://www.notion.so/TCG-Arena-29995bba56ba8075ab9efa1a1e76ba80?pvs=21)",Yes,TCG Arena,,,
Magiezucken,,MC13 (https://www.notion.so/MC13-28695bba56ba8111b8d0dde5aef5cb60?pvs=21),No,Magica (https://www.notion.so/Magica-ba80d98941c8405d875cb3e6fdb6bf34?pvs=21),Slain,"November 27, 2023 1:55 PM",,222,,Ereignis (https://www.notion.so/Ereignis-88e179fa1fd740499a32ee3ed4377596?pvs=21),"<ability>Sofort spielbar</ability> <desc>Du darfst <self>mich</self> jederzeit spielen.</desc>
Verhindere, dass ein <kind>Ereignis</kind> oder eine <kind>Manifestation</kind> ins Spiel kommt, wenn dessen Urheber nicht <unshaped3/> ausgibt. Die verhinderte <kind>Karte</kind> wird in den <zone>Friedhof</zone> gelegt.","Sofort spielbar
Verhindere, dass ein Charakter, ein Ereignis oder eine Manifestation ins Spiel kommt, wenn dessen Urheber nicht 3 Elemente ausgibt.
(Die verhinderte Karte wird in den Friedhof gelegt.)",,,,,2,,,"October 27, 2025 4:38 PM",Common,"Internal Playtesting (https://www.notion.so/Internal-Playtesting-29895bba56ba80729756daaaa59bd560?pvs=21), TCG Arena (https://www.notion.so/TCG-Arena-29995bba56ba8075ab9efa1a1e76ba80?pvs=21)",Yes,TCG Arena,,,
Vorstürmen,,TC19 (https://www.notion.so/TC19-28695bba56ba81a186a2e8c2e923bdf1?pvs=21),No,Terra (https://www.notion.so/Terra-a6762ab5136d4598aafb8d77da6be70f?pvs=21),Slain,"November 27, 2023 1:56 PM",,223,,Ereignis (https://www.notion.so/Ereignis-88e179fa1fd740499a32ee3ed4377596?pvs=21),Lege die oberste <key>Karte</key> von Deinem <zone>Deck</zone> als <key>Elementarkarte</key> in Deine <zone>Elementarzone</zone>.,Lege die oberste Karte von deinem Deck als Elementarkarte in deine Elementarzone.,,,,,,1,1,"October 27, 2025 4:38 PM",Common,"Internal Playtesting (https://www.notion.so/Internal-Playtesting-29895bba56ba80729756daaaa59bd560?pvs=21), TCG Arena (https://www.notion.so/TCG-Arena-29995bba56ba8075ab9efa1a1e76ba80?pvs=21)",Yes,TCG Arena,,,
Nachwachsen,,,No,Terra (https://www.notion.so/Terra-a6762ab5136d4598aafb8d77da6be70f?pvs=21),Slain,"November 27, 2023 1:56 PM","Wo Terra will, wächst Hoffnung selbst aus toter Asche.",224,,Ereignis (https://www.notion.so/Ereignis-88e179fa1fd740499a32ee3ed4377596?pvs=21),"<ability>Sofort spielbar</ability> <desc>Du darfst <self>mich</self> jederzeit spielen.</desc>
Bringe einen befreundeten <kind>Charakter</kind>, der diesen <key>Zug</key> <key>gestorben</key> ist, vom <zone>Friedhof</zone> in <key>Angriffsposition</key> zurück aufs <zone>Feld</zone>.","Sofort spielbar
Bringe einen Charakter, der diesen Zug gestorben ist vom Friedhof in Angrffsposition zurück aufs Feld",,,,,,2,1,"October 27, 2025 4:38 PM",,"Alpha Set  (https://www.notion.so/Alpha-Set-22495bba56ba80dea926d7979a373c53?pvs=21), TCG Arena (https://www.notion.so/TCG-Arena-29995bba56ba8075ab9efa1a1e76ba80?pvs=21)",No,TCG Arena,,,
Mystische Frucht Terras,,,No,Terra (https://www.notion.so/Terra-a6762ab5136d4598aafb8d77da6be70f?pvs=21),Slain,"November 27, 2023 2:00 PM",,225,,Ereignis (https://www.notion.so/Ereignis-88e179fa1fd740499a32ee3ed4377596?pvs=21),"<ability>Sofort spielbar</ability> <desc>Du darfst <self>mich</self> jederzeit spielen.</desc>
Ein <kind>Charakter</kind> erhält bis <key>Zugende</key> entweder <stats>+30/+0</stats> oder <stats>+0/+30</stats>.","Sofort spielbar
Ein Charakter erhält 30 Angriff oder 30 Verteidigung bis zum Ende des Zuges.",,,,,,2,2,"August 17, 2025 7:16 PM",,,No,Playtest,,,
Die Sanduhr drehen,,EC22 (https://www.notion.so/EC22-28695bba56ba81659253e435c3345312?pvs=21),No,Aeris (https://www.notion.so/Aeris-5996f3899d7740fc809fe30a652d20c6?pvs=21),Slain,"November 27, 2023 2:02 PM",,226,,Ereignis (https://www.notion.so/Ereignis-88e179fa1fd740499a32ee3ed4377596?pvs=21),"<key>Ziehe</key> 2 <key>Karten</key>, dann lege 2 <key>Karten</key> aus Deiner <zone>Hand</zone> unter Dein <zone>Deck</zone>.","Ziehe 2 Karten, dann leg 2 Karten aus deiner Hand unter dein Deck",,1,,,,,1,"October 27, 2025 4:38 PM",Common,"Internal Playtesting (https://www.notion.so/Internal-Playtesting-29895bba56ba80729756daaaa59bd560?pvs=21), TCG Arena (https://www.notion.so/TCG-Arena-29995bba56ba8075ab9efa1a1e76ba80?pvs=21)",Yes,TCG Arena,,,
Schubsen,,AC13 (https://www.notion.so/AC13-28695bba56ba81279572fe7f9e254751?pvs=21),No,Aqua (https://www.notion.so/Aqua-8c3b1bb2cc364f6ba274d390ac8d3800?pvs=21),Slain,"November 27, 2023 2:04 PM",,227,,Ereignis (https://www.notion.so/Ereignis-88e179fa1fd740499a32ee3ed4377596?pvs=21),Bringe einen Charakter deiner Wahl zurück auf die Hand ihres Besitzers,Bringe einen Charakter deiner Wahl zurück auf die Hand ihres Besitzers,,,2,,,,2,"October 27, 2025 5:22 PM",Common,Internal Playtesting (https://www.notion.so/Internal-Playtesting-29895bba56ba80729756daaaa59bd560?pvs=21),Yes,Export,,,
Schneller Stoß,,,No,Aqua (https://www.notion.so/Aqua-8c3b1bb2cc364f6ba274d390ac8d3800?pvs=21),Slain,"November 27, 2023 2:05 PM",,228,Erste Ideen,Ereignis (https://www.notion.so/Ereignis-88e179fa1fd740499a32ee3ed4377596?pvs=21),,"Sofort Spielbar,
Bringe eine Charakterkarte zurück auf die Hand ihres Besitzers",,,,,,,,"August 10, 2025 8:22 PM",,,No,Backup,,,
Irreführung,,AC18 (https://www.notion.so/AC18-28695bba56ba81b6b221e4a1c98cf18e?pvs=21),No,Aqua (https://www.notion.so/Aqua-8c3b1bb2cc364f6ba274d390ac8d3800?pvs=21),Slain,"November 27, 2023 2:07 PM",,229,,Ereignis (https://www.notion.so/Ereignis-88e179fa1fd740499a32ee3ed4377596?pvs=21),"<ability>Sofort spielbar</ability> <desc>Du darfst <self>mich</self> jederzeit spielen.</desc>
Ändere das <key>Angriffsziel</key> eines <kind>Charakters</kind>.","Sofort Spielbar
Ändere das Angriffsziel eines Charakters",,,2,,,,2,"October 26, 2025 7:25 PM",Common,Internal Playtesting (https://www.notion.so/Internal-Playtesting-29895bba56ba80729756daaaa59bd560?pvs=21),Yes,Export,,,
Lona,,,No,Ignis (https://www.notion.so/Ignis-ca68b053cd74404a8fa85893e505b753?pvs=21),Slain,"November 27, 2023 2:08 PM",,230,Erste Ideen,Charakter (https://www.notion.so/Charakter-cdfda7ca52aa435bbb22610007798d2f?pvs=21),,"Elementarvolk, Lona",,,,,,,,"August 10, 2025 8:22 PM",,,No,Backup,35,,20
Shir Tanar,,,No,Aeris (https://www.notion.so/Aeris-5996f3899d7740fc809fe30a652d20c6?pvs=21),Slain,"November 27, 2023 2:09 PM",,231,Erste Ideen,Charakter (https://www.notion.so/Charakter-cdfda7ca52aa435bbb22610007798d2f?pvs=21),,"Elementarvolk, Shir Tanar",,,,,,,,"August 10, 2025 8:22 PM",,,No,Backup,35,,20
Linesti,,,No,Aqua (https://www.notion.so/Aqua-8c3b1bb2cc364f6ba274d390ac8d3800?pvs=21),Slain,"November 27, 2023 2:10 PM",,232,Erste Ideen,Charakter (https://www.notion.so/Charakter-cdfda7ca52aa435bbb22610007798d2f?pvs=21),,"Elementarvolk, Linesti",,,,,,,,"August 10, 2025 8:22 PM",,,No,Backup,30,,30
Eliondar,,,No,Magica (https://www.notion.so/Magica-ba80d98941c8405d875cb3e6fdb6bf34?pvs=21),Slain,"November 27, 2023 2:11 PM",,233,Erste Ideen,Charakter (https://www.notion.so/Charakter-cdfda7ca52aa435bbb22610007798d2f?pvs=21),,"Elementarvolk, Eliondar",,,,,,,,"August 10, 2025 8:22 PM",,,No,Backup,20,,35
Boro Mardar,,,No,Terra (https://www.notion.so/Terra-a6762ab5136d4598aafb8d77da6be70f?pvs=21),Slain,"November 27, 2023 2:11 PM",,234,Erste Ideen,Charakter (https://www.notion.so/Charakter-cdfda7ca52aa435bbb22610007798d2f?pvs=21),,"Elementarvolk, Boro Madar",,,,,,,,"August 10, 2025 8:22 PM",,,No,Backup,20,,35
Feuertänzerin,,IC07 (https://www.notion.so/IC07-28695bba56ba813fa60cea00bc77e067?pvs=21),No,Ignis (https://www.notion.so/Ignis-ca68b053cd74404a8fa85893e505b753?pvs=21),Slain,"November 27, 2023 2:12 PM",,235,,Charakter (https://www.notion.so/Charakter-cdfda7ca52aa435bbb22610007798d2f?pvs=21),"Zu Beginn Deiner <phase>Angriffsphase</phase> darfst Du entscheiden, dass <self>ich</self> nicht <key>angreife</key>. Dafür erhalten alle <key>befreundeten</key> <ignis>-Angreifer bis <key>Zugende</key> <stats>+15/+0</stats>.","Zu beginn deiner Angriffsphase darfst du dich entscheiden, dass ich nicht angreife, dafür erhalten alle befreundeten Ignis-Angreifer +15/0 bis zum Ende des Zuges.",Gefolge (https://www.notion.so/Gefolge-d8ea55c1066e4abbb15b1b371bd0f320?pvs=21),,,2,,,2,"October 27, 2025 4:38 PM",Common,"Internal Playtesting (https://www.notion.so/Internal-Playtesting-29895bba56ba80729756daaaa59bd560?pvs=21), TCG Arena (https://www.notion.so/TCG-Arena-29995bba56ba8075ab9efa1a1e76ba80?pvs=21)",Yes,TCG Arena,20/20,,20/20
Flammentanz,,IC21 (https://www.notion.so/IC21-28695bba56ba81869b53c146fee25c77?pvs=21),No,Ignis (https://www.notion.so/Ignis-ca68b053cd74404a8fa85893e505b753?pvs=21),Slain,"November 27, 2023 2:16 PM",,237,,Ereignis (https://www.notion.so/Ereignis-88e179fa1fd740499a32ee3ed4377596?pvs=21),Zerstöre eine Schildkarte,Zerstöre eine Schildkarte,,,,4,,,4,"October 27, 2025 5:22 PM",Common,Internal Playtesting (https://www.notion.so/Internal-Playtesting-29895bba56ba80729756daaaa59bd560?pvs=21),Yes,Export,,,
Zeitsprung,,,No,Aeris (https://www.notion.so/Aeris-5996f3899d7740fc809fe30a652d20c6?pvs=21),Slain,"November 27, 2023 2:17 PM",,238,Erste Ideen,Ereignis (https://www.notion.so/Ereignis-88e179fa1fd740499a32ee3ed4377596?pvs=21),,Mische alle Charaktere und Manifestationen in des Deck des Besitzers zurück.,,,,,,,,"August 10, 2025 8:22 PM",,,No,Backup,,,
Kriegslist,,,No,Aqua (https://www.notion.so/Aqua-8c3b1bb2cc364f6ba274d390ac8d3800?pvs=21),Slain,"November 27, 2023 2:19 PM",,239,Erste Ideen,Ereignis (https://www.notion.so/Ereignis-88e179fa1fd740499a32ee3ed4377596?pvs=21),,Schicke jeden Charakter auf die Hand seines Besitzers zurück.,,,,,,,,"August 10, 2025 8:22 PM",,,No,Backup,,,
Sternenfall,,,No,Magica (https://www.notion.so/Magica-ba80d98941c8405d875cb3e6fdb6bf34?pvs=21),Slain,"November 27, 2023 2:20 PM",,240,Erste Ideen,Ereignis (https://www.notion.so/Ereignis-88e179fa1fd740499a32ee3ed4377596?pvs=21),,Du erhälst nach diesem Zug einen Extrazug,,,,,,,,"August 10, 2025 8:22 PM",,,No,Backup,,,
Den Schmerz tragen,,,No,Terra (https://www.notion.so/Terra-a6762ab5136d4598aafb8d77da6be70f?pvs=21),Slain,"November 27, 2023 2:24 PM",,242,Erste Ideen,Ereignis (https://www.notion.so/Ereignis-88e179fa1fd740499a32ee3ed4377596?pvs=21),,Bringe alle Charaktere aus allen Friedhöfen unter der Kontrolle ihrer Besitzer ins Spiel,,,,,,,,"August 10, 2025 8:22 PM",,,No,Backup,,,
Waffenmeister Aeris,,,No,Aeris (https://www.notion.so/Aeris-5996f3899d7740fc809fe30a652d20c6?pvs=21),Slain,"December 7, 2023 9:01 PM",,244,Erste Ideen,Charakter (https://www.notion.so/Charakter-cdfda7ca52aa435bbb22610007798d2f?pvs=21),,"Waffenmeister
Wenn er sich im Kampf mit nur einem Charakter befindet, erhält er +30 Angriff und +30 Verteidigung",,,,,,,,"August 10, 2025 8:22 PM",,,No,Backup,25,,25
Kind des Windes,,,No,Aeris (https://www.notion.so/Aeris-5996f3899d7740fc809fe30a652d20c6?pvs=21),Timon,"December 11, 2023 9:30 AM",,245,Erste Ideen,Charakter (https://www.notion.so/Charakter-cdfda7ca52aa435bbb22610007798d2f?pvs=21),,Zu Beginn deines Zuges: Zeige die oberste Karte von deinem Deck vor. Kind des Windes erhält Angriffspunkte 10X den Elementarkosten bis zum Ende deines Zuges. Lege die vorgezeigte Karte entweder auf oder unter das Deck.,,,,,,,,"August 10, 2025 8:22 PM",,,No,Backup,10,,10
Kraftkugelsammler,,,No,Ungeprägt (https://www.notion.so/Ungepr-gt-2fd48ac2c29b47108245679f33342673?pvs=21),Timon,"December 11, 2023 2:25 PM",Ihr Besitz gilt als Verbrechen in vielen Reichen. Und trotzdem muss er sie alle besitzen.,246,,Charakter (https://www.notion.so/Charakter-cdfda7ca52aa435bbb22610007798d2f?pvs=21),"Am Ende Deines <key>Zuges</key> kannst Du eine <name>Kraftkugel</name> aus Deinem <zone>Friedhof</zone> ins <key>Exil</key> schicken. Durchsuche dann Dein <zone>Deck</zone> nach einer <name>Kraftkugel</name> eines anderen <key>Elements</key>, zeige sie offen vor und nimm sie auf Deine <zone>Hand</zone>.","Am Ende deines Zuges kannst du eine Kraftkugel aus deinem Friedhof aus dem Spiel entfernen. Durchsuche dann dein Deck nach einer Kraftkugel eines anderen Elements, zeige sie offen vor und nimm sie auf deine Hand. Mische danach dein Deck.",Schurke (https://www.notion.so/Schurke-1e195bba56ba806fa7aced1705844813?pvs=21),,,,,,3,"October 27, 2025 4:38 PM",,"Alpha Set  (https://www.notion.so/Alpha-Set-22495bba56ba80dea926d7979a373c53?pvs=21), TCG Arena (https://www.notion.so/TCG-Arena-29995bba56ba8075ab9efa1a1e76ba80?pvs=21)",No,TCG Arena,10/20,,10/30
Waffenmeister Magica,,,No,Magica (https://www.notion.so/Magica-ba80d98941c8405d875cb3e6fdb6bf34?pvs=21),Slain,"December 11, 2023 8:16 PM",,249,Erste Ideen,Charakter (https://www.notion.so/Charakter-cdfda7ca52aa435bbb22610007798d2f?pvs=21),,"Waffenmeister
Wenn er sich im Kampf mit nur einem Charakter befindet, erhält er +30 Angriff und +30 Verteidigung",,,,,,,,"August 10, 2025 8:22 PM",,,No,Backup,25,,25
Waffenmeister Terra,,,No,Terra (https://www.notion.so/Terra-a6762ab5136d4598aafb8d77da6be70f?pvs=21),Slain,"December 11, 2023 8:16 PM",,250,Erste Ideen,Charakter (https://www.notion.so/Charakter-cdfda7ca52aa435bbb22610007798d2f?pvs=21),,"Waffenmeister
Wenn er sich im Kampf mit nur einem Charakter befindet, erhält er +30 Angriff und +30 Verteidigung",,,,,,,,"August 10, 2025 8:22 PM",,,No,Backup,25,,25
Waffenmeister von Ignis,,,No,Ignis (https://www.notion.so/Ignis-ca68b053cd74404a8fa85893e505b753?pvs=21),Slain,"December 11, 2023 8:16 PM",,251,Erste Ideen,Charakter (https://www.notion.so/Charakter-cdfda7ca52aa435bbb22610007798d2f?pvs=21),,"Waffenmeister
Wenn er sich im Kampf mit nur einem Charakter befindet, erhält er +30 Angriff und +30 Verteidigung",,,,,,,,"August 10, 2025 8:22 PM",,,No,Backup,25,,25
Waffenmeister Aqua,,,No,Aqua (https://www.notion.so/Aqua-8c3b1bb2cc364f6ba274d390ac8d3800?pvs=21),Slain,"December 11, 2023 8:16 PM",,252,Erste Ideen,Charakter (https://www.notion.so/Charakter-cdfda7ca52aa435bbb22610007798d2f?pvs=21),,"Waffenmeister
Wenn er sich im Kampf mit nur einem Charakter befindet, erhält er +30 Angriff und +30 Verteidigung",,,,,,,,"August 10, 2025 8:22 PM",,,No,Backup,25,,25
Arena der Waffenmeister,,,No,Ungeprägt (https://www.notion.so/Ungepr-gt-2fd48ac2c29b47108245679f33342673?pvs=21),Slain,"December 11, 2023 8:18 PM",,253,Erste Ideen,Manifestation (https://www.notion.so/Manifestation-01fa783543da4ed2964edb521e465bd0?pvs=21),,"Solange die Arena der Waffenmeister im Spiel ist, erhält kein Waffenmeister Kampfschaden",,,,,,,,"August 10, 2025 8:22 PM",,,No,Backup,,1,
Schreckensklinge der Jagd,,,No,Aeris (https://www.notion.so/Aeris-5996f3899d7740fc809fe30a652d20c6?pvs=21),Slain,"December 11, 2023 8:21 PM",,254,Erste Ideen,Charakter (https://www.notion.so/Charakter-cdfda7ca52aa435bbb22610007798d2f?pvs=21),,"Schreckensklinge, Bündnispartner
Jeder Charakter wird vernichtet, der durch eine Schreckensklinge Schaden bekommen hat.",,,,,,,,"August 10, 2025 8:22 PM",,,No,Backup,35,,20
Schreckensklinge des Traums,,,No,Aqua (https://www.notion.so/Aqua-8c3b1bb2cc364f6ba274d390ac8d3800?pvs=21),Slain,"December 11, 2023 8:23 PM",,255,Erste Ideen,Charakter (https://www.notion.so/Charakter-cdfda7ca52aa435bbb22610007798d2f?pvs=21),,"Schreckensklinge, Bündnispartner
Jeder Charakter wird vernichtet, der durch eine Schreckensklinge Schaden bekommen hat.",,,,,,,,"August 10, 2025 8:22 PM",,,No,Backup,20,,35
Spontane Kreativität,,AC14 (https://www.notion.so/AC14-28695bba56ba819cb60be51a5ac3d6c2?pvs=21),No,Aqua (https://www.notion.so/Aqua-8c3b1bb2cc364f6ba274d390ac8d3800?pvs=21),Slain,"December 11, 2023 8:29 PM",,257,,Ereignis (https://www.notion.so/Ereignis-88e179fa1fd740499a32ee3ed4377596?pvs=21),"<ability>Sofort spielbar</ability> <desc>Du darfst <self>mich</self> jederzeit spielen.</desc>
Tausche die <key>Angriffs-</key> und <key>Verteidigungswerte</key> eines <kind>Charakters</kind> bis <key>Zugende</key>.","Sofort spielbar
Tausche Angriffs und Verteidigungswert eines Charakters bis zum Ende des Zuges",,,1,,,,2,"October 26, 2025 7:20 PM",Common,Internal Playtesting (https://www.notion.so/Internal-Playtesting-29895bba56ba80729756daaaa59bd560?pvs=21),Yes,Export,,,
Bündnisschrein,,,No,"Aqua (https://www.notion.so/Aqua-8c3b1bb2cc364f6ba274d390ac8d3800?pvs=21), Aeris (https://www.notion.so/Aeris-5996f3899d7740fc809fe30a652d20c6?pvs=21)",Slain,"December 11, 2023 8:32 PM",,258,Erste Ideen,Manifestation (https://www.notion.so/Manifestation-01fa783543da4ed2964edb521e465bd0?pvs=21),,"Solange der Bündnisschrein im Spiel ist, erhalten alle Bündnispartner +15 Angriff und +15 Verteidigung",,,,,,,,"August 10, 2025 8:22 PM",,,No,Backup,,1,
Marius Menzen,,,Yes,Aqua (https://www.notion.so/Aqua-8c3b1bb2cc364f6ba274d390ac8d3800?pvs=21),Slain,"December 11, 2023 8:39 PM",,259,Erste Ideen,Charakter (https://www.notion.so/Charakter-cdfda7ca52aa435bbb22610007798d2f?pvs=21),,"Einzigartig, Schreckensklinge, Bündnispartner, Eisern, Säulen des Südens, Kleriker
Wenn Marius Menzen nicht geblockt wird, erhält er +15 Angriff ",,,,,,,,"August 10, 2025 8:22 PM",,,No,Backup,35,,20
Aeris-Duellant,,,No,Aeris (https://www.notion.so/Aeris-5996f3899d7740fc809fe30a652d20c6?pvs=21),Slain,"December 11, 2023 8:51 PM",,260,,Charakter (https://www.notion.so/Charakter-cdfda7ca52aa435bbb22610007798d2f?pvs=21),,"Angreifer.
Darf nur Charaktere angreifen.",Krieger (https://www.notion.so/Krieger-86700da5b47d4073ae8e37cc896f9162?pvs=21),1,,,,,1,"August 15, 2025 7:20 PM",,,No,Neu,30/20,,-/-
Magica-Duellant,,,No,Magica (https://www.notion.so/Magica-ba80d98941c8405d875cb3e6fdb6bf34?pvs=21),Slain,"December 11, 2023 8:55 PM",,262,Erste Ideen,Charakter (https://www.notion.so/Charakter-cdfda7ca52aa435bbb22610007798d2f?pvs=21),,Angreifer,,,,,,,,"August 10, 2025 8:22 PM",,,No,Backup,35,,5
Terra-Duellant,,,No,Terra (https://www.notion.so/Terra-a6762ab5136d4598aafb8d77da6be70f?pvs=21),Slain,"December 11, 2023 8:55 PM",,263,Erste Ideen,Charakter (https://www.notion.so/Charakter-cdfda7ca52aa435bbb22610007798d2f?pvs=21),,Angreifer,,,,,,,,"August 10, 2025 8:22 PM",,,No,Backup,35,,5
Ignis-Duellant,,,No,Ignis (https://www.notion.so/Ignis-ca68b053cd74404a8fa85893e505b753?pvs=21),Slain,"December 11, 2023 8:55 PM",,264,Erste Ideen,Charakter (https://www.notion.so/Charakter-cdfda7ca52aa435bbb22610007798d2f?pvs=21),,Angreifer,,,,,,,,"August 10, 2025 8:22 PM",,,No,Backup,35,,5
Aqua-Duellant,,,No,Aqua (https://www.notion.so/Aqua-8c3b1bb2cc364f6ba274d390ac8d3800?pvs=21),Slain,"December 11, 2023 8:55 PM",,265,Erste Ideen,Charakter (https://www.notion.so/Charakter-cdfda7ca52aa435bbb22610007798d2f?pvs=21),,Angreifer,,,,,,,,"August 10, 2025 8:22 PM",,,No,Backup,35,,5
"Johannes von der Schaufel, der Duellant (alt)",,,Yes,Ignis (https://www.notion.so/Ignis-ca68b053cd74404a8fa85893e505b753?pvs=21),Slain,"December 11, 2023 9:32 PM",,266,,Charakter (https://www.notion.so/Charakter-cdfda7ca52aa435bbb22610007798d2f?pvs=21),,"Einzigartig, Krieger, Eisern, Wolfswacht
Darf nur Charaktere angreifen, Muss in Angriffsposition liegen
Johannes von der Schaufel kann nicht geblockt werden und muss immer den stärksten Gegner angreifen.",,,,,,,,"July 3, 2025 3:15 PM",,,No,Backup,55,,10
Fluch Mondenhains,,,No,Terra (https://www.notion.so/Terra-a6762ab5136d4598aafb8d77da6be70f?pvs=21),Slain,"December 14, 2023 9:56 PM",,268,Erste Ideen,Manifestation (https://www.notion.so/Manifestation-01fa783543da4ed2964edb521e465bd0?pvs=21),,"Nur Spielbar, wenn du ein Charakter aus Mondenhain im Spiel hast.
Der verfluchte Charakter kann nicht Angreifen oder Blocken",,,,,,,,"August 10, 2025 8:22 PM",,,No,Backup,,1,
Ignis-Fanatiker,,,No,Ignis (https://www.notion.so/Ignis-ca68b053cd74404a8fa85893e505b753?pvs=21),Timon,"December 16, 2023 2:46 PM",,271,,Charakter (https://www.notion.so/Charakter-cdfda7ca52aa435bbb22610007798d2f?pvs=21),"Als zusätzliche Kosten, um <self>mich</self> auszuspielen, lege 1 Karte von Deiner <zone>Hand</zone> unter Dein <zone>Deck</zone>. Jedes Mal, wenn <self>ich</self> <key>angreife</key>, <key>ziehe</key> eine <key>Karte</key>.","Als zusätzliche kosten, um mich auszuspielen, lege 1 Karte von deiner Hand unter das Deck. 
Jedes mal wenn ich angreife, ziehe eine Karte.",Krieger (https://www.notion.so/Krieger-86700da5b47d4073ae8e37cc896f9162?pvs=21),,,2,,,1,"October 27, 2025 4:38 PM",,TCG Arena (https://www.notion.so/TCG-Arena-29995bba56ba8075ab9efa1a1e76ba80?pvs=21),No,TCG Arena,30/30,,20/20
Eron von Grauenfurt (Alt),,,Yes,Ignis (https://www.notion.so/Ignis-ca68b053cd74404a8fa85893e505b753?pvs=21),Slain,"December 18, 2023 8:32 PM",,272,Erste Ideen,Charakter (https://www.notion.so/Charakter-cdfda7ca52aa435bbb22610007798d2f?pvs=21),,"Einzigartig, Eisern, Kleriker
Wenn Eron von Grauenfurt ins Spiel kommt, zerstören einen Charakter, der nicht Eisern ist.",,,,,,,,"August 10, 2025 8:22 PM",,,No,Backup,15,,30
"Meléthin, die stürmische Gefährtin",Meléthin Meluireth Elenil (https://www.notion.so/Mel-thin-Meluireth-Elenil-1cd95bba56ba808480dfca8f8856cea5?pvs=21),,Yes,Aeris (https://www.notion.so/Aeris-5996f3899d7740fc809fe30a652d20c6?pvs=21),Slain,"December 18, 2023 8:35 PM","“Gemeinsam entfesseln wir den Sturm, der die Verfemten verschlingen wird.”",273,,Charakter (https://www.notion.so/Charakter-cdfda7ca52aa435bbb22610007798d2f?pvs=21),"<self>Ich</self> kann nicht alleine <key>angreifen</key>. Wenn <self>ich</self> <key>angreife</key>, erhalten alle anderen <key>angreifenden</key> Charaktere bis <key>Zugende</key> <stats>+10/+10</stats>. <kind>Charaktere</kind> mit <key>Stärkewert</key> <stat>0</stat> dürfen <key>Angriffe</key> <key>deklarieren</key>.","Einzgartig
Ich kann nicht alleine angreifen.
Wenn ich angreife, erhalten alle anderen Angreifer +10/+10 bis zum ende des Zuges.
Charaktere mit Stärkewert “0” dürfen angriffe deklarieren.","Magier (https://www.notion.so/Magier-3a53f2f6a1ef426b8a25520ab3d354b1?pvs=21), Abenteurer (https://www.notion.so/Abenteurer-18c618e1fbc44737ad118d41cdbfa787?pvs=21)",2,,,,,2,"October 27, 2025 4:38 PM",,"Alpha Set  (https://www.notion.so/Alpha-Set-22495bba56ba80dea926d7979a373c53?pvs=21), TCG Arena (https://www.notion.so/TCG-Arena-29995bba56ba8075ab9efa1a1e76ba80?pvs=21)",Yes,TCG Arena,30/40,,30/40
Phillip Altdorf (Alt),,,Yes,Aeris (https://www.notion.so/Aeris-5996f3899d7740fc809fe30a652d20c6?pvs=21),Slain,"December 18, 2023 8:38 PM",,274,Erste Ideen,Charakter (https://www.notion.so/Charakter-cdfda7ca52aa435bbb22610007798d2f?pvs=21),,"Einzigartig, Krieger, Eisern, Säulen des Südens
Opfere Phillip Altdorf, wenn du ein Fey, Tierwesen oder Chaosanhänger im Spiel hast. 
Kann keine Magier angreifen.
Wenn Phillip Altdorf im Spiel ist, erhält [Keroth] + 20 Angriff und Verteidigung",,,,,,,,"August 10, 2025 8:22 PM",,,No,Backup,15,,25
Ecthelias,,,Yes,Aeris (https://www.notion.so/Aeris-5996f3899d7740fc809fe30a652d20c6?pvs=21),Slain,"December 18, 2023 8:45 PM",,275,Erste Ideen,Charakter (https://www.notion.so/Charakter-cdfda7ca52aa435bbb22610007798d2f?pvs=21),,"Einzigartig, Krieger, Schreckensklinge, Bündnispartner
Wenn Ecthelias im Spiel ist, erhalten alle anderen befreundeten Krieger +10 Angriff und Verteidigung",,,,,,,,"August 10, 2025 8:22 PM",,,No,Backup,25,,25
Archiv Cherin Tehilla Yadah de Rihanner,,,Yes,Aeris (https://www.notion.so/Aeris-5996f3899d7740fc809fe30a652d20c6?pvs=21),Slain,"December 18, 2023 8:47 PM",,276,Erste Ideen,Charakter (https://www.notion.so/Charakter-cdfda7ca52aa435bbb22610007798d2f?pvs=21),,"Einzigartig, Kleriker, Wölfe Bjaturs
Wenn Cherin Tehilla Yadah de Rihanner im Spiel ist, erhalten alle anderen befreundeten Kleriker +10 Angriff und Verteidigung",,,,,,,,"August 10, 2025 8:22 PM",,,No,Backup,30,,15
Aselhelm von der schwarzen Lilie,,,Yes,Ignis (https://www.notion.so/Ignis-ca68b053cd74404a8fa85893e505b753?pvs=21),Slain,"December 18, 2023 8:53 PM",,277,Erste Ideen,Charakter (https://www.notion.so/Charakter-cdfda7ca52aa435bbb22610007798d2f?pvs=21),,"Einzigartig, Krieger, Wolfswacht
Kann keine Magier angreifen
Wenn Aselhelm von der schwarzen Lilie angreift, erhalten alle anderen Angreifer +10 Angriff",,,,,,,,"August 10, 2025 8:22 PM",,,No,Backup,35,,20
Beolf von der Wolfswacht,,,Yes,Aqua (https://www.notion.so/Aqua-8c3b1bb2cc364f6ba274d390ac8d3800?pvs=21),Slain,"December 18, 2023 8:59 PM",,278,Erste Ideen,Charakter (https://www.notion.so/Charakter-cdfda7ca52aa435bbb22610007798d2f?pvs=21),,"Einzigartig, Krieger, Wolfswacht
Kann keine Magier angreifen.
Beolf von der Wolfswacht erhält +15 Angriff, wenn er mit einem anderem Charakter das selbe Ziel angreift",,,,,,,,"August 10, 2025 8:22 PM",,,No,Backup,20,,30
"Kadienor Edox, die Zeitwächterin",Kadienor Edox (https://www.notion.so/Kadienor-Edox-11d95bba56ba80469122df7b220bd66e?pvs=21),,Yes,Aeris (https://www.notion.so/Aeris-5996f3899d7740fc809fe30a652d20c6?pvs=21),Slain,"December 18, 2023 9:04 PM","Sie vermag es, die Echos der Vergangenheit in die Gegenwart zu holen.",279,,Charakter (https://www.notion.so/Charakter-cdfda7ca52aa435bbb22610007798d2f?pvs=21),"Wenn <self>ich</self> das <zone>Feld</zone> <key>betrete</key>, nimm ein zufälliges <kind>Ereignis</kind> aus Deinem <zone>Friedhof</zone> auf Deine <zone>Hand</zone>.","Einzigartig,
Wenn ich das Feld betrete, nimm eine zufällige Ereigniskarte aus deinem Friedhof auf deine Hand.",Magier (https://www.notion.so/Magier-3a53f2f6a1ef426b8a25520ab3d354b1?pvs=21),2,,,,,1,"October 27, 2025 4:38 PM",,"Alpha Set  (https://www.notion.so/Alpha-Set-22495bba56ba80dea926d7979a373c53?pvs=21), TCG Arena (https://www.notion.so/TCG-Arena-29995bba56ba8075ab9efa1a1e76ba80?pvs=21)",Yes,TCG Arena,20/10,,20/20
Tekkadahn,,,Yes,Terra (https://www.notion.so/Terra-a6762ab5136d4598aafb8d77da6be70f?pvs=21),Slain,"December 18, 2023 9:06 PM",,280,Erste Ideen,Charakter (https://www.notion.so/Charakter-cdfda7ca52aa435bbb22610007798d2f?pvs=21),,"Einzigartig, Waffenmeister, Tierwesen, Mondenhain
Wenn Tekkadahn alleine angreift, erhält er +25 Angriff",,,,,,,,"August 10, 2025 8:22 PM",,,No,Backup,40,,20
Stärke der Gemeinschaft,,,No,Ignis (https://www.notion.so/Ignis-ca68b053cd74404a8fa85893e505b753?pvs=21),Slain,"December 18, 2023 9:09 PM",,281,Erste Ideen,Manifestation (https://www.notion.so/Manifestation-01fa783543da4ed2964edb521e465bd0?pvs=21),,"Immer wenn ein Mitglied einer Gruppe angreift oder verteidigt, erhält es für jedes andere Mitglied der selben Gruppe, das angreift oder verteidigt, +5 Angriff und Verteidigung ",,,,,,,,"August 10, 2025 8:22 PM",,,No,Backup,,1,
Sheewa Mondblut,,,Yes,Terra (https://www.notion.so/Terra-a6762ab5136d4598aafb8d77da6be70f?pvs=21),Slain,"December 18, 2023 9:13 PM",,283,Erste Ideen,Charakter (https://www.notion.so/Charakter-cdfda7ca52aa435bbb22610007798d2f?pvs=21),,"Einzigartig, Tierwesen, Mondenhain
Sheewa Mondblut erhält +15 Angriff und Verteidigung, wenn du ein Narech Tuloch im Spiel hast.",,,,,,,,"August 10, 2025 8:22 PM",,,No,Backup,20,,20
Kardes (Alt),,,Yes,Terra (https://www.notion.so/Terra-a6762ab5136d4598aafb8d77da6be70f?pvs=21),Slain,"December 18, 2023 9:17 PM",,284,Erste Ideen,Charakter (https://www.notion.so/Charakter-cdfda7ca52aa435bbb22610007798d2f?pvs=21),,"Einzigartig, Mondenhain
Wenn Kardes in Angriffsposition liegt, erhalten alle deine Verteidiger +15 Verteidigung",,,,,,,,"August 10, 2025 8:22 PM",,,No,Backup,20,,20
Iriel-Elisha,,TC07 (https://www.notion.so/TC07-28695bba56ba814b8c89eba02dfaae87?pvs=21),Yes,Terra (https://www.notion.so/Terra-a6762ab5136d4598aafb8d77da6be70f?pvs=21),Slain,"December 18, 2023 9:21 PM",,285,Erste Ideen,Charakter (https://www.notion.so/Charakter-cdfda7ca52aa435bbb22610007798d2f?pvs=21),Nachschub,Nachschub,Abenteurer (https://www.notion.so/Abenteurer-18c618e1fbc44737ad118d41cdbfa787?pvs=21),,,,,2,2,"October 27, 2025 5:22 PM",Common,Internal Playtesting (https://www.notion.so/Internal-Playtesting-29895bba56ba80729756daaaa59bd560?pvs=21),Yes,Export,30/35,,30/35
Ir’yenn,,,Yes,Aeris (https://www.notion.so/Aeris-5996f3899d7740fc809fe30a652d20c6?pvs=21),Slain,"December 18, 2023 9:26 PM",,286,Erste Ideen,Charakter (https://www.notion.so/Charakter-cdfda7ca52aa435bbb22610007798d2f?pvs=21),,"Einzigartig, Verteidiger,
Wenn Ir’yenn in Spiel kommt, zerstöre alle Archonten.
Wenn du Iriel-Elisha kontrollierst, erhält Ir’yenn +15 Angriff und Verteidigung, und kann nicht angegriffen werden",,,,,,,,"August 10, 2025 8:22 PM",,,No,Backup,5,,5
Sirka Sorlissos (Alt),,,No,Terra (https://www.notion.so/Terra-a6762ab5136d4598aafb8d77da6be70f?pvs=21),Slain,"December 18, 2023 9:31 PM",,287,Erste Ideen,Charakter (https://www.notion.so/Charakter-cdfda7ca52aa435bbb22610007798d2f?pvs=21),,"Enzigartig, Yoah-Tan, Magier, Amaroqianer
Zu Beginn deines Zuges kannst du einen anderen Charakter opfern. Wenn du dies tust, ziehe eine Karte",,,,,,,,"August 10, 2025 8:22 PM",,,No,Backup,25,,20
Eisernes Aeriskind,,,No,Aeris (https://www.notion.so/Aeris-5996f3899d7740fc809fe30a652d20c6?pvs=21),Slain,"December 18, 2023 9:48 PM",,288,Erste Ideen,Charakter (https://www.notion.so/Charakter-cdfda7ca52aa435bbb22610007798d2f?pvs=21),,"Eisern
",,,,,,,,"August 10, 2025 8:22 PM",,,No,Backup,25,,10
Eisernes Aquakind,,,No,Aqua (https://www.notion.so/Aqua-8c3b1bb2cc364f6ba274d390ac8d3800?pvs=21),Slain,"December 18, 2023 9:51 PM",,291,Erste Ideen,Charakter (https://www.notion.so/Charakter-cdfda7ca52aa435bbb22610007798d2f?pvs=21),,"Eisern
",,,,,,,,"August 10, 2025 8:22 PM",,,No,Backup,25,,10
Eisernes Terrakind,,,No,Terra (https://www.notion.so/Terra-a6762ab5136d4598aafb8d77da6be70f?pvs=21),Slain,"December 18, 2023 9:51 PM",,292,,Charakter (https://www.notion.so/Charakter-cdfda7ca52aa435bbb22610007798d2f?pvs=21),<ability>Positionswechsel</ability> <desc>Ich darf stattdessen in der <phase>Hauptphase</phase> <self>meine</self> <key>Position</key> ändern.</desc>,Positionswechsel,Soldat (https://www.notion.so/Soldat-16a95bba56ba80a0a97af872ec32e686?pvs=21),,,,,2,1,"October 27, 2025 4:38 PM",,TCG Arena (https://www.notion.so/TCG-Arena-29995bba56ba8075ab9efa1a1e76ba80?pvs=21),No,TCG Arena,20/20,,15/25
Eisernes Magicakind,,,No,Magica (https://www.notion.so/Magica-ba80d98941c8405d875cb3e6fdb6bf34?pvs=21),Slain,"December 18, 2023 9:51 PM",,293,Erste Ideen,Charakter (https://www.notion.so/Charakter-cdfda7ca52aa435bbb22610007798d2f?pvs=21),,"Eisern
",,,,,,,,"August 10, 2025 8:22 PM",,,No,Backup,25,,10
Eisernes Igniskind,,,No,Ignis (https://www.notion.so/Ignis-ca68b053cd74404a8fa85893e505b753?pvs=21),Slain,"December 18, 2023 9:51 PM",,294,Erste Ideen,Charakter (https://www.notion.so/Charakter-cdfda7ca52aa435bbb22610007798d2f?pvs=21),,"Eisern
",,,,,,,,"August 10, 2025 8:22 PM",,,No,Backup,25,,10
Der Eiseren Eid,,,No,Ungeprägt (https://www.notion.so/Ungepr-gt-2fd48ac2c29b47108245679f33342673?pvs=21),Slain,"December 18, 2023 9:53 PM",,295,Erste Ideen,Manifestation (https://www.notion.so/Manifestation-01fa783543da4ed2964edb521e465bd0?pvs=21),,"Solange du nur Eiserne Charaktere im Spiel hast, erhalten alle Charaktere +20 Angriff und Verteidigung",,,,,,,,"August 10, 2025 8:22 PM",,,No,Backup,,1,
Backup Laytja,,,Yes,Aeris (https://www.notion.so/Aeris-5996f3899d7740fc809fe30a652d20c6?pvs=21),Slain,"December 26, 2023 1:19 PM",,296,Erste Ideen,Charakter (https://www.notion.so/Charakter-cdfda7ca52aa435bbb22610007798d2f?pvs=21),,"Einzigartig, Kleriker
Laytja erhält für jeden Naldar, den du kontrollierst, +5 Angriff und Verteidigung",,,,,,,,"August 10, 2025 8:22 PM",,,No,Backup,10,,25
Vertreter der Botengilde,,EC02 (https://www.notion.so/EC02-28695bba56ba81a28ba4d1f0b42c2c1b?pvs=21),No,Aeris (https://www.notion.so/Aeris-5996f3899d7740fc809fe30a652d20c6?pvs=21),Slain,"February 14, 2024 9:35 PM",,299,,Charakter (https://www.notion.so/Charakter-cdfda7ca52aa435bbb22610007798d2f?pvs=21),"<ability>Nachschub</ability> <desc>Wenn <self>ich</self> <key>sterbe</key>, <key>ziehe</key> 1 <key>Karte</key>.</desc>",Nachschub,Gefolge (https://www.notion.so/Gefolge-d8ea55c1066e4abbb15b1b371bd0f320?pvs=21),1,,,,,,"October 27, 2025 4:38 PM",Common,"Internal Playtesting (https://www.notion.so/Internal-Playtesting-29895bba56ba80729756daaaa59bd560?pvs=21), TCG Arena (https://www.notion.so/TCG-Arena-29995bba56ba8075ab9efa1a1e76ba80?pvs=21)",Yes,TCG Arena,0/5,,5/5
Vertreterin der Magiergilde,,MC02 (https://www.notion.so/MC02-28695bba56ba81ada887f89dd3df91cb?pvs=21),No,Magica (https://www.notion.so/Magica-ba80d98941c8405d875cb3e6fdb6bf34?pvs=21),Slain,"February 14, 2024 9:36 PM",,300,,Charakter (https://www.notion.so/Charakter-cdfda7ca52aa435bbb22610007798d2f?pvs=21),"<ability>Nachschub</ability> <desc>Wenn <self>ich</self> <key>sterbe</key>, <key>ziehe</key> 1 <key>Karte</key>.</desc>",Nachschub,Gefolge (https://www.notion.so/Gefolge-d8ea55c1066e4abbb15b1b371bd0f320?pvs=21),,,,1,,,"October 27, 2025 4:38 PM",Common,"Internal Playtesting (https://www.notion.so/Internal-Playtesting-29895bba56ba80729756daaaa59bd560?pvs=21), TCG Arena (https://www.notion.so/TCG-Arena-29995bba56ba8075ab9efa1a1e76ba80?pvs=21)",Yes,TCG Arena,0/5,,5/5
Vertreter der Alchemistengilde,,,No,Ignis (https://www.notion.so/Ignis-ca68b053cd74404a8fa85893e505b753?pvs=21),Slain,"February 14, 2024 9:39 PM",,301,,Charakter (https://www.notion.so/Charakter-cdfda7ca52aa435bbb22610007798d2f?pvs=21),,Gildenmitglied,,,,,,,,"October 27, 2024 10:46 AM",,,No,Backup,5,,5
Vertreter der Seehandelsgilde,,AC02 (https://www.notion.so/AC02-28695bba56ba816f9c6fceec33ffa478?pvs=21),No,Aqua (https://www.notion.so/Aqua-8c3b1bb2cc364f6ba274d390ac8d3800?pvs=21),Slain,"February 14, 2024 9:39 PM",,302,,Charakter (https://www.notion.so/Charakter-cdfda7ca52aa435bbb22610007798d2f?pvs=21),"<ability>Nachschub</ability> <desc>Wenn <self>ich</self> <key>sterbe</key>, <key>ziehe</key> 1 <key>Karte</key>.</desc>",Nachschub,Gefolge (https://www.notion.so/Gefolge-d8ea55c1066e4abbb15b1b371bd0f320?pvs=21),,1,,,,,"October 27, 2025 4:38 PM",Common,"Internal Playtesting (https://www.notion.so/Internal-Playtesting-29895bba56ba80729756daaaa59bd560?pvs=21), TCG Arena (https://www.notion.so/TCG-Arena-29995bba56ba8075ab9efa1a1e76ba80?pvs=21)",Yes,TCG Arena,0/5,,5/5
Vertreter der Zeitungsgilde,,,No,Aqua (https://www.notion.so/Aqua-8c3b1bb2cc364f6ba274d390ac8d3800?pvs=21),Slain,"February 14, 2024 9:41 PM",,303,,Charakter (https://www.notion.so/Charakter-cdfda7ca52aa435bbb22610007798d2f?pvs=21),,Gildenmitglied,,,,,,,,"October 27, 2024 10:47 AM",,,No,Backup,10/10,,10/10
Gildenbeschluss,,,No,Magica (https://www.notion.so/Magica-ba80d98941c8405d875cb3e6fdb6bf34?pvs=21),Slain,"February 14, 2024 9:43 PM",,305,Erste Ideen,Manifestation (https://www.notion.so/Manifestation-01fa783543da4ed2964edb521e465bd0?pvs=21),,"Zu beginn deines Zuges: Wenn du mindestens vier verschiedene Gildenvertreter hast, lege ein Bannkreis auf den Gildenbeschluss. Wenn der Gildenbeschluss dann über drei oder mehr Bannkreise verfügt, hast du das Spiel gewonnen.",,,,,,,,"August 10, 2025 8:22 PM",,,No,Backup,,1,
Vertreter der Kartographengilde,,TC02 (https://www.notion.so/TC02-28695bba56ba81ebad3ecd8c1d6e3eec?pvs=21),No,Terra (https://www.notion.so/Terra-a6762ab5136d4598aafb8d77da6be70f?pvs=21),Slain,"February 14, 2024 9:47 PM",,306,,Charakter (https://www.notion.so/Charakter-cdfda7ca52aa435bbb22610007798d2f?pvs=21),"<ability>Nachschub</ability> <desc>Wenn <self>ich</self> <key>sterbe</key>, <key>ziehe</key> 1 <key>Karte</key>.</desc>",Nachschub,Gefolge (https://www.notion.so/Gefolge-d8ea55c1066e4abbb15b1b371bd0f320?pvs=21),,,,,1,,"October 27, 2025 4:38 PM",Common,"Internal Playtesting (https://www.notion.so/Internal-Playtesting-29895bba56ba80729756daaaa59bd560?pvs=21), TCG Arena (https://www.notion.so/TCG-Arena-29995bba56ba8075ab9efa1a1e76ba80?pvs=21)",Yes,TCG Arena,0/5,,5/5
Vertreter der Stadtwache,,,No,Terra (https://www.notion.so/Terra-a6762ab5136d4598aafb8d77da6be70f?pvs=21),Slain,"February 14, 2024 9:48 PM",,307,,Charakter (https://www.notion.so/Charakter-cdfda7ca52aa435bbb22610007798d2f?pvs=21),,,Gefolge (https://www.notion.so/Gefolge-d8ea55c1066e4abbb15b1b371bd0f320?pvs=21),,,,,1,,"August 14, 2025 8:57 PM",,,No,Neu,10/10,,10/10
Wächter aus Istan Sylvana,,,No,Aeris (https://www.notion.so/Aeris-5996f3899d7740fc809fe30a652d20c6?pvs=21),Slain,"February 14, 2024 9:55 PM",,308,Erste Ideen,Charakter (https://www.notion.so/Charakter-cdfda7ca52aa435bbb22610007798d2f?pvs=21),,,,,,,,,,"August 10, 2025 8:22 PM",,,No,Backup,15,,15
Wächter aus Eliars Hain,,,No,Aeris (https://www.notion.so/Aeris-5996f3899d7740fc809fe30a652d20c6?pvs=21),Slain,"February 14, 2024 9:59 PM",,309,Erste Ideen,Charakter (https://www.notion.so/Charakter-cdfda7ca52aa435bbb22610007798d2f?pvs=21),,,,,,,,,,"August 10, 2025 8:22 PM",,,No,Backup,5,,20
Wächter aus Auenfeste,,,No,Aeris (https://www.notion.so/Aeris-5996f3899d7740fc809fe30a652d20c6?pvs=21),Slain,"February 14, 2024 9:59 PM",,310,Erste Ideen,Charakter (https://www.notion.so/Charakter-cdfda7ca52aa435bbb22610007798d2f?pvs=21),,,,,,,,,,"August 10, 2025 8:22 PM",,,No,Backup,20,,5
Wächter aus  Lichtensee,,AC06 (https://www.notion.so/AC06-28695bba56ba810b8953e62626cf0349?pvs=21),No,Aqua (https://www.notion.so/Aqua-8c3b1bb2cc364f6ba274d390ac8d3800?pvs=21),Slain,"February 14, 2024 10:01 PM",,311,Erste Ideen,Charakter (https://www.notion.so/Charakter-cdfda7ca52aa435bbb22610007798d2f?pvs=21),,,Soldat (https://www.notion.so/Soldat-16a95bba56ba80a0a97af872ec32e686?pvs=21),,1,,,,2,"October 27, 2025 5:22 PM",Common,Internal Playtesting (https://www.notion.so/Internal-Playtesting-29895bba56ba80729756daaaa59bd560?pvs=21),Yes,Export,30/30,,30/30
Wächter aus Edoran,,,No,Aqua (https://www.notion.so/Aqua-8c3b1bb2cc364f6ba274d390ac8d3800?pvs=21),Slain,"February 14, 2024 10:01 PM",,312,Erste Ideen,Charakter (https://www.notion.so/Charakter-cdfda7ca52aa435bbb22610007798d2f?pvs=21),,,,,,,,,,"August 10, 2025 8:22 PM",,,No,Backup,5,,20
Wächter aus Porto Jawahir,,,No,Aqua (https://www.notion.so/Aqua-8c3b1bb2cc364f6ba274d390ac8d3800?pvs=21),Slain,"February 14, 2024 10:01 PM",,313,Erste Ideen,Charakter (https://www.notion.so/Charakter-cdfda7ca52aa435bbb22610007798d2f?pvs=21),,,,,,,,,,"August 10, 2025 8:22 PM",,,No,Backup,20,,5
Wächter aus  Ignistrutz,,,No,Ignis (https://www.notion.so/Ignis-ca68b053cd74404a8fa85893e505b753?pvs=21),Slain,"February 14, 2024 10:04 PM",,314,Erste Ideen,Charakter (https://www.notion.so/Charakter-cdfda7ca52aa435bbb22610007798d2f?pvs=21),,,,,,,,,,"August 10, 2025 8:22 PM",,,No,Backup,20,,5
Wächter aus Wolfsfeste,,,No,Ignis (https://www.notion.so/Ignis-ca68b053cd74404a8fa85893e505b753?pvs=21),Slain,"February 14, 2024 10:04 PM",,315,Erste Ideen,Charakter (https://www.notion.so/Charakter-cdfda7ca52aa435bbb22610007798d2f?pvs=21),,,,,,,,,,"August 10, 2025 8:22 PM",,,No,Backup,15,,15
Wächter aus Alithea,,,No,Ignis (https://www.notion.so/Ignis-ca68b053cd74404a8fa85893e505b753?pvs=21),Slain,"February 14, 2024 10:04 PM",,316,Erste Ideen,Charakter (https://www.notion.so/Charakter-cdfda7ca52aa435bbb22610007798d2f?pvs=21),,,,,,,,,,"August 10, 2025 8:22 PM",,,No,Backup,5,,20
Wächter aus Dun Aisleang,,,No,Magica (https://www.notion.so/Magica-ba80d98941c8405d875cb3e6fdb6bf34?pvs=21),Slain,"February 14, 2024 10:06 PM",,317,,Charakter (https://www.notion.so/Charakter-cdfda7ca52aa435bbb22610007798d2f?pvs=21),,,Soldat (https://www.notion.so/Soldat-16a95bba56ba80a0a97af872ec32e686?pvs=21),,,,1,,1,"August 14, 2025 9:01 PM",,,No,Playtest,25/25,,15/15
Wächter aus Terras Wacht,,,No,Magica (https://www.notion.so/Magica-ba80d98941c8405d875cb3e6fdb6bf34?pvs=21),Slain,"February 14, 2024 10:06 PM",,318,Erste Ideen,Charakter (https://www.notion.so/Charakter-cdfda7ca52aa435bbb22610007798d2f?pvs=21),,,,,,,,,,"August 10, 2025 8:22 PM",,,No,Backup,20,,5
Wächter aus Goryo,,MC01 (https://www.notion.so/MC01-28695bba56ba81d68ca2ee08d7322cad?pvs=21),No,Magica (https://www.notion.so/Magica-ba80d98941c8405d875cb3e6fdb6bf34?pvs=21),Slain,"February 14, 2024 10:06 PM",,319,,Charakter (https://www.notion.so/Charakter-cdfda7ca52aa435bbb22610007798d2f?pvs=21),,,Soldat (https://www.notion.so/Soldat-16a95bba56ba80a0a97af872ec32e686?pvs=21),,,,1,,1,"October 26, 2025 8:21 PM",Common,Internal Playtesting (https://www.notion.so/Internal-Playtesting-29895bba56ba80729756daaaa59bd560?pvs=21),Yes,Export,15/15,,25/25
Wächter aus Mayas Ruh,,,No,Terra (https://www.notion.so/Terra-a6762ab5136d4598aafb8d77da6be70f?pvs=21),Slain,"February 14, 2024 10:08 PM",,320,Erste Ideen,Charakter (https://www.notion.so/Charakter-cdfda7ca52aa435bbb22610007798d2f?pvs=21),,,,,,,,,,"August 10, 2025 8:22 PM",,,No,Backup,5,,20
Wächter aus Caladh Mahair,,,No,Terra (https://www.notion.so/Terra-a6762ab5136d4598aafb8d77da6be70f?pvs=21),Slain,"February 14, 2024 10:08 PM",,321,Erste Ideen,Charakter (https://www.notion.so/Charakter-cdfda7ca52aa435bbb22610007798d2f?pvs=21),,,,,,,,,,"August 10, 2025 8:22 PM",,,No,Backup,15,,15
Wächter aus Zwergenfestung,,,No,Terra (https://www.notion.so/Terra-a6762ab5136d4598aafb8d77da6be70f?pvs=21),Slain,"February 14, 2024 10:08 PM",,322,Erste Ideen,Charakter (https://www.notion.so/Charakter-cdfda7ca52aa435bbb22610007798d2f?pvs=21),,,,,,,,,,"August 10, 2025 8:22 PM",,,No,Backup,20,,5
"Aurelia, die Lichtverpflichtete",,,No,Magica (https://www.notion.so/Magica-ba80d98941c8405d875cb3e6fdb6bf34?pvs=21),Slain,"February 14, 2024 10:14 PM",,323,,Charakter (https://www.notion.so/Charakter-cdfda7ca52aa435bbb22610007798d2f?pvs=21),"<ability>Bannkreis 1</ability> <desc><self>Ich</self> <key>betrete</key> das <zone>Feld</zone> mit 1 <key>Bannkreis</key>, der allen <key>Schaden</key> abwehrt.</desc>",Bannkreis 1,Priester (https://www.notion.so/Priester-048bd95495bd4b0daf5c7b992a39f61a?pvs=21),,,,2,,5,"October 27, 2025 4:38 PM",,TCG Arena (https://www.notion.so/TCG-Arena-29995bba56ba8075ab9efa1a1e76ba80?pvs=21),No,TCG Arena,50/60,,50/60
Schwäche des Landes,,,No,Ungeprägt (https://www.notion.so/Ungepr-gt-2fd48ac2c29b47108245679f33342673?pvs=21),Slain,"February 14, 2024 10:15 PM",,324,Erste Ideen,Manifestation (https://www.notion.so/Manifestation-01fa783543da4ed2964edb521e465bd0?pvs=21),,"Immer, wenn ein Spieler eine oder mehr Karten zieht, muss er 3 Elemente bezahlen, oder er verliert einen Schild.",,,,,,,,"August 10, 2025 8:22 PM",,,No,Backup,,1,
GGT Ultra,,,No,Ignis (https://www.notion.so/Ignis-ca68b053cd74404a8fa85893e505b753?pvs=21),Slain,"February 14, 2024 10:17 PM",,326,Erste Ideen,Charakter (https://www.notion.so/Charakter-cdfda7ca52aa435bbb22610007798d2f?pvs=21),,"Zu begnn deines Zuges kannst du den GGT Ultra opfern. Wenn du das tust, darfst du einen Charakter deiner Wahl zerstören.",,,,,,,,"August 10, 2025 8:22 PM",,,No,Backup,5,,20
Drache des Südlichen Siegels,,EC14 (https://www.notion.so/EC14-28695bba56ba812ebdd4dc13db6b39f3?pvs=21),No,Aeris (https://www.notion.so/Aeris-5996f3899d7740fc809fe30a652d20c6?pvs=21),Slain,"February 14, 2024 10:20 PM",,327,,Charakter (https://www.notion.so/Charakter-cdfda7ca52aa435bbb22610007798d2f?pvs=21),<ability>Positionswechsel</ability> <desc>Ändere die <key>Position</key> eines <kind>Charakters</kind>.</desc>,Positionswechsel,Bestie (https://www.notion.so/Bestie-95ad0a0b63a24c66940280fe886abd05?pvs=21),3,,,,,3,"October 27, 2025 4:38 PM",Common,"Internal Playtesting (https://www.notion.so/Internal-Playtesting-29895bba56ba80729756daaaa59bd560?pvs=21), TCG Arena (https://www.notion.so/TCG-Arena-29995bba56ba8075ab9efa1a1e76ba80?pvs=21)",Yes,TCG Arena,50/50,,50/50
Koloss aus der Tiefe,,AC12 (https://www.notion.so/AC12-28695bba56ba81bebe6cce41a95eae1f?pvs=21),No,Aqua (https://www.notion.so/Aqua-8c3b1bb2cc364f6ba274d390ac8d3800?pvs=21),Slain,"February 14, 2024 10:21 PM",,328,,Charakter (https://www.notion.so/Charakter-cdfda7ca52aa435bbb22610007798d2f?pvs=21),"Wenn <self>ich</self> eine <key>Karte</key> <key>zerstöre</key>, nimm eine zufällige <key>Karte</key> vom <zone>Friedhof</zone> auf Deine <zone>Hand</zone>.","Wenn ich eine Karte zerstöre, nimm eine zufällige Karte vom Friedhof auf die Hand.",Bestie (https://www.notion.so/Bestie-95ad0a0b63a24c66940280fe886abd05?pvs=21),,4,,,,3,"October 27, 2025 4:38 PM",Common,"Internal Playtesting (https://www.notion.so/Internal-Playtesting-29895bba56ba80729756daaaa59bd560?pvs=21), TCG Arena (https://www.notion.so/TCG-Arena-29995bba56ba8075ab9efa1a1e76ba80?pvs=21)",Yes,TCG Arena,60/60,,60/60
Vulkan-Golem,,IC14 (https://www.notion.so/IC14-28695bba56ba81f89c7fc3f5694fd39c?pvs=21),No,Ignis (https://www.notion.so/Ignis-ca68b053cd74404a8fa85893e505b753?pvs=21),Slain,"February 14, 2024 10:22 PM",,329,,Charakter (https://www.notion.so/Charakter-cdfda7ca52aa435bbb22610007798d2f?pvs=21),"<ability>Ansturm</ability> <desc><self>Ich</self> darf in dem <key>Zug</key> <key>angreifen</key>, in dem <self>ich</self> auf das <zone>Feld</zone> gekommen bin.</desc>",Ansturm,Elementarwesen (https://www.notion.so/Elementarwesen-416ecc433e6d4261a4640d1384950176?pvs=21),,,2,,,5,"October 27, 2025 4:38 PM",Common,"Internal Playtesting (https://www.notion.so/Internal-Playtesting-29895bba56ba80729756daaaa59bd560?pvs=21), TCG Arena (https://www.notion.so/TCG-Arena-29995bba56ba8075ab9efa1a1e76ba80?pvs=21)",Yes,TCG Arena,60/60,,60/60
"Atlas, der Wanderer",,TC16 (https://www.notion.so/TC16-28695bba56ba814cbf1ad8d2e526bde6?pvs=21),No,Terra (https://www.notion.so/Terra-a6762ab5136d4598aafb8d77da6be70f?pvs=21),Slain,"February 14, 2024 10:23 PM",,331,,Charakter (https://www.notion.so/Charakter-cdfda7ca52aa435bbb22610007798d2f?pvs=21),<ability>Schildbrecher</ability> <desc>Überschüssiger <key>Schaden</key> an <key>Blockern</key> wird <self>meinem</self> ursprünglichen <key>Ziel</key> zugefügt.</desc>,Schildbrecher,Elementarwesen (https://www.notion.so/Elementarwesen-416ecc433e6d4261a4640d1384950176?pvs=21),,,,,2,5,"October 27, 2025 4:38 PM",Common,"Internal Playtesting (https://www.notion.so/Internal-Playtesting-29895bba56ba80729756daaaa59bd560?pvs=21), TCG Arena (https://www.notion.so/TCG-Arena-29995bba56ba8075ab9efa1a1e76ba80?pvs=21)",Yes,TCG Arena,60/60,,60/60
Eleganter Schwerttänzer,,,No,Ignis (https://www.notion.so/Ignis-ca68b053cd74404a8fa85893e505b753?pvs=21),Timon,"March 3, 2024 9:34 PM",,334,Erste Ideen,Charakter (https://www.notion.so/Charakter-cdfda7ca52aa435bbb22610007798d2f?pvs=21),,Positionswechsel: Dieser Charakter kann seine Kampfposition auch in der Hauptphasen wechseln,,,,,,,,"August 10, 2025 8:22 PM",,,No,Backup,25,,15
Koloss aus der Zwergenschmiede,,,No,Ignis (https://www.notion.so/Ignis-ca68b053cd74404a8fa85893e505b753?pvs=21),Timon,"March 3, 2024 9:48 PM",,337,,Charakter (https://www.notion.so/Charakter-cdfda7ca52aa435bbb22610007798d2f?pvs=21),<ability>Schildbrecher</ability> <desc>Überschüssiger <key>Schaden</key> an <key>Blockern</key> wird <self>meinem</self> ursprünglichen <key>Ziel</key> zugefügt.</desc>,Schildbrecher (Falls dieser Charakter bei seinem Angriff mehr Schaden macht als nötig kannst den restlichen Schaden dem ursprünglichen Ziel zufügen),Elementarwesen (https://www.notion.so/Elementarwesen-416ecc433e6d4261a4640d1384950176?pvs=21),,,1,,,5,"August 17, 2025 8:05 PM",,,No,Playtest,50/40,,50/40
"Hofkanzler Gandur, Meister der Propaganda",Gandur (https://www.notion.so/Gandur-1cd95bba56ba8093b46bdfb97ebba0e9?pvs=21),,Yes,Aqua (https://www.notion.so/Aqua-8c3b1bb2cc364f6ba274d390ac8d3800?pvs=21),Timon,"March 5, 2024 9:38 AM",Seine Feder ist stärker als jedes Schwert. Seine Worte sammeln Scharen unter Bjarturs Banner.,338,,Charakter (https://www.notion.so/Charakter-cdfda7ca52aa435bbb22610007798d2f?pvs=21),"Wenn <self>ich</self> das <zone>Feld</zone> <key>betrete</key>, übernimm die <key>Kontrolle</key> über einen <kind>Charakter</kind> mit <key>Kosten</key> 3 oder weniger. Der <key>übernommene</key> <kind>Charakter</kind> darf in diesem Zug nicht angreifen. ","Einzigartig
Wenn ich das Feld betrete, übernimm die Kontrolle über einen Charakter mit Kosten 3 oder weniger.
Der übernommene Charakter darf in diesem Zug nicht angreiffen.",Gelehrter (https://www.notion.so/Gelehrter-112f4e92a6464af1a3fe9c8f536355b0?pvs=21),,2,,,,3,"October 27, 2025 4:38 PM",,"Alpha Set  (https://www.notion.so/Alpha-Set-22495bba56ba80dea926d7979a373c53?pvs=21), TCG Arena (https://www.notion.so/TCG-Arena-29995bba56ba8075ab9efa1a1e76ba80?pvs=21)",Yes,TCG Arena,10/10,,10/15
Kupfermünze,,,No,"Terra (https://www.notion.so/Terra-a6762ab5136d4598aafb8d77da6be70f?pvs=21), Aqua (https://www.notion.so/Aqua-8c3b1bb2cc364f6ba274d390ac8d3800?pvs=21), Aeris (https://www.notion.so/Aeris-5996f3899d7740fc809fe30a652d20c6?pvs=21), Magica (https://www.notion.so/Magica-ba80d98941c8405d875cb3e6fdb6bf34?pvs=21), Ignis (https://www.notion.so/Ignis-ca68b053cd74404a8fa85893e505b753?pvs=21)",Jan Appel,"March 10, 2024 9:55 PM",,340,,Untitled (https://www.notion.so/f241392873f94eb78018503e0f1abcc6?pvs=21),,"Wenn Du die Kupfermünze opferst, erhältst Du ein beliebiges Element.",,,,,,,,"March 16, 2024 5:38 PM",,,No,Backup,,,
Taschendieb,,,No,Ungeprägt (https://www.notion.so/Ungepr-gt-2fd48ac2c29b47108245679f33342673?pvs=21),Tim,"March 12, 2024 2:49 PM",,341,Erste Ideen,Charakter (https://www.notion.so/Charakter-cdfda7ca52aa435bbb22610007798d2f?pvs=21),,"Wenn der Taschendieb angreift, muss der angegriffene Spieler 1 Element bezahlen. Wenn das passiert ist, erhältst Du eine Münze.",,,,,,,,"August 10, 2025 8:26 PM",,,No,Backup,20,,20
"Moriel, Novizin der Alchemie",Moriel (https://www.notion.so/Moriel-1cd95bba56ba8063aaedf68091897fd3?pvs=21),MC05 (https://www.notion.so/MC05-28695bba56ba81cf99e6c32ef769847d?pvs=21),Yes,Magica (https://www.notion.so/Magica-ba80d98941c8405d875cb3e6fdb6bf34?pvs=21),Tim,"March 12, 2024 2:54 PM",Kupferne Kessel singen im Takt sprudelnder Geheimnisse.,342,,Charakter (https://www.notion.so/Charakter-cdfda7ca52aa435bbb22610007798d2f?pvs=21),"<kind>Ereignisse</kind>, die Du <key>wirkst</key>, kosten <unshaped1/> weniger.","Einzigartig.
Ereignisse die du wirkst, kosten ein unbestimmtes Element weniger.",Gefolge (https://www.notion.so/Gefolge-d8ea55c1066e4abbb15b1b371bd0f320?pvs=21),,,,2,,2,"October 27, 2025 4:38 PM",Common,"Alpha Set  (https://www.notion.so/Alpha-Set-22495bba56ba80dea926d7979a373c53?pvs=21), Internal Playtesting (https://www.notion.so/Internal-Playtesting-29895bba56ba80729756daaaa59bd560?pvs=21), TCG Arena (https://www.notion.so/TCG-Arena-29995bba56ba8075ab9efa1a1e76ba80?pvs=21)",Yes,TCG Arena,10/10,,20/20
Stoßgebet zu den Elementen,,,No,Aqua (https://www.notion.so/Aqua-8c3b1bb2cc364f6ba274d390ac8d3800?pvs=21),Tim,"March 12, 2024 2:57 PM","“Oh ihr Elemente, stehet mir bei!”",343,,Ereignis (https://www.notion.so/Ereignis-88e179fa1fd740499a32ee3ed4377596?pvs=21),"<ability>Sofort spielbar</ability> <desc>Du darfst <self>mich</self> jederzeit spielen.</desc>
Ein <kind>Charakter</kind> Deiner Wahl, den Du <key>kontrollierst</key>, kann bis <key>Phasenende</key> nicht als <key>Ziel</key> für <key>Effekte</key> oder <kind>Ereignisse</kind> gewählt werden.","Sofort spielbar
Ein Charakter deiner Wahl den du kontrollierst kann bis am ende der Phase nicht als Ziel für Effekte oder Ereignisse gewählt werden. Es darf ein neues Ziel gewält werden.",,,1,,,,,"October 27, 2025 4:38 PM",,"Alpha Set  (https://www.notion.so/Alpha-Set-22495bba56ba80dea926d7979a373c53?pvs=21), TCG Arena (https://www.notion.so/TCG-Arena-29995bba56ba8075ab9efa1a1e76ba80?pvs=21)",No,TCG Arena,,,
Magiefluss,,,No,Magica (https://www.notion.so/Magica-ba80d98941c8405d875cb3e6fdb6bf34?pvs=21),Tim,"March 12, 2024 3:02 PM",,344,Erste Ideen,Ereignis (https://www.notion.so/Ereignis-88e179fa1fd740499a32ee3ed4377596?pvs=21),,Ereignisse kosten diesen Spielzug 1 Element weniger.,,,,,,,,"August 10, 2025 8:26 PM",,,No,Backup,,,
Magicatempel,,MC23 (https://www.notion.so/MC23-28695bba56ba81faaa50daab1a26c3db?pvs=21),No,Magica (https://www.notion.so/Magica-ba80d98941c8405d875cb3e6fdb6bf34?pvs=21),Tim,"March 12, 2024 3:06 PM",,345,Erste Ideen,Manifestation (https://www.notion.so/Manifestation-01fa783543da4ed2964edb521e465bd0?pvs=21),Manifestationen und Ereignisse kosten 1 unbestimmtes Element weniger.,Manifestationen und Ereignisse kosten 1 unbestimmtes Element weniger.,,,,,2,,2,"October 27, 2025 5:22 PM",Common,Internal Playtesting (https://www.notion.so/Internal-Playtesting-29895bba56ba80729756daaaa59bd560?pvs=21),Yes,Export,,,
Spalten,,,No,Magica (https://www.notion.so/Magica-ba80d98941c8405d875cb3e6fdb6bf34?pvs=21),Tim,"March 12, 2024 3:11 PM",,346,Erste Ideen,Ereignis (https://www.notion.so/Ereignis-88e179fa1fd740499a32ee3ed4377596?pvs=21),,Sofort spielbar. Du darfst den Schaden eines Ereignisses auf mehrere Ziele aufteilen.,,,,,,,,"August 10, 2025 8:26 PM",,,No,Backup,,,
Wetterschrein,,,No,Aeris (https://www.notion.so/Aeris-5996f3899d7740fc809fe30a652d20c6?pvs=21),Tim,"March 13, 2024 2:31 PM",,348,,Manifestation (https://www.notion.so/Manifestation-01fa783543da4ed2964edb521e465bd0?pvs=21),"Jedes Mal, wenn Du ein <kind>Ereignis</kind> spielst, ziehe 1 <key>Karte</key>.","Jedes Mal, wenn du ein Ereignis spielst, ziehe eine Karte.",,2,,,,,4,"August 17, 2025 8:07 PM",,,No,Playtest,,,
Rächer,,,No,Ignis (https://www.notion.so/Ignis-ca68b053cd74404a8fa85893e505b753?pvs=21),Timon,"March 29, 2024 4:45 PM",,349,,Charakter (https://www.notion.so/Charakter-cdfda7ca52aa435bbb22610007798d2f?pvs=21),<ability>Rache</ability> <desc>TODO: UNKLARER REGELTEXT.</desc>,"Rache (Falls in der Kampfphase ein verbündeter Charakter zerstört wurde, kann der Rächer einen zusätzlichen Kampf mit einem feindlichen Charakter ausführen.)",Krieger (https://www.notion.so/Krieger-86700da5b47d4073ae8e37cc896f9162?pvs=21),,,2,,,3,"September 17, 2025 4:38 PM",,,No,Revision,40/20,,10/30
Rasender Rekrut,,IC03 (https://www.notion.so/IC03-28695bba56ba8178b4c0c78dce9e1486?pvs=21),No,Ignis (https://www.notion.so/Ignis-ca68b053cd74404a8fa85893e505b753?pvs=21),Gut Christian,"March 29, 2024 8:31 PM","„Wenn ich renn, kann ich nicht fallen – oder..?!“",350,,Charakter (https://www.notion.so/Charakter-cdfda7ca52aa435bbb22610007798d2f?pvs=21),"<ability>Ansturm</ability> <desc><self>Ich</self> darf in der <key>Runde</key> <key>angreifen</key>, in der <self>ich</self> auf das <zone>Feld</zone> gekommen bin.</desc>",Ansturm,Soldat (https://www.notion.so/Soldat-16a95bba56ba80a0a97af872ec32e686?pvs=21),,,1,,,1,"October 28, 2025 10:42 PM",,"TCG Arena (https://www.notion.so/TCG-Arena-29995bba56ba8075ab9efa1a1e76ba80?pvs=21), Internal Playtesting (https://www.notion.so/Internal-Playtesting-29895bba56ba80729756daaaa59bd560?pvs=21)",No,TCG Arena,10/10,,10/10
Stürmischer Veteran,,IC09 (https://www.notion.so/IC09-28695bba56ba8156b112df562b06ef4f?pvs=21),No,Ignis (https://www.notion.so/Ignis-ca68b053cd74404a8fa85893e505b753?pvs=21),Gut Christian,"March 29, 2024 8:34 PM",,351,,Charakter (https://www.notion.so/Charakter-cdfda7ca52aa435bbb22610007798d2f?pvs=21),"<ability>Ansturm</ability> <desc><self>Ich</self> darf in dem <key>Zug</key> <key>angreifen</key>, in dem <self>ich</self> auf das <zone>Feld</zone> gekommen bin.</desc>",Ansturm,Soldat (https://www.notion.so/Soldat-16a95bba56ba80a0a97af872ec32e686?pvs=21),,,2,,,3,"October 27, 2025 4:38 PM",Common,"Internal Playtesting (https://www.notion.so/Internal-Playtesting-29895bba56ba80729756daaaa59bd560?pvs=21), TCG Arena (https://www.notion.so/TCG-Arena-29995bba56ba8075ab9efa1a1e76ba80?pvs=21)",Yes,TCG Arena,50/30,,30/30
Stadtwache,,TC03 (https://www.notion.so/TC03-28695bba56ba81eeae0ce669c2cefadd?pvs=21),No,Terra (https://www.notion.so/Terra-a6762ab5136d4598aafb8d77da6be70f?pvs=21),Gut Christian,"March 29, 2024 8:36 PM",,352,,Charakter (https://www.notion.so/Charakter-cdfda7ca52aa435bbb22610007798d2f?pvs=21),<ability>Verteidiger</ability> <desc><self>Ich</self> darf darf nur in <key>Verteidigungsposition</key> stehen.</desc>,Verteidiger,Soldat (https://www.notion.so/Soldat-16a95bba56ba80a0a97af872ec32e686?pvs=21),,,,,1,1,"October 27, 2025 4:38 PM",Common,"Internal Playtesting (https://www.notion.so/Internal-Playtesting-29895bba56ba80729756daaaa59bd560?pvs=21), TCG Arena (https://www.notion.so/TCG-Arena-29995bba56ba8075ab9efa1a1e76ba80?pvs=21)",Yes,TCG Arena,–/–,,10/40
Wächter von irgendwas,,IC01 (https://www.notion.so/IC01-28695bba56ba81b49025e4929b1e1626?pvs=21),No,Ignis (https://www.notion.so/Ignis-ca68b053cd74404a8fa85893e505b753?pvs=21),Gut Christian,"March 29, 2024 8:39 PM",,353,,Charakter (https://www.notion.so/Charakter-cdfda7ca52aa435bbb22610007798d2f?pvs=21),,,Soldat (https://www.notion.so/Soldat-16a95bba56ba80a0a97af872ec32e686?pvs=21),,,1,,,1,"October 27, 2025 10:17 PM",Common,Internal Playtesting (https://www.notion.so/Internal-Playtesting-29895bba56ba80729756daaaa59bd560?pvs=21),Yes,Export,10/20,,10/30
Baumgeist,,TC15 (https://www.notion.so/TC15-28695bba56ba817e896cf07b93150db9?pvs=21),No,Terra (https://www.notion.so/Terra-a6762ab5136d4598aafb8d77da6be70f?pvs=21),Gut Christian,"March 29, 2024 8:44 PM",,354,,Charakter (https://www.notion.so/Charakter-cdfda7ca52aa435bbb22610007798d2f?pvs=21),,,Elementarwesen (https://www.notion.so/Elementarwesen-416ecc433e6d4261a4640d1384950176?pvs=21),,,,,2,4,"October 27, 2025 4:38 PM",Common,"Internal Playtesting (https://www.notion.so/Internal-Playtesting-29895bba56ba80729756daaaa59bd560?pvs=21), TCG Arena (https://www.notion.so/TCG-Arena-29995bba56ba8075ab9efa1a1e76ba80?pvs=21)",Yes,TCG Arena,60/60,,60/60
Duellant,,,No,Aeris (https://www.notion.so/Aeris-5996f3899d7740fc809fe30a652d20c6?pvs=21),Gut Christian,"March 29, 2024 8:46 PM",,355,,Charakter (https://www.notion.so/Charakter-cdfda7ca52aa435bbb22610007798d2f?pvs=21),,"Angreifer. Darf nur Charaktere angreifen,",Krieger (https://www.notion.so/Krieger-86700da5b47d4073ae8e37cc896f9162?pvs=21),,1,,,,1,"August 14, 2025 8:57 PM",,,No,Neu,35/10,,–/–
Vertreter der Bardengilde,,IC02 (https://www.notion.so/IC02-28695bba56ba81a99a9ec3078c2ef4fb?pvs=21),No,Ignis (https://www.notion.so/Ignis-ca68b053cd74404a8fa85893e505b753?pvs=21),Gut Christian,"March 29, 2024 8:49 PM",,356,,Charakter (https://www.notion.so/Charakter-cdfda7ca52aa435bbb22610007798d2f?pvs=21),"<ability>Nachschub</ability> <desc>Wenn <self>ich</self> <key>sterbe</key>, <key>ziehe</key> 1 <key>Karte</key>.</desc>",Nachschub,Gefolge (https://www.notion.so/Gefolge-d8ea55c1066e4abbb15b1b371bd0f320?pvs=21),,,1,,,,"October 27, 2025 4:38 PM",Common,"Internal Playtesting (https://www.notion.so/Internal-Playtesting-29895bba56ba80729756daaaa59bd560?pvs=21), TCG Arena (https://www.notion.so/TCG-Arena-29995bba56ba8075ab9efa1a1e76ba80?pvs=21)",Yes,TCG Arena,0/5,,5/5
Drachenwelpe,,,No,Ungeprägt (https://www.notion.so/Ungepr-gt-2fd48ac2c29b47108245679f33342673?pvs=21),Gut Christian,"March 29, 2024 8:55 PM",,357,Erste Ideen,Charakter (https://www.notion.so/Charakter-cdfda7ca52aa435bbb22610007798d2f?pvs=21),,Darf zwei Charaktere gleichzeitig angreifen,,,,,,,,"August 10, 2025 8:26 PM",,,No,Backup,20/30,,10/20
Aeriskind,,EC03 (https://www.notion.so/EC03-28695bba56ba817a9f8fddd3d81507e3?pvs=21),No,Aeris (https://www.notion.so/Aeris-5996f3899d7740fc809fe30a652d20c6?pvs=21),Gut Christian,"March 29, 2024 9:00 PM",,358,,Charakter (https://www.notion.so/Charakter-cdfda7ca52aa435bbb22610007798d2f?pvs=21),<ability>Positionswechsel</ability> <desc>Ändere die <key>Position</key> eines <kind>Charakters</kind>.</desc>,Positionswechsel,Krieger (https://www.notion.so/Krieger-86700da5b47d4073ae8e37cc896f9162?pvs=21),1,,,,,2,"October 26, 2025 7:36 PM",Common,Internal Playtesting (https://www.notion.so/Internal-Playtesting-29895bba56ba80729756daaaa59bd560?pvs=21),Yes,Export,15/20,,20/25
"Johannes v.d. Schaufel, leichtsinniger Duellant",Johannes v.d. Schaufel (https://www.notion.so/Johannes-v-d-Schaufel-1cd95bba56ba80d19b19db16a97ed943?pvs=21),,Yes,Ignis (https://www.notion.so/Ignis-ca68b053cd74404a8fa85893e505b753?pvs=21),Gut Christian,"March 29, 2024 9:05 PM",Mutig oder dumm? Johannes sagt: “Ja.”,359,,Charakter (https://www.notion.so/Charakter-cdfda7ca52aa435bbb22610007798d2f?pvs=21),"<ability>Angreifer</ability> <desc><self>Ich</self> darf nur in <key>Angriffsposition</key> stehen.</desc>
<ability>Ansturm</ability> <desc><self>Ich</self> darf in dem <key>Zug</key> <key>angreifen</key>, in dem <self>ich</self> auf das <zone>Feld</zone> gekommen bin.</desc>
<self>Ich</self> <key>greife an</key>, wann immer <self>ich</self> kann, und zwar immer derjenige Charakter mit der höchsten <key>Stärke</key>.","Einzigartig, Angreifer, Ansturm,
Ich muss immer angreifen falls möglich. Ich kann nur Charaktere angreifen und muss immer den gegnerischen Charakter mit der höchsten Stärke angreifen. ",Adel (https://www.notion.so/Adel-16a95bba56ba8066bc1bc23c764d9b4b?pvs=21),,,2,,,2,"October 27, 2025 4:38 PM",,"Alpha Set  (https://www.notion.so/Alpha-Set-22495bba56ba80dea926d7979a373c53?pvs=21), TCG Arena (https://www.notion.so/TCG-Arena-29995bba56ba8075ab9efa1a1e76ba80?pvs=21)",Yes,TCG Arena,55/20,,–/–
Schrein der Jagd,,,No,Aeris (https://www.notion.so/Aeris-5996f3899d7740fc809fe30a652d20c6?pvs=21),Gut Christian,"March 29, 2024 9:07 PM",,360,,Manifestation (https://www.notion.so/Manifestation-01fa783543da4ed2964edb521e465bd0?pvs=21),"<cost><aeris/><opt/></cost> <desc>Einmal pro Zug</desc> Ein <kind>Charakter</kind>, den Du <key>kontrollierst</key>, erhält bis <key>Zugende</key> entweder <stats>+15/+0</stats> oder <stats>+0/+15</stats>.","E, OPT; Ein Charakter den du kontrollierst, der Charakter erhält +15/+0  oder +0/+15 bis zum Ende des Zuges.",,1,,,,,2,"October 27, 2025 4:38 PM",,TCG Arena (https://www.notion.so/TCG-Arena-29995bba56ba8075ab9efa1a1e76ba80?pvs=21),No,TCG Arena,,1,
Rast in der Schankstube,,,No,Ungeprägt (https://www.notion.so/Ungepr-gt-2fd48ac2c29b47108245679f33342673?pvs=21),Gut Christian,"March 29, 2024 9:10 PM",Bernsteinfarben glänzt der Trost.,361,,Ereignis (https://www.notion.so/Ereignis-88e179fa1fd740499a32ee3ed4377596?pvs=21),<key>Ziehe</key> 3 <key>Karten</key>.,Ziehe drei Karten.,,,,,,,6,"October 27, 2025 4:38 PM",,"Alpha Set  (https://www.notion.so/Alpha-Set-22495bba56ba80dea926d7979a373c53?pvs=21), TCG Arena (https://www.notion.so/TCG-Arena-29995bba56ba8075ab9efa1a1e76ba80?pvs=21)",No,TCG Arena,,,
Duellforderung,,IC16 (https://www.notion.so/IC16-28695bba56ba81c78308f2a795f2bb0a?pvs=21),No,Ignis (https://www.notion.so/Ignis-ca68b053cd74404a8fa85893e505b753?pvs=21),Gut Christian,"March 29, 2024 9:16 PM",,363,,Ereignis (https://www.notion.so/Ereignis-88e179fa1fd740499a32ee3ed4377596?pvs=21),Wähle einen befreundeten und einen weiteren <kind>Charakter</kind>. Beide <kind>Charaktere</kind> fügen sich gegenseitig <key>Schaden</key> in Höhe ihrer <key>Stärke</key> zu.,"Wähle einen Charakter, den du kontrollierst und einen Charakter der ein Gegner kontrolliert. Beide Charakter fügen dem anderen Schaden in höhe ihrer Stärke zu.",,,,1,,,2,"October 27, 2025 4:38 PM",Common,"Internal Playtesting (https://www.notion.so/Internal-Playtesting-29895bba56ba80729756daaaa59bd560?pvs=21), TCG Arena (https://www.notion.so/TCG-Arena-29995bba56ba8075ab9efa1a1e76ba80?pvs=21)",Yes,TCG Arena,,,
Flammenstrahl,,IC18 (https://www.notion.so/IC18-28695bba56ba81d59e75e5433ca2ab2e?pvs=21),No,Ignis (https://www.notion.so/Ignis-ca68b053cd74404a8fa85893e505b753?pvs=21),Gut Christian,"March 29, 2024 9:20 PM",,364,,Ereignis (https://www.notion.so/Ereignis-88e179fa1fd740499a32ee3ed4377596?pvs=21),Füge einem <kind>Charakter</kind> Deiner Wahl <damage>40</damage> <key>Schaden</key> zu.,Füge einem Charakter deiner Wahl 40 Schaden zu.,,,,2,,,2,"October 27, 2025 4:38 PM",Common,"Internal Playtesting (https://www.notion.so/Internal-Playtesting-29895bba56ba80729756daaaa59bd560?pvs=21), TCG Arena (https://www.notion.so/TCG-Arena-29995bba56ba8075ab9efa1a1e76ba80?pvs=21)",Yes,TCG Arena,,,
Ermutigende Ansprache,,,No,Terra (https://www.notion.so/Terra-a6762ab5136d4598aafb8d77da6be70f?pvs=21),Gut Christian,"March 29, 2024 9:21 PM",,365,,Ereignis (https://www.notion.so/Ereignis-88e179fa1fd740499a32ee3ed4377596?pvs=21),"Alle <kind>Charaktere</kind>, die Du <key>kontrollierst</key>, erhalten bis <key>Zugende</key> <stats>+20/+0</stats>.","Alle Charaktere, die du kontrollierst erhalten +20/0 bis zum Ende des Zuges",,,,,,1,2,"October 27, 2025 4:38 PM",,TCG Arena (https://www.notion.so/TCG-Arena-29995bba56ba8075ab9efa1a1e76ba80?pvs=21),No,TCG Arena,,,
Vulkanausbruch,,IC19 (https://www.notion.so/IC19-28695bba56ba813aaeddc8c86cc86b5c?pvs=21),No,Ignis (https://www.notion.so/Ignis-ca68b053cd74404a8fa85893e505b753?pvs=21),Gut Christian,"March 29, 2024 9:23 PM",,366,,Ereignis (https://www.notion.so/Ereignis-88e179fa1fd740499a32ee3ed4377596?pvs=21),Alle <kind>Charaktere</kind> und <kind>Manifestationen</kind> erleiden <damage>30</damage> <key>Schaden</key>.,Alle Charaktere und Manifestationen erleiden 30 Schaden,,,,2,,,2,"October 27, 2025 4:38 PM",Common,"Internal Playtesting (https://www.notion.so/Internal-Playtesting-29895bba56ba80729756daaaa59bd560?pvs=21), TCG Arena (https://www.notion.so/TCG-Arena-29995bba56ba8075ab9efa1a1e76ba80?pvs=21)",Yes,TCG Arena,,,
Sternenschauer,,,No,Ungeprägt (https://www.notion.so/Ungepr-gt-2fd48ac2c29b47108245679f33342673?pvs=21),Gut Christian,"March 29, 2024 9:25 PM","Als der Himmel selbst zerbarst und mit feuriger Gewalt niederfuhr, sahen die einen den Zorn der Götter, die anderen die Rache der Elemente. Doch was auch immer sie sahen, verging mit ihrem letzten Atemzug.",367,,Ereignis (https://www.notion.so/Ereignis-88e179fa1fd740499a32ee3ed4377596?pvs=21),<key>Zerstöre</key> alle <kind>Charaktere</kind> auf dem <zone>Feld</zone>.,Zerstöre alle Charaktere auf dem Feld.,,,,,,,8,"October 27, 2025 4:38 PM",,TCG Arena (https://www.notion.so/TCG-Arena-29995bba56ba8075ab9efa1a1e76ba80?pvs=21),No,TCG Arena,,,
Gottesschrein,,MC21 (https://www.notion.so/MC21-28695bba56ba81d0a2eed2f0ce79ad20?pvs=21),No,Magica (https://www.notion.so/Magica-ba80d98941c8405d875cb3e6fdb6bf34?pvs=21),Gut Christian,"March 29, 2024 9:28 PM",,368,,Manifestation (https://www.notion.so/Manifestation-01fa783543da4ed2964edb521e465bd0?pvs=21),<cost><magica/><unshaped1/><opt/></cost> <desc>Einmal pro Zug</desc> Verleihe einem <kind>Charakter</kind> Deiner Wahl einen <key>Bannkreis</key>. Entferne diesen <key>Bannkreis</key> zu Beginn Deines nächsten <key>Zuges</key>.,"1,M,OPT; Verleihe einem Charakter deiner Wahl einen Bannkreis. Entferne diesen Bannkreis zu Beginn deines nächsten Zuges.",,,,,2,,1,"October 27, 2025 4:38 PM",Common,"Internal Playtesting (https://www.notion.so/Internal-Playtesting-29895bba56ba80729756daaaa59bd560?pvs=21), TCG Arena (https://www.notion.so/TCG-Arena-29995bba56ba8075ab9efa1a1e76ba80?pvs=21)",Yes,TCG Arena,,1,
Novizin des Wasserschwalls,,,No,Aqua (https://www.notion.so/Aqua-8c3b1bb2cc364f6ba274d390ac8d3800?pvs=21),Gut Christian,"March 29, 2024 9:31 PM",,369,,Charakter (https://www.notion.so/Charakter-cdfda7ca52aa435bbb22610007798d2f?pvs=21),<ability>Schildbrecher</ability> <desc>Überschüssiger <key>Schaden</key> an <key>Blockern</key> wird <self>meinem</self> ursprünglichen <key>Ziel</key> zugefügt.</desc>,Schildbrecher,Krieger (https://www.notion.so/Krieger-86700da5b47d4073ae8e37cc896f9162?pvs=21),,1,,,,3,"August 17, 2025 8:06 PM",,,No,Playtest,30/30,,20/40
Namenloser Soldat,,TC01 (https://www.notion.so/TC01-28695bba56ba813b8fcee8cb3d983a26?pvs=21),No,Terra (https://www.notion.so/Terra-a6762ab5136d4598aafb8d77da6be70f?pvs=21),Gut Christian,"March 29, 2024 9:32 PM",,370,,Charakter (https://www.notion.so/Charakter-cdfda7ca52aa435bbb22610007798d2f?pvs=21),,,Soldat (https://www.notion.so/Soldat-16a95bba56ba80a0a97af872ec32e686?pvs=21),,,,,1,1,"October 27, 2025 4:38 PM",Common,"Internal Playtesting (https://www.notion.so/Internal-Playtesting-29895bba56ba80729756daaaa59bd560?pvs=21), TCG Arena (https://www.notion.so/TCG-Arena-29995bba56ba8075ab9efa1a1e76ba80?pvs=21)",Yes,TCG Arena,20/20,,20/20
Rekrut aus Steinfurt,,AC01 (https://www.notion.so/AC01-28695bba56ba818795f4f84e8297b4bf?pvs=21),No,Aqua (https://www.notion.so/Aqua-8c3b1bb2cc364f6ba274d390ac8d3800?pvs=21),Gut Christian,"March 29, 2024 9:33 PM",,371,,Charakter (https://www.notion.so/Charakter-cdfda7ca52aa435bbb22610007798d2f?pvs=21),,,Soldat (https://www.notion.so/Soldat-16a95bba56ba80a0a97af872ec32e686?pvs=21),,1,,,,,"October 27, 2025 4:37 PM",Common,"Internal Playtesting (https://www.notion.so/Internal-Playtesting-29895bba56ba80729756daaaa59bd560?pvs=21), TCG Arena (https://www.notion.so/TCG-Arena-29995bba56ba8075ab9efa1a1e76ba80?pvs=21)",Yes,TCG Arena,10/10,,10/10
Veteran,,IC08 (https://www.notion.so/IC08-28695bba56ba81a5b0cef9c6e375995d?pvs=21),No,Ignis (https://www.notion.so/Ignis-ca68b053cd74404a8fa85893e505b753?pvs=21),Gut Christian,"March 29, 2024 9:34 PM",,372,,Charakter (https://www.notion.so/Charakter-cdfda7ca52aa435bbb22610007798d2f?pvs=21),,,Soldat (https://www.notion.so/Soldat-16a95bba56ba80a0a97af872ec32e686?pvs=21),,,1,,,2,"October 27, 2025 4:38 PM",Common,"Internal Playtesting (https://www.notion.so/Internal-Playtesting-29895bba56ba80729756daaaa59bd560?pvs=21), TCG Arena (https://www.notion.so/TCG-Arena-29995bba56ba8075ab9efa1a1e76ba80?pvs=21)",Yes,TCG Arena,30/30,,30/30
Standhafter Verteidiger,,TC11 (https://www.notion.so/TC11-28695bba56ba817495e2c41a44020f82?pvs=21),No,Terra (https://www.notion.so/Terra-a6762ab5136d4598aafb8d77da6be70f?pvs=21),Gut Christian,"March 29, 2024 9:34 PM",,373,,Charakter (https://www.notion.so/Charakter-cdfda7ca52aa435bbb22610007798d2f?pvs=21),<ability>Verhöhnen</ability> <desc><self>Ich</self> muss zuerst als <key>Angriffsziel</key> <key>gewählt</key> werden.</desc>,Verhöhnen,Soldat (https://www.notion.so/Soldat-16a95bba56ba80a0a97af872ec32e686?pvs=21),,,,,2,2,"October 27, 2025 4:38 PM",Common,"Internal Playtesting (https://www.notion.so/Internal-Playtesting-29895bba56ba80729756daaaa59bd560?pvs=21), TCG Arena (https://www.notion.so/TCG-Arena-29995bba56ba8075ab9efa1a1e76ba80?pvs=21)",Yes,TCG Arena,20/30,,15/35
Wache des Trosses,,AC07 (https://www.notion.so/AC07-28695bba56ba8121a0e4e6be5b836154?pvs=21),No,Aqua (https://www.notion.so/Aqua-8c3b1bb2cc364f6ba274d390ac8d3800?pvs=21),Timon,"March 30, 2024 9:24 PM",,374,,Charakter (https://www.notion.so/Charakter-cdfda7ca52aa435bbb22610007798d2f?pvs=21),"<ability>Nachschub</ability> <desc>Wenn <self>ich</self> <key>sterbe</key>, <key>ziehe</key> 1 <key>Karte</key>.</desc>",Nachschub,Soldat (https://www.notion.so/Soldat-16a95bba56ba80a0a97af872ec32e686?pvs=21),,1,,,,3,"October 26, 2025 8:59 PM",Common,Internal Playtesting (https://www.notion.so/Internal-Playtesting-29895bba56ba80729756daaaa59bd560?pvs=21),Yes,Export,20/20,,20/30
Stürmische Zauberin,,,No,Magica (https://www.notion.so/Magica-ba80d98941c8405d875cb3e6fdb6bf34?pvs=21),Timon,"March 31, 2024 10:03 AM",,376,,Charakter (https://www.notion.so/Charakter-cdfda7ca52aa435bbb22610007798d2f?pvs=21),,,Magier (https://www.notion.so/Magier-3a53f2f6a1ef426b8a25520ab3d354b1?pvs=21),,,,1,,2,"August 14, 2025 9:04 PM",,,No,Playtest,30/30,,30/30
Erschöpfender Angriff,,,No,Aeris (https://www.notion.so/Aeris-5996f3899d7740fc809fe30a652d20c6?pvs=21),Lukas Loetscher,"March 31, 2024 10:04 AM",,377,,Charakter (https://www.notion.so/Charakter-cdfda7ca52aa435bbb22610007798d2f?pvs=21),"<ability>Erstschlag</ability> <desc>Mein Schaden wird zuerst berechnet.</desc>
Falls <self>ich</self> diesen <key>Zug</key> angegriffen habe, nehme <self>ich</self> am <key>Zugende</key> die <key>Verteidigungsposition</key> ein.","Erstschlag. 
Drehe diese Karte in Verteidigungsposition, am Ende deines Zuges, falls du mit ihr in diesem Zug angegriffen hast.",Krieger (https://www.notion.so/Krieger-86700da5b47d4073ae8e37cc896f9162?pvs=21),3,,,,,4,"August 17, 2025 8:09 PM",,,No,Playtest,70/20,,30/20
Champion von Magica,,MC06 (https://www.notion.so/MC06-28695bba56ba81e09ca5f87a77cc6846?pvs=21),No,Magica (https://www.notion.so/Magica-ba80d98941c8405d875cb3e6fdb6bf34?pvs=21),Timon,"March 31, 2024 10:06 AM",,378,,Charakter (https://www.notion.so/Charakter-cdfda7ca52aa435bbb22610007798d2f?pvs=21),"<ability>Bannkreis 1</ability> <desc><self>Ich</self> <key>betrete</key> das <zone>Feld</zone> mit 1 <key>Bannkreis</key>, der allen <key>Schaden</key> abwehrt.</desc>",Bannkreis 1,Krieger (https://www.notion.so/Krieger-86700da5b47d4073ae8e37cc896f9162?pvs=21),,,,3,,1,"October 26, 2025 8:25 PM",Common,Internal Playtesting (https://www.notion.so/Internal-Playtesting-29895bba56ba80729756daaaa59bd560?pvs=21),Yes,Export,30/40,,40/30
Leichtsinnige Schützin,,EC04 (https://www.notion.so/EC04-28695bba56ba818194fbc438f9adb83d?pvs=21),No,Aeris (https://www.notion.so/Aeris-5996f3899d7740fc809fe30a652d20c6?pvs=21),Timon,"March 31, 2024 10:17 AM",,380,,Charakter (https://www.notion.so/Charakter-cdfda7ca52aa435bbb22610007798d2f?pvs=21),"<ability>Verhöhnen</ability> <desc><self>Ich</self> muss zuerst als <key>Angriffsziel</key> <key>gewählt</key> werden.</desc>
<ability>Positionswechsel</ability> <desc>Ändere die <key>Position</key> eines <kind>Charakters</kind>.</desc>","Verhöhnen (Muss in der Kampfphase als Angriffsziel gewählt werden)
Positionswechsel (Charakter kann die Kampfposition auch in der Hauptphase ändern) ",Soldat (https://www.notion.so/Soldat-16a95bba56ba80a0a97af872ec32e686?pvs=21),2,,,,,,"October 26, 2025 7:37 PM",Common,Internal Playtesting (https://www.notion.so/Internal-Playtesting-29895bba56ba80729756daaaa59bd560?pvs=21),Yes,Export,25/10,,10/25
Schneller Säbel,,EC06 (https://www.notion.so/EC06-28695bba56ba810caa33c0868a9283e8?pvs=21),No,Aeris (https://www.notion.so/Aeris-5996f3899d7740fc809fe30a652d20c6?pvs=21),Gut Christian,"March 31, 2024 6:32 PM",,381,,Charakter (https://www.notion.so/Charakter-cdfda7ca52aa435bbb22610007798d2f?pvs=21),<ability>Erstschlag</ability> <desc>Mein Schaden wird zuerst berechnet.</desc>,Erstschlag,Krieger (https://www.notion.so/Krieger-86700da5b47d4073ae8e37cc896f9162?pvs=21),1,,,,,1,"October 27, 2025 4:38 PM",Common,"Internal Playtesting (https://www.notion.so/Internal-Playtesting-29895bba56ba80729756daaaa59bd560?pvs=21), TCG Arena (https://www.notion.so/TCG-Arena-29995bba56ba8075ab9efa1a1e76ba80?pvs=21)",Yes,TCG Arena,10/10,,10/10
Bogenschütze,,,No,Aeris (https://www.notion.so/Aeris-5996f3899d7740fc809fe30a652d20c6?pvs=21),Gut Christian,"March 31, 2024 6:34 PM",,382,,Charakter (https://www.notion.so/Charakter-cdfda7ca52aa435bbb22610007798d2f?pvs=21),"In Deiner <phase>Angriffsphase</phase>, nachdem alle <key>Angriffsziele</key> angesagt wurden und <self>ich</self> nicht <key>angreife</key>, füge einem <key>feindlichen</key> <kind>Charakter</kind> Deiner Wahl <damage>5</damage> <key>Schaden</key> zu.","In deiner Angriffsphase, nachdem alle Angrifsziele angesagt wurden und ich nicht angreife, füge ich einem feindlichem Charakter deiner Wahl 5 Schaden zu.",Soldat (https://www.notion.so/Soldat-16a95bba56ba80a0a97af872ec32e686?pvs=21),1,,,,,1,"October 27, 2025 4:38 PM",,TCG Arena (https://www.notion.so/TCG-Arena-29995bba56ba8075ab9efa1a1e76ba80?pvs=21),No,TCG Arena,10/10,,10/10
Leibwächter,,,No,Terra (https://www.notion.so/Terra-a6762ab5136d4598aafb8d77da6be70f?pvs=21),Gut Christian,"March 31, 2024 6:37 PM",,383,,Charakter (https://www.notion.so/Charakter-cdfda7ca52aa435bbb22610007798d2f?pvs=21),"<ability>Bannkreis 1</ability> <desc><self>Ich</self> <key>betrete</key> das <zone>Feld</zone> mit 1 <key>Bannkreis</key>, der allen <key>Schaden</key> abwehrt.</desc>
<ability>Doppelblock</ability> <desc><self>Ich</self> darf zwei <key>Gegner</key> gleichzeitig <key>blocken</key>.</desc>","Bannkreis 1
Doppelblock",Soldat (https://www.notion.so/Soldat-16a95bba56ba80a0a97af872ec32e686?pvs=21),,,,,2,3,"August 17, 2025 7:58 PM",,,No,Playtest,20/30,,10/50
Schildkanalisiererin,,,No,Aqua (https://www.notion.so/Aqua-8c3b1bb2cc364f6ba274d390ac8d3800?pvs=21),Gut Christian,"March 31, 2024 6:38 PM",,384,,Charakter (https://www.notion.so/Charakter-cdfda7ca52aa435bbb22610007798d2f?pvs=21),,Zu beginn jeder Kampfphase erhält ein anderer befreundeter Charakter deiner Wahl +10/0 bis Ende des Zuges.,Soldat (https://www.notion.so/Soldat-16a95bba56ba80a0a97af872ec32e686?pvs=21),,1,,,,2,"August 14, 2025 8:57 PM",,,No,Neu,20/20,,10/35
Assasine,,,No,Magica (https://www.notion.so/Magica-ba80d98941c8405d875cb3e6fdb6bf34?pvs=21),Gut Christian,"March 31, 2024 6:40 PM",,385,,Charakter (https://www.notion.so/Charakter-cdfda7ca52aa435bbb22610007798d2f?pvs=21),,Unblockbar,,,,,,,,"May 27, 2024 1:59 PM",,,No,Backup,35/25,,35/25
Magier des Wasserwalls,,AC11 (https://www.notion.so/AC11-28695bba56ba817e8813e2499a6a3f15?pvs=21),No,Aqua (https://www.notion.so/Aqua-8c3b1bb2cc364f6ba274d390ac8d3800?pvs=21),Gut Christian,"March 31, 2024 6:41 PM",,386,,Charakter (https://www.notion.so/Charakter-cdfda7ca52aa435bbb22610007798d2f?pvs=21),Verteidiger,Verteidiger,Magier (https://www.notion.so/Magier-3a53f2f6a1ef426b8a25520ab3d354b1?pvs=21),,1,,,,2,"October 27, 2025 5:22 PM",Common,Internal Playtesting (https://www.notion.so/Internal-Playtesting-29895bba56ba80729756daaaa59bd560?pvs=21),Yes,Export,,,15/45
"Erhardt, der Suchende ",,,No,Aqua (https://www.notion.so/Aqua-8c3b1bb2cc364f6ba274d390ac8d3800?pvs=21),Gut Christian,"March 31, 2024 6:43 PM",,387,,Charakter (https://www.notion.so/Charakter-cdfda7ca52aa435bbb22610007798d2f?pvs=21),,Herbeirufen 1,,,1,,,,1,"September 21, 2025 8:42 PM",,,No,Neu,10/10,,10/10
Hauptmann,,,No,Aeris (https://www.notion.so/Aeris-5996f3899d7740fc809fe30a652d20c6?pvs=21),Gut Christian,"March 31, 2024 6:44 PM",,388,,Charakter (https://www.notion.so/Charakter-cdfda7ca52aa435bbb22610007798d2f?pvs=21),"Wenn <self>ich</self> das <zone>Feld</zone> <key>betrete</key>, wende <ability>Herbeirufen 2</ability> an. <desc>Decke 5 Karten von Deinem Deck auf und nimm eine mit Kosten 2 oder weniger auf die <zone>Hand</zone>. Lege dann alle anderen so aufgedeckten Karten gemischt unter Dein Deck.</desc>",Herbeirufen2,Anführer (https://www.notion.so/Anf-hrer-5014765dddb3438f86c31b63b4523367?pvs=21),1,,,,,3,"August 17, 2025 7:58 PM",,,No,Playtest,30/30,,30/30
Hüne,,TC13 (https://www.notion.so/TC13-28695bba56ba819dafbccc3a4e0c78ad?pvs=21),No,Terra (https://www.notion.so/Terra-a6762ab5136d4598aafb8d77da6be70f?pvs=21),Gut Christian,"March 31, 2024 6:44 PM",,389,,Charakter (https://www.notion.so/Charakter-cdfda7ca52aa435bbb22610007798d2f?pvs=21),<ability>Bedrohlich</ability> <desc><self>Ich</self> kann nur durch mindestens 2 <kind>Charaktere</kind> <key>geblockt</key> werden.</desc>,Bedrohlich  (Kann nur von 2 oder mehr Charaktere geblockt werden),Krieger (https://www.notion.so/Krieger-86700da5b47d4073ae8e37cc896f9162?pvs=21),,,,,1,2,"October 27, 2025 4:38 PM",Common,"Internal Playtesting (https://www.notion.so/Internal-Playtesting-29895bba56ba80729756daaaa59bd560?pvs=21), TCG Arena (https://www.notion.so/TCG-Arena-29995bba56ba8075ab9efa1a1e76ba80?pvs=21)",Yes,TCG Arena,20/20,,20/20
"Tutorin der Ignis-Klinge ",,,No,Ignis (https://www.notion.so/Ignis-ca68b053cd74404a8fa85893e505b753?pvs=21),Gut Christian,"March 31, 2024 6:45 PM",,390,,Charakter (https://www.notion.so/Charakter-cdfda7ca52aa435bbb22610007798d2f?pvs=21),"Wenn <self>ich</self> <key>angreife</key>, erhält ein anderer angreifender <kind>Charakter</kind> Deiner Wahl bis <key>Zugende</key> <stats>+10/+0</stats>.","Wenn ich angreife, erhält ein anderer angreifender Charakter deiner Wahl +10/+0 bis Ende des Zuges.",Krieger (https://www.notion.so/Krieger-86700da5b47d4073ae8e37cc896f9162?pvs=21),,,1,,,2,"September 14, 2025 1:49 PM",,,No,Playtest,20/20,,20/20
Windiger Jäger,,EC05 (https://www.notion.so/EC05-28695bba56ba81a6af12f5d977502df9?pvs=21),No,Aeris (https://www.notion.so/Aeris-5996f3899d7740fc809fe30a652d20c6?pvs=21),Gut Christian,"March 31, 2024 6:46 PM",,391,,Charakter (https://www.notion.so/Charakter-cdfda7ca52aa435bbb22610007798d2f?pvs=21),<ability>Sofort spielbar</ability> <desc>Du darfst <self>mich</self> jederzeit spielen.</desc>,Sofort Spielbar,Krieger (https://www.notion.so/Krieger-86700da5b47d4073ae8e37cc896f9162?pvs=21),1,,,,,,"October 27, 2025 10:12 PM",Common,Internal Playtesting (https://www.notion.so/Internal-Playtesting-29895bba56ba80729756daaaa59bd560?pvs=21),Yes,Export,5/5,,5/10
Mord,,,No,Ungeprägt (https://www.notion.so/Ungepr-gt-2fd48ac2c29b47108245679f33342673?pvs=21),Gut Christian,"March 31, 2024 6:46 PM","Niemand schrie, niemand rührte sich – nur das Blut floss.",392,,Ereignis (https://www.notion.so/Ereignis-88e179fa1fd740499a32ee3ed4377596?pvs=21),<key>Zerstöre</key> einen <kind>Charakter</kind> Deiner Wahl.,Zerstöre einen Charakter deiner Wahl.,,,,,,,6,"October 27, 2025 4:38 PM",,"Alpha Set  (https://www.notion.so/Alpha-Set-22495bba56ba80dea926d7979a373c53?pvs=21), TCG Arena (https://www.notion.so/TCG-Arena-29995bba56ba8075ab9efa1a1e76ba80?pvs=21)",No,TCG Arena,,,
Mächtiger Steingolem,,TC17 (https://www.notion.so/TC17-28695bba56ba8197adbfdbb45211b3d8?pvs=21),No,Terra (https://www.notion.so/Terra-a6762ab5136d4598aafb8d77da6be70f?pvs=21),Timon,"March 31, 2024 7:40 PM",,393,,Charakter (https://www.notion.so/Charakter-cdfda7ca52aa435bbb22610007798d2f?pvs=21),<ability>Verhöhnen</ability> <desc><self>Ich</self> muss zuerst als <key>Angriffsziel</key> <key>gewählt</key> werden.</desc>,Verhöhnen (Muss in der Kampfphase als Angriffsziel gewählt werden.),Elementarwesen (https://www.notion.so/Elementarwesen-416ecc433e6d4261a4640d1384950176?pvs=21),,,,,3,5,"October 26, 2025 8:54 PM",Common,Internal Playtesting (https://www.notion.so/Internal-Playtesting-29895bba56ba80729756daaaa59bd560?pvs=21),Yes,Export,50/70,,70/50
Meuchelmörder,,,No,Aeris (https://www.notion.so/Aeris-5996f3899d7740fc809fe30a652d20c6?pvs=21),Lukas Loetscher,"April 1, 2024 12:37 PM",,394,,Charakter (https://www.notion.so/Charakter-cdfda7ca52aa435bbb22610007798d2f?pvs=21),"<ability>Tödlicher Angriff</ability> <desc><damage>5</damage> <key>Schaden</key> von mir genügen, um mein Ziel zu töten.</desc>
<ability>Bedrohlich</ability> <desc><self>Ich</self> kann nur durch mindestens 2 <kind>Charaktere</kind> <key>geblockt</key> werden.</desc>
<self>Ich</self> darf nur <kind>Charaktere</kind> <key>angreifen</key>.","Kann nur Charaktere angreifen
Tödlicher angriff
Kann nur von 2 oder mehr charateren geblockt werden",Gefolge (https://www.notion.so/Gefolge-d8ea55c1066e4abbb15b1b371bd0f320?pvs=21),,2,,,,1,"August 17, 2025 7:55 PM",,,No,Playtest,10/5,,0/5
Sprengmeister,,,No,Ignis (https://www.notion.so/Ignis-ca68b053cd74404a8fa85893e505b753?pvs=21),Gut Christian,"April 4, 2024 10:58 PM",,397,,Charakter (https://www.notion.so/Charakter-cdfda7ca52aa435bbb22610007798d2f?pvs=21),"<ability>Doppelblock</ability> <desc><self>Ich</self> darf zwei <key>Gegner</key> gleichzeitig <key>blocken</key>.</desc>
Nachdem <self>ich</self> <key>angegriffen</key> habe oder an einem <key>Kampf</key> beteiligt war, sterbe <self>ich</self> am Ende der <key>Kampfphase</key>.","Doppelblock
Wenn ich angegriffen habe oder an einem Kampf beteiligt war, sterbe ich  am Ende der Kampfphase.",Gefolge (https://www.notion.so/Gefolge-d8ea55c1066e4abbb15b1b371bd0f320?pvs=21),,,2,,,2,"October 27, 2025 4:38 PM",,TCG Arena (https://www.notion.so/TCG-Arena-29995bba56ba8075ab9efa1a1e76ba80?pvs=21),No,TCG Arena,50/5,,50/5
Rhythmik des Geschehens,,,No,,Timon,"April 5, 2024 11:22 AM",,398,Erste Ideen,Ereignis (https://www.notion.so/Ereignis-88e179fa1fd740499a32ee3ed4377596?pvs=21),,,,,,,,,,"August 10, 2025 8:26 PM",,,No,Backup,,,
Schrein der ewigen Jagt,,,No,Aeris (https://www.notion.so/Aeris-5996f3899d7740fc809fe30a652d20c6?pvs=21),Timon,"April 5, 2024 11:22 AM",,399,Erste Ideen,Manifestation (https://www.notion.so/Manifestation-01fa783543da4ed2964edb521e465bd0?pvs=21),,Zu beginn deiner Kampfphase. Du kannst einer deiner Charaktere wählen. Dieser erhält Ansturm bis zum ende des Zuges,,,,,,,,"August 10, 2025 8:26 PM",,,No,Backup,,1,
Glücksritter,,,No,Magica (https://www.notion.so/Magica-ba80d98941c8405d875cb3e6fdb6bf34?pvs=21),Timon,"April 27, 2024 3:09 PM",,400,,Charakter (https://www.notion.so/Charakter-cdfda7ca52aa435bbb22610007798d2f?pvs=21),"Immer wenn <self>ich</self> <key>angreife</key>, wirf eine <key>Münze</key>. Bei <key>Kopf</key>, wähle ein <kind>Ereignis</kind> Deiner Wahl aus Deinem <zone>Friedhof</zone> und spiele es. Schicke es danach ins <zone>Exil</zone>.","Einzigartig
Immer wenn ich angreife, wirf eine Münze. Bei Kopf wähle ein Ereignis deiner Wahl aus deinem Friedhof und wirke sie, danach verbanne das Ereignis.",Adel (https://www.notion.so/Adel-16a95bba56ba8066bc1bc23c764d9b4b?pvs=21),,,,1,,2,"October 27, 2025 4:38 PM",,TCG Arena (https://www.notion.so/TCG-Arena-29995bba56ba8075ab9efa1a1e76ba80?pvs=21),No,TCG Arena,10/25,,20/20
Trügerischer See,,AC23 (https://www.notion.so/AC23-28695bba56ba81a88cdcd04bb74a3004?pvs=21),No,Aqua (https://www.notion.so/Aqua-8c3b1bb2cc364f6ba274d390ac8d3800?pvs=21),Gut Christian,"April 29, 2024 8:30 PM",,401,,Manifestation (https://www.notion.so/Manifestation-01fa783543da4ed2964edb521e465bd0?pvs=21),"Immer wenn ein <kind>Charakter</kind>, den Du <key>kontrollierst</key>, das <zone>Feld</zone> <key>betritt</key>, erhole einen <key>Elementar</key> Deiner Wahl.","Immer wenn ein Charakter, den du kontrollierst, das Feld betritt, enttappe eine Elementarkarte deiner wahl.",,,2,,,,1,"October 27, 2025 4:38 PM",Common,"Internal Playtesting (https://www.notion.so/Internal-Playtesting-29895bba56ba80729756daaaa59bd560?pvs=21), TCG Arena (https://www.notion.so/TCG-Arena-29995bba56ba8075ab9efa1a1e76ba80?pvs=21)",Yes,TCG Arena,,1,
"Dahlia bint Ishaq al-Bahar, die Wissenssucherin",Dahlia bint Ishaq al-Bahar (https://www.notion.so/Dahlia-bint-Ishaq-al-Bahar-8df28018255943c9820fdee90396560b?pvs=21),,Yes,Aqua (https://www.notion.so/Aqua-8c3b1bb2cc364f6ba274d390ac8d3800?pvs=21),Gut Christian,"April 29, 2024 8:47 PM","""Wir stehen zusammen, ungebeugt und frei”",402,,Charakter (https://www.notion.so/Charakter-cdfda7ca52aa435bbb22610007798d2f?pvs=21),"Wenn <self>ich</self> das <zone>Feld</zone> <key>betrete</key>, wende <ability>2 × Herbeirufen 3</ability> an. <desc>Decke 5 Karten von Deinem Deck auf und nimm eine mit Kosten 3 oder weniger auf die <zone>Hand</zone>. Lege dann alle anderen so aufgedeckten Karten gemischt unter Dein Deck.</desc>","Einzigartig
Wenn ich das Feld betrete, wende zwei mal “Herbeirufen 3” an.",Gefolge (https://www.notion.so/Gefolge-d8ea55c1066e4abbb15b1b371bd0f320?pvs=21),,2,,,,3,"October 27, 2025 4:38 PM",,"Alpha Set  (https://www.notion.so/Alpha-Set-22495bba56ba80dea926d7979a373c53?pvs=21), TCG Arena (https://www.notion.so/TCG-Arena-29995bba56ba8075ab9efa1a1e76ba80?pvs=21)",Yes,TCG Arena,20/20,,15/15
Provozierender Frosch,,,No,Aqua (https://www.notion.so/Aqua-8c3b1bb2cc364f6ba274d390ac8d3800?pvs=21),Gut Christian,"April 29, 2024 8:48 PM",,403,,Charakter (https://www.notion.so/Charakter-cdfda7ca52aa435bbb22610007798d2f?pvs=21),"<ability>Verhöhnen</ability> <desc><self>Ich</self> muss zuerst als <key>Angriffsziel</key> <key>gewählt</key> werden.</desc>
<ability>Tödlicher Angriff</ability> <desc><damage>5</damage> <key>Schaden</key> von mir genügen, um mein Ziel zu töten.</desc>","Verhöhnen, Tödlicher Angriff,",Bestie (https://www.notion.so/Bestie-95ad0a0b63a24c66940280fe886abd05?pvs=21),,1,,,,2,"October 27, 2025 4:38 PM",,TCG Arena (https://www.notion.so/TCG-Arena-29995bba56ba8075ab9efa1a1e76ba80?pvs=21),No,TCG Arena,5/5,,5/5
Kleiner Magicaschrein,,,No,Magica (https://www.notion.so/Magica-ba80d98941c8405d875cb3e6fdb6bf34?pvs=21),Timon,"April 29, 2024 9:14 PM",,404,Erste Ideen,Manifestation (https://www.notion.so/Manifestation-01fa783543da4ed2964edb521e465bd0?pvs=21),,Zu Beginn deines Zuges darfst Du einen Charakter auf die Hand seines Besitzers schicken.,,,,,,,,"August 10, 2025 8:26 PM",,,No,Backup,,1,
Crowd Funding,,,No,,Jan Appel,"May 2, 2024 11:02 AM",,405,Erste Ideen,,,,,,,,,,,"August 10, 2025 8:26 PM",,,No,Backup,,,
"Kasha, Champion des Wandels","Kasha, “Champion des Wandels” (https://www.notion.so/Kasha-Champion-des-Wandels-8e36b93a84f5444a8cac62f76ea566ac?pvs=21)",,Yes,Ignis (https://www.notion.so/Ignis-ca68b053cd74404a8fa85893e505b753?pvs=21),Gut Christian,"May 27, 2024 2:14 PM","“Ihr nennt mich Wahnsinn, doch ich bin der Tanz des Wandels, den keiner wagt, zu führen!”",406,,Charakter (https://www.notion.so/Charakter-cdfda7ca52aa435bbb22610007798d2f?pvs=21),"<ability>Angreifer</ability> <desc><self>Ich</self> darf nur in <key>Angriffsposition</key> stehen.</desc>
<ability>Ansturm</ability> <desc><self>Ich</self> darf in dem <key>Zug</key> <key>angreifen</key>, in dem <self>ich</self> auf das <zone>Feld</zone> gekommen bin.</desc>
<self>Ich</self> <key>greife an</key>, wann immer <self>ich</self> kann.","Einzigartig, Angreifer, Ansturm,
Ich muss immer angreifen, falls möglich.",Krieger (https://www.notion.so/Krieger-86700da5b47d4073ae8e37cc896f9162?pvs=21),,,2,,,2,"October 27, 2025 4:38 PM",,"Alpha Set  (https://www.notion.so/Alpha-Set-22495bba56ba80dea926d7979a373c53?pvs=21), TCG Arena (https://www.notion.so/TCG-Arena-29995bba56ba8075ab9efa1a1e76ba80?pvs=21)",Yes,TCG Arena,35/25,,–/–
"Annun Kamik, der Eismagier","Annun Kamik, der Eismagier (https://www.notion.so/Annun-Kamik-der-Eismagier-08e0b53723d24f4888a4e173d20593cb?pvs=21)",,Yes,Magica (https://www.notion.so/Magica-ba80d98941c8405d875cb3e6fdb6bf34?pvs=21),Gut Christian,"May 27, 2024 2:27 PM","“Albträume zeigen uns, was zerstört werden muss, damit Neues entstehen kann.”",407,,Charakter (https://www.notion.so/Charakter-cdfda7ca52aa435bbb22610007798d2f?pvs=21),"Wenn <self>ich</self> das <zone>Feld</zone> <key>betrete</key>, schicke einen <kind>Charakter</kind> mit <key>Elementarkosten</key> 4 oder weniger ins <zone>Exil</zone>, bis <self>ich</self> das <zone>Feld</zone> verlasse.","Einzigartig
Wenn ich das Feld betrete, verbanne einen Charakter mit Elementarkosten 4 oder weniger, bis ich das Feld verlasse.",Magier (https://www.notion.so/Magier-3a53f2f6a1ef426b8a25520ab3d354b1?pvs=21),,,,3,,2,"October 27, 2025 4:38 PM",,"Alpha Set  (https://www.notion.so/Alpha-Set-22495bba56ba80dea926d7979a373c53?pvs=21), TCG Arena (https://www.notion.so/TCG-Arena-29995bba56ba8075ab9efa1a1e76ba80?pvs=21)",Yes,TCG Arena,35/20,,20/20
Der Aussenseiter,,,Yes,"Untitled (https://www.notion.so/d35d25d325c743149e1776eb8ab81078?pvs=21), Ungeprägt (https://www.notion.so/Ungepr-gt-2fd48ac2c29b47108245679f33342673?pvs=21)",Gut Christian,"June 4, 2024 9:45 PM",,408,Vittel,Charakter (https://www.notion.so/Charakter-cdfda7ca52aa435bbb22610007798d2f?pvs=21),,"Kultist
Einzigartig
Wenn dieser Charakter ins Spiel kommt, nimmt dein Gegner einen Charakter deiner Wahl auf seine Hand zurück.
Solange du eine Manifestation kontrollierst, kann dieser Charakter nicht angegriffen werden.",,,,,,,5,"August 10, 2025 8:23 PM",,,No,Backup,15/15,,15/15
Kultisten,,,No,"Ungeprägt (https://www.notion.so/Ungepr-gt-2fd48ac2c29b47108245679f33342673?pvs=21), Untitled (https://www.notion.so/d35d25d325c743149e1776eb8ab81078?pvs=21)",Gut Christian,"June 4, 2024 9:56 PM",,409,Vittel,Charakter (https://www.notion.so/Charakter-cdfda7ca52aa435bbb22610007798d2f?pvs=21),,"Kultist
Für jede Manifestation die du kontrollierst erhält dieser Charakter +10/10",,,,,,,2,"August 10, 2025 8:23 PM",,,No,Backup,10/10,,10/10
Richard Upton Pickman,,,Yes,"Ungeprägt (https://www.notion.so/Ungepr-gt-2fd48ac2c29b47108245679f33342673?pvs=21), Untitled (https://www.notion.so/d35d25d325c743149e1776eb8ab81078?pvs=21)",Gut Christian,"June 4, 2024 9:57 PM",,410,Vittel,Charakter (https://www.notion.so/Charakter-cdfda7ca52aa435bbb22610007798d2f?pvs=21),,"Kultist
Einzigartig 
Wenn dieser Charakter das Feld betritt durchsuche dein Deck oder Friedhof nach der Karte “Pickmans Modell” und nimm sie auf die Hand.",,,,,,,4,"August 10, 2025 8:23 PM",,,No,Backup,30/30,,30/30
Lavinia Whateley,,,Yes,"Ungeprägt (https://www.notion.so/Ungepr-gt-2fd48ac2c29b47108245679f33342673?pvs=21), Untitled (https://www.notion.so/d35d25d325c743149e1776eb8ab81078?pvs=21)",Gut Christian,"June 4, 2024 10:01 PM",,411,Vittel,Charakter (https://www.notion.so/Charakter-cdfda7ca52aa435bbb22610007798d2f?pvs=21),,"Kultist
Einzigartig
Wenn dieser Charakter Stirbt durchsuche dein Deck, deine Hand oder Friedhof nach “Wilbur Whateley” und lege ihn auf das Feld.",,,,,,,7,"August 10, 2025 8:23 PM",,,No,Backup,10/10,,10/10
Wilbur Whateley,,,Yes,"Ungeprägt (https://www.notion.so/Ungepr-gt-2fd48ac2c29b47108245679f33342673?pvs=21), Untitled (https://www.notion.so/d35d25d325c743149e1776eb8ab81078?pvs=21)",Gut Christian,"June 4, 2024 10:05 PM",,412,Vittel,Charakter (https://www.notion.so/Charakter-cdfda7ca52aa435bbb22610007798d2f?pvs=21),,"Kultist
Einzigartig
Entferne diese Karte vor Spielbeginn aus deinem Deck. Mische diese Karte nach dem ausspielen der Schild und Elementarkarten wieder in dein Deck. 
Kann nicht als Elementar gelegt werden, Kann nicht beschworen werden, Ruft beim Tod Dunwich Horror herbei, aus dem Deck, der Hand oder dem Friedhof.",,,,,,,,"August 10, 2025 8:23 PM",,,No,Backup,30/30,,30/30
Dunwich Horror,,,Yes,"Ungeprägt (https://www.notion.so/Ungepr-gt-2fd48ac2c29b47108245679f33342673?pvs=21), Untitled (https://www.notion.so/d35d25d325c743149e1776eb8ab81078?pvs=21)",Gut Christian,"June 4, 2024 10:07 PM",,413,Vittel,Charakter (https://www.notion.so/Charakter-cdfda7ca52aa435bbb22610007798d2f?pvs=21),,"Old One
Einzigartig
Entferne diese Karte vor Spielbeginn aus deinem Deck. Mische diese Karte nach dem ausspielen der Schild und Elementarkarten wieder in dein Deck. 
Kann nicht als Mana gelegt werden, Kann nicht beschworen werden",,,,,,,,"August 10, 2025 8:23 PM",,,No,Backup,50/50,,50/50
Herbert West - Reanimator,,,Yes,"Ungeprägt (https://www.notion.so/Ungepr-gt-2fd48ac2c29b47108245679f33342673?pvs=21), Untitled (https://www.notion.so/d35d25d325c743149e1776eb8ab81078?pvs=21)",Gut Christian,"June 4, 2024 10:09 PM",,414,Vittel,Charakter (https://www.notion.so/Charakter-cdfda7ca52aa435bbb22610007798d2f?pvs=21),,"Kultist
Einzigartig
Immer wenn Herbert West - Reanimator angreift, wirf eine Münze, bei Kopf bringe ein Kultist deiner Wahl aus dem Friedhof aufs Feld.",,,,,,,3,"August 10, 2025 8:23 PM",,,No,Backup,15/15,,15/15
U-Boot U29,,,Yes,"Ungeprägt (https://www.notion.so/Ungepr-gt-2fd48ac2c29b47108245679f33342673?pvs=21), Untitled (https://www.notion.so/d35d25d325c743149e1776eb8ab81078?pvs=21)",Gut Christian,"June 4, 2024 10:13 PM",,415,Vittel,Charakter (https://www.notion.so/Charakter-cdfda7ca52aa435bbb22610007798d2f?pvs=21),,"Kultist
Einzigartig, Verteidiger,
Wenn dieser Charakter das Feld betritt und du “Graf von Altberg-Ehrenstein” kontrollierst, durchsuche dein Deck, deine Hand und dein Friedhof nach “Der Tempel” und lege ihn auf das Feld.",,,,,,,4,"August 10, 2025 8:23 PM",,,No,Backup,-/-,,30/30
Graf von Altberg-Ehrenstein,,,Yes,"Ungeprägt (https://www.notion.so/Ungepr-gt-2fd48ac2c29b47108245679f33342673?pvs=21), Untitled (https://www.notion.so/d35d25d325c743149e1776eb8ab81078?pvs=21)",Gut Christian,"June 4, 2024 10:20 PM",,416,Vittel,Charakter (https://www.notion.so/Charakter-cdfda7ca52aa435bbb22610007798d2f?pvs=21),,"Kultist
Einzigartig, Verteidiger,
Wenn dieser Charakter das Feld betritt und du “U-Boot U29” kontrollierst, durchsuche dein Deck, deine Hand und dein Friedhof nach “Der Tempel” und lege ihn auf das Feld.",,,,,,,4,"August 10, 2025 8:23 PM",,,No,Backup,-/-,,20/20
Joseph Curwen,,,Yes,"Ungeprägt (https://www.notion.so/Ungepr-gt-2fd48ac2c29b47108245679f33342673?pvs=21), Untitled (https://www.notion.so/d35d25d325c743149e1776eb8ab81078?pvs=21)",Gut Christian,"June 4, 2024 10:21 PM",,417,Vittel,Charakter (https://www.notion.so/Charakter-cdfda7ca52aa435bbb22610007798d2f?pvs=21),,"Kultist
Einzigartig
Wenn dieser Charakter das Feld betritt übernimm die Kontrolle über einen Charakter, lege “Joseph Curwen”  unter diese Karte. Stirbt der Charakter werden beide Karten in den Friedhof ihres Besitzers gelegt.",,,,,,,6,"August 10, 2025 8:23 PM",,,No,Backup,-/-,,-/-
Robert Olmstead,,,No,"Ungeprägt (https://www.notion.so/Ungepr-gt-2fd48ac2c29b47108245679f33342673?pvs=21), Untitled (https://www.notion.so/d35d25d325c743149e1776eb8ab81078?pvs=21)",Gut Christian,"June 4, 2024 10:32 PM",,418,Vittel,Charakter (https://www.notion.so/Charakter-cdfda7ca52aa435bbb22610007798d2f?pvs=21),,"Kultist
Wenn dieser Charakter das Feld betritt, lege zwei münzen darauf.
zu Beginn deines Zuges entferne eine Münze.
Sobald du die letzte Münze entfernst, durchsuche dein Deck, Hand und Friedhof nach “Tiefenwesen” und lege ihn auf das Feld.",,,,,,,1,"August 10, 2025 8:23 PM",,,No,Backup,10/10,,10/10
Charles le Sorcier,,,Yes,"Ungeprägt (https://www.notion.so/Ungepr-gt-2fd48ac2c29b47108245679f33342673?pvs=21), Untitled (https://www.notion.so/d35d25d325c743149e1776eb8ab81078?pvs=21)",Gut Christian,"June 4, 2024 10:39 PM",,419,Vittel,Charakter (https://www.notion.so/Charakter-cdfda7ca52aa435bbb22610007798d2f?pvs=21),,"Kultist
Einzigartig
Am Ende deines Zuges nimm “Charles le Sorcier” vom Friedhof auf deine Hand.",,,,,,,4,"October 26, 2025 8:47 PM",,,No,Backup,20/20,,20/20
Cthulu`s Präsenz,,,Yes,"Untitled (https://www.notion.so/d35d25d325c743149e1776eb8ab81078?pvs=21), Ungeprägt (https://www.notion.so/Ungepr-gt-2fd48ac2c29b47108245679f33342673?pvs=21)",Gut Christian,"June 10, 2024 1:40 PM",,420,Vittel,Charakter (https://www.notion.so/Charakter-cdfda7ca52aa435bbb22610007798d2f?pvs=21),,"Old One
Einzigartig
Feldzauber
Diese Karte kann nicht zerstört werden.
Alle Kultisten und Monster erhalten +10/+10.
Wenn diese Karte das Feld betritt erhalten alle Charaktere Wahnsinn bis am Ende des Zuges.",,,,,,,7,"August 10, 2025 8:23 PM",,,No,Backup,-/-,,-/-
Vater Dagon,,,Yes,"Ungeprägt (https://www.notion.so/Ungepr-gt-2fd48ac2c29b47108245679f33342673?pvs=21), Untitled (https://www.notion.so/d35d25d325c743149e1776eb8ab81078?pvs=21)",Gut Christian,"June 10, 2024 1:49 PM",,421,Vittel,Charakter (https://www.notion.so/Charakter-cdfda7ca52aa435bbb22610007798d2f?pvs=21),,"Old One
Einzigartig
Monster erhalten +5/+0 für jedes Monster auf dem Feld das du kontrollierst.",,,,,,,7,"August 10, 2025 8:23 PM",,,No,Backup,50/50,,50/50
Mutter Hydra,,,Yes,"Untitled (https://www.notion.so/d35d25d325c743149e1776eb8ab81078?pvs=21), Ungeprägt (https://www.notion.so/Ungepr-gt-2fd48ac2c29b47108245679f33342673?pvs=21)",Gut Christian,"June 10, 2024 1:52 PM",,422,Vittel,Charakter (https://www.notion.so/Charakter-cdfda7ca52aa435bbb22610007798d2f?pvs=21),,"Old One
Einzigartig
Monster erhalten +0/+5 für jedes Monster auf dem Feld das du kontrollierst.",,,,,,,7,"August 10, 2025 8:23 PM",,,No,Backup,50/50,,50/50
Jäger der Finsternis,,,No,"Untitled (https://www.notion.so/d35d25d325c743149e1776eb8ab81078?pvs=21), Ungeprägt (https://www.notion.so/Ungepr-gt-2fd48ac2c29b47108245679f33342673?pvs=21)",Gut Christian,"June 10, 2024 1:55 PM",,423,Vittel,Charakter (https://www.notion.so/Charakter-cdfda7ca52aa435bbb22610007798d2f?pvs=21),,"Monster
Angreifer
Ansturm
Kann keine Schildkarten angreifen.",,,,,,,7,"August 10, 2025 8:23 PM",,,No,Backup,30/70,,-/-
Shoggothen,,,No,"Untitled (https://www.notion.so/d35d25d325c743149e1776eb8ab81078?pvs=21), Ungeprägt (https://www.notion.so/Ungepr-gt-2fd48ac2c29b47108245679f33342673?pvs=21)",Gut Christian,"June 10, 2024 1:57 PM",,424,Vittel,Charakter (https://www.notion.so/Charakter-cdfda7ca52aa435bbb22610007798d2f?pvs=21),,Monster,,,,,,,5,"August 10, 2025 8:23 PM",,,No,Backup,50/50,,50/50
Sternengezücht,,,No,"Untitled (https://www.notion.so/d35d25d325c743149e1776eb8ab81078?pvs=21), Ungeprägt (https://www.notion.so/Ungepr-gt-2fd48ac2c29b47108245679f33342673?pvs=21)",Gut Christian,"June 10, 2024 1:59 PM",,425,Vittel,Charakter (https://www.notion.so/Charakter-cdfda7ca52aa435bbb22610007798d2f?pvs=21),,"Monster
Zahle 3 Elemente, dieser Charakter wird in diesem Zug unblockbar und kann den Spieler nicht direkt angreifen.",,,,,,,3,"August 10, 2025 8:23 PM",,,No,Backup,20/20,,20/20
Mi-Go,,,No,"Untitled (https://www.notion.so/d35d25d325c743149e1776eb8ab81078?pvs=21), Ungeprägt (https://www.notion.so/Ungepr-gt-2fd48ac2c29b47108245679f33342673?pvs=21)",Gut Christian,"June 10, 2024 2:03 PM",,426,Vittel,Charakter (https://www.notion.so/Charakter-cdfda7ca52aa435bbb22610007798d2f?pvs=21),,Monster,,,,,,,3,"August 10, 2025 8:23 PM",,,No,Backup,30/30,,30/30
Tiefenwesen,,,No,"Untitled (https://www.notion.so/d35d25d325c743149e1776eb8ab81078?pvs=21), Ungeprägt (https://www.notion.so/Ungepr-gt-2fd48ac2c29b47108245679f33342673?pvs=21)",Gut Christian,"June 10, 2024 2:05 PM",,427,Vittel,Charakter (https://www.notion.so/Charakter-cdfda7ca52aa435bbb22610007798d2f?pvs=21),,Monster,,,,,,,2,"August 10, 2025 8:23 PM",,,No,Backup,20/20,,20/20
Pickmans Modell,,,No,"Untitled (https://www.notion.so/d35d25d325c743149e1776eb8ab81078?pvs=21), Ungeprägt (https://www.notion.so/Ungepr-gt-2fd48ac2c29b47108245679f33342673?pvs=21)",Gut Christian,"June 10, 2024 2:06 PM",,428,Vittel,Charakter (https://www.notion.so/Charakter-cdfda7ca52aa435bbb22610007798d2f?pvs=21),,Monster,,,,,,,4,"August 10, 2025 8:23 PM",,,No,Backup,40/40,,40/40
Brown Jenkins,,,Yes,"Untitled (https://www.notion.so/d35d25d325c743149e1776eb8ab81078?pvs=21), Ungeprägt (https://www.notion.so/Ungepr-gt-2fd48ac2c29b47108245679f33342673?pvs=21)",Gut Christian,"June 10, 2024 2:07 PM",,429,Vittel,Charakter (https://www.notion.so/Charakter-cdfda7ca52aa435bbb22610007798d2f?pvs=21),,"Monster
Einzigartig
Nachschub",,,,,,,2,"August 10, 2025 8:23 PM",,,No,Backup,0/5,,5/5
Bewohner von Yith,,,No,"Untitled (https://www.notion.so/d35d25d325c743149e1776eb8ab81078?pvs=21), Ungeprägt (https://www.notion.so/Ungepr-gt-2fd48ac2c29b47108245679f33342673?pvs=21)",Gut Christian,"June 10, 2024 2:09 PM",,430,Vittel,Charakter (https://www.notion.so/Charakter-cdfda7ca52aa435bbb22610007798d2f?pvs=21),,"Monster
Wenn dieser Charakter das Feld betritt übernimm die Kontrolle eines Charakters, den du nicht kontrollierst bis zum Ende des Zuges. Der Charakter erhält Ansturm und darf nur Charaktere angreifen.",,,,,,,5,"August 10, 2025 8:23 PM",,,No,Backup,5/5,,5/5
Hund von Tindalos,,,No,"Untitled (https://www.notion.so/d35d25d325c743149e1776eb8ab81078?pvs=21), Ungeprägt (https://www.notion.so/Ungepr-gt-2fd48ac2c29b47108245679f33342673?pvs=21)",Gut Christian,"June 10, 2024 2:13 PM",,431,Vittel,Charakter (https://www.notion.so/Charakter-cdfda7ca52aa435bbb22610007798d2f?pvs=21),,"Monster
Wenn der Gegner eine Karte zieht, abgesehen von der ersten Karte im schritt “Karte ziehen” tappe eine Elementarkarte des Gegners.",,,,,,,3,"August 10, 2025 8:23 PM",,,No,Backup,20/20,,20/20
Namenlose Katze,,,No,"Untitled (https://www.notion.so/d35d25d325c743149e1776eb8ab81078?pvs=21), Ungeprägt (https://www.notion.so/Ungepr-gt-2fd48ac2c29b47108245679f33342673?pvs=21)",Gut Christian,"June 10, 2024 2:17 PM",Sag niemals ihren Namen.,432,Vittel,Charakter (https://www.notion.so/Charakter-cdfda7ca52aa435bbb22610007798d2f?pvs=21),,"Monster
Wenn dieser Charakter das Feld betritt, erhalte eine zufällige Manifestation aus deinem Deck auf die Hand.",,,,,,,1,"August 10, 2025 8:23 PM",,,No,Backup,5/5,,5/5
Die Farbe aus dem All,,,Yes,"Untitled (https://www.notion.so/d35d25d325c743149e1776eb8ab81078?pvs=21), Ungeprägt (https://www.notion.so/Ungepr-gt-2fd48ac2c29b47108245679f33342673?pvs=21)",Gut Christian,"June 10, 2024 2:20 PM",,433,Vittel,Charakter (https://www.notion.so/Charakter-cdfda7ca52aa435bbb22610007798d2f?pvs=21),,"Old One
Einzigartig
Alle anderen Charaktere erhalten -10/-10 solange sich die Farbe aus dem All auf dem Feld befindet.
Wenn dieser Charakter das Feld betritt zerstöre eine Elementarkarte.",,,,,,,7,"August 10, 2025 8:23 PM",,,No,Backup,40/40,,50/50
Manuskript - Der König in Gelb,,,No,"Untitled (https://www.notion.so/d35d25d325c743149e1776eb8ab81078?pvs=21), Ungeprägt (https://www.notion.so/Ungepr-gt-2fd48ac2c29b47108245679f33342673?pvs=21)",Gut Christian,"June 10, 2024 2:25 PM",,434,Vittel,Ereignis (https://www.notion.so/Ereignis-88e179fa1fd740499a32ee3ed4377596?pvs=21),,Ein Charakter deiner Wahl erhält Wahnsinn,,,,,,,2,"August 10, 2025 8:23 PM",,,No,Backup,,,
Die geliebten Toten,,,No,"Untitled (https://www.notion.so/d35d25d325c743149e1776eb8ab81078?pvs=21), Ungeprägt (https://www.notion.so/Ungepr-gt-2fd48ac2c29b47108245679f33342673?pvs=21)",Gut Christian,"June 10, 2024 2:27 PM",,435,Vittel,Ereignis (https://www.notion.so/Ereignis-88e179fa1fd740499a32ee3ed4377596?pvs=21),,Ein Kultist deiner Wahl von deinem Friedhof kommt auf das Feld zurück. Der Charakter erhält Wahnsinn bis zum ende des Zuges.,,,,,,,4,"August 10, 2025 8:23 PM",,,No,Backup,,,
Azathoth Erwacht,,,No,"Untitled (https://www.notion.so/d35d25d325c743149e1776eb8ab81078?pvs=21), Ungeprägt (https://www.notion.so/Ungepr-gt-2fd48ac2c29b47108245679f33342673?pvs=21)",Gut Christian,"June 10, 2024 2:29 PM",,436,Vittel,Ereignis (https://www.notion.so/Ereignis-88e179fa1fd740499a32ee3ed4377596?pvs=21),,"Ermittle für alle Spieler einen zufälligen Charakter oder Manifestation .
Zerstöre alle anderen Charaktere und Manifestationen.",,,,,,,6,"August 10, 2025 8:23 PM",,,No,Backup,,,
Azathoth Träumt,,,No,"Untitled (https://www.notion.so/d35d25d325c743149e1776eb8ab81078?pvs=21), Ungeprägt (https://www.notion.so/Ungepr-gt-2fd48ac2c29b47108245679f33342673?pvs=21)",Gut Christian,"June 10, 2024 2:32 PM",,437,Vittel,Ereignis (https://www.notion.so/Ereignis-88e179fa1fd740499a32ee3ed4377596?pvs=21),,"Sofort spielbar
Zerstöre von jedem Spieler einen zufälligen Charakter oder Manifestation.",,,,,,,3,"August 10, 2025 8:23 PM",,,No,Backup,,,
Die Musik des Erich Zann,,,No,"Untitled (https://www.notion.so/d35d25d325c743149e1776eb8ab81078?pvs=21), Ungeprägt (https://www.notion.so/Ungepr-gt-2fd48ac2c29b47108245679f33342673?pvs=21)",Gut Christian,"June 10, 2024 2:34 PM",,438,Vittel,Ereignis (https://www.notion.so/Ereignis-88e179fa1fd740499a32ee3ed4377596?pvs=21),,"Sofort spielbar
Verhindere dass eine Charakter oder Manifestation ins Spiel kommt.",,,,,,,3,"August 10, 2025 8:23 PM",,,No,Backup,,,
Das Necronomicon Lesen,,,No,"Untitled (https://www.notion.so/d35d25d325c743149e1776eb8ab81078?pvs=21), Ungeprägt (https://www.notion.so/Ungepr-gt-2fd48ac2c29b47108245679f33342673?pvs=21)",Gut Christian,"June 10, 2024 2:36 PM",,439,Vittel,Ereignis (https://www.notion.so/Ereignis-88e179fa1fd740499a32ee3ed4377596?pvs=21),,"Sofort spielbar
Sehe dir eine beliebige Schildkarte oder eine beliebige Handkarte des Gegners an.",,,,,,,2,"August 10, 2025 8:23 PM",,,No,Backup,,,
Carcosa,,,No,"Untitled (https://www.notion.so/d35d25d325c743149e1776eb8ab81078?pvs=21), Ungeprägt (https://www.notion.so/Ungepr-gt-2fd48ac2c29b47108245679f33342673?pvs=21)",Gut Christian,"June 10, 2024 2:56 PM",,440,Vittel,Manifestation (https://www.notion.so/Manifestation-01fa783543da4ed2964edb521e465bd0?pvs=21),,"Kann nur einmal im Deck sein, Ziehe am Anfang des Spiels diese Karte aus dem Deck und spiele sie als eine deiner Schildkarten, wenn dieser Schild zerstört wird, der Charakter der diesen Schild zerstört hat wird auf den Friedhof gelegt. Carcosa kommt ebenfalls auf den Friedhof.",,,,,,,,"August 10, 2025 8:23 PM",,,No,Backup,,,
Innsmouth,,,No,"Untitled (https://www.notion.so/d35d25d325c743149e1776eb8ab81078?pvs=21), Ungeprägt (https://www.notion.so/Ungepr-gt-2fd48ac2c29b47108245679f33342673?pvs=21)",Gut Christian,"June 10, 2024 2:59 PM",,441,Vittel,Manifestation (https://www.notion.so/Manifestation-01fa783543da4ed2964edb521e465bd0?pvs=21),,"Wirf am Ende deines Zuges eine Münze. Durchsuche bei Kopf dein Deck nach einem Tiefenwesen und nimm es auf die Hand. Befindet sich in deinem Deck kein Sternengezücht, darfst du auch deinen Friedhof durchsuchen. Mische dann dein Deck.",,,,,,,2,"August 10, 2025 8:23 PM",,,No,Backup,,,
Hexenhaus,,,No,"Untitled (https://www.notion.so/d35d25d325c743149e1776eb8ab81078?pvs=21), Ungeprägt (https://www.notion.so/Ungepr-gt-2fd48ac2c29b47108245679f33342673?pvs=21)",Gut Christian,"June 10, 2024 3:04 PM",,442,Vittel,Manifestation (https://www.notion.so/Manifestation-01fa783543da4ed2964edb521e465bd0?pvs=21),,"Brown Jenkins kostet ein Element weniger.
Opfere diese Manifestation um einen Charakter den du kontrollierst der eine Schildkarte angreift bis zum ende des Zuges unblockbar zu machen.",,,,,,,2,"August 10, 2025 8:23 PM",,,No,Backup,,,
Der Schwarze Stein,,,No,"Untitled (https://www.notion.so/d35d25d325c743149e1776eb8ab81078?pvs=21), Ungeprägt (https://www.notion.so/Ungepr-gt-2fd48ac2c29b47108245679f33342673?pvs=21)",Gut Christian,"June 10, 2024 3:08 PM",,443,Vittel,Manifestation (https://www.notion.so/Manifestation-01fa783543da4ed2964edb521e465bd0?pvs=21),,"Am Ende deines Zuges darfst du entweder einen Kultisten vom Feld opfern oder einen Kultist von deiner Hand auf den Friedhof legen.
Wenn du das machst durchsuche dein Deck oder Friedhof nach einem Old One und nimm diesen auf die Hand.",,,,,,,5,"August 10, 2025 8:23 PM",,,No,Backup,,,
Der Tempel,,,No,"Untitled (https://www.notion.so/d35d25d325c743149e1776eb8ab81078?pvs=21), Ungeprägt (https://www.notion.so/Ungepr-gt-2fd48ac2c29b47108245679f33342673?pvs=21)",Gut Christian,"June 10, 2024 3:11 PM",,444,Vittel,Manifestation (https://www.notion.so/Manifestation-01fa783543da4ed2964edb521e465bd0?pvs=21),,"Entferne diese Karte vor Spielbeginn aus deinem Deck. Mische diese Karte nach dem ausspielen der Schild und Elementarkarten wieder in dein Deck. Kann nicht als Elementar gelegt werden, Kann nicht beschworen werden, Verhöhnen, 3 mal Bannkreis",,,,,,,,"August 10, 2025 8:23 PM",,,No,Backup,,2,
Dunwich,,,No,"Untitled (https://www.notion.so/d35d25d325c743149e1776eb8ab81078?pvs=21), Ungeprägt (https://www.notion.so/Ungepr-gt-2fd48ac2c29b47108245679f33342673?pvs=21)",Gut Christian,"June 10, 2024 3:13 PM",,445,Vittel,Manifestation (https://www.notion.so/Manifestation-01fa783543da4ed2964edb521e465bd0?pvs=21),,"Lavinia Whateley kostet drei Elemente weniger.
 
Auch als Manifestation gespielt kann Dunwich wie ein Element eingesetzt werden.",,,,,,,4,"August 10, 2025 8:23 PM",,,No,Backup,,,
Miskatonic-Universität,,,No,"Untitled (https://www.notion.so/d35d25d325c743149e1776eb8ab81078?pvs=21), Ungeprägt (https://www.notion.so/Ungepr-gt-2fd48ac2c29b47108245679f33342673?pvs=21)",Gut Christian,"June 10, 2024 3:15 PM",,446,Vittel,Manifestation (https://www.notion.so/Manifestation-01fa783543da4ed2964edb521e465bd0?pvs=21),,Wirf am Ende deines Zuges eine Münze. Bei Kopf erhalte ein Ereignis aus dem Deck auf die Hand.,,,,,,,4,"August 10, 2025 8:23 PM",,,No,Backup,,,
Die Verfluchte Heide,,,No,"Untitled (https://www.notion.so/d35d25d325c743149e1776eb8ab81078?pvs=21), Ungeprägt (https://www.notion.so/Ungepr-gt-2fd48ac2c29b47108245679f33342673?pvs=21)",Gut Christian,"June 10, 2024 3:18 PM",,447,Vittel,Manifestation (https://www.notion.so/Manifestation-01fa783543da4ed2964edb521e465bd0?pvs=21),,"Kann nicht zerstört werden.
Wenn diese Manifestation das Feld betritt, zerstöre eine zufällige Elementarkarte eines Gegners.
Alle Charaktere erhalten -5/0.",,,,,,,6,"August 10, 2025 8:23 PM",,,No,Backup,,,
R`lyeh,,,No,"Untitled (https://www.notion.so/d35d25d325c743149e1776eb8ab81078?pvs=21), Ungeprägt (https://www.notion.so/Ungepr-gt-2fd48ac2c29b47108245679f33342673?pvs=21)",Gut Christian,"June 10, 2024 3:25 PM",,448,Vittel,Manifestation (https://www.notion.so/Manifestation-01fa783543da4ed2964edb521e465bd0?pvs=21),,"Wirf am Ende deines Zuges eine Münze. Durchsuche bei Kopf dein Deck nach einem Sternengezücht und nimm es auf die Hand. Befindet sich in deinem Deck kein Sternengezücht, darfst du auch deinen Friedhof durchsuchen. Mische dann dein Deck.",,,,,,,5,"August 10, 2025 8:23 PM",,,No,Backup,,,
Monolith,,,No,"Untitled (https://www.notion.so/d35d25d325c743149e1776eb8ab81078?pvs=21), Ungeprägt (https://www.notion.so/Ungepr-gt-2fd48ac2c29b47108245679f33342673?pvs=21)",Gut Christian,"June 10, 2024 3:26 PM",,449,Vittel,Manifestation (https://www.notion.so/Manifestation-01fa783543da4ed2964edb521e465bd0?pvs=21),,Zu Beginn der ersten Hauptphase erhält ein Charakter deiner Wahl ein Bannkreis. Entferne diesen Bannkreis zu Beginn deines nächsten Zuges.,,,,,,,4,"August 10, 2025 8:23 PM",,,No,Backup,,,
Y`ha-nthlei,,,No,"Untitled (https://www.notion.so/d35d25d325c743149e1776eb8ab81078?pvs=21), Ungeprägt (https://www.notion.so/Ungepr-gt-2fd48ac2c29b47108245679f33342673?pvs=21)",Gut Christian,"June 10, 2024 3:30 PM",,451,Vittel,Manifestation (https://www.notion.so/Manifestation-01fa783543da4ed2964edb521e465bd0?pvs=21),,"Dagon und Hydra kosten zwei Elemente weniger.
Dagan und Hydra betreten das Feld mit je einem Bannkreis.",,,,,,,3,"August 10, 2025 8:23 PM",,,No,Backup,,,
Verheerendes Beben,,,No,Terra (https://www.notion.so/Terra-a6762ab5136d4598aafb8d77da6be70f?pvs=21),Gut Christian,"June 17, 2024 4:00 PM",,452,,Ereignis (https://www.notion.so/Ereignis-88e179fa1fd740499a32ee3ed4377596?pvs=21),Zerstöre eine <kind>Manifestation</kind> Deiner Wahl.,Zerstöre eine Manifestation deiner wahl.,,,,,,2,1,"October 27, 2025 4:38 PM",,TCG Arena (https://www.notion.so/TCG-Arena-29995bba56ba8075ab9efa1a1e76ba80?pvs=21),No,TCG Arena,,,
"Aramis von Rabenstein, Priester des Lichts",Aramis von Rabenstein (https://www.notion.so/Aramis-von-Rabenstein-c8a0500bfd9b431e872c1373de973798?pvs=21),,Yes,Terra (https://www.notion.so/Terra-a6762ab5136d4598aafb8d77da6be70f?pvs=21),Gut Christian,"July 7, 2024 6:34 PM","“Vertraut auf mein Licht, denn selbst der tiefste Schatten flieht vor dem Mut der Seele, die glaubt.”",453,,Charakter (https://www.notion.so/Charakter-cdfda7ca52aa435bbb22610007798d2f?pvs=21),"<ability>Bannkreis 2</ability> <desc>Ich <key>betrete</key> das <zone>Feld</zone> mit 2 <key>Bannkreisen</key>, die allen <key>Schaden</key> abwehren.</desc>
<cost><opt/></cost><desc>Einmal pro Zug</desc> Verschiebe in Deiner <phase>Hauptphase</phase> einen <key>Bannkreis</key> von <self>mir</self> auf einen anderen <kind>Charakter</kind>.","Einzigartig
Bannkreis 2
OPT: du darfst einen Bannkreis von mir auf einen anderen Charakter verschieben.",Priester (https://www.notion.so/Priester-048bd95495bd4b0daf5c7b992a39f61a?pvs=21),,,,,2,3,"October 27, 2025 4:38 PM",,"Alpha Set  (https://www.notion.so/Alpha-Set-22495bba56ba80dea926d7979a373c53?pvs=21), TCG Arena (https://www.notion.so/TCG-Arena-29995bba56ba8075ab9efa1a1e76ba80?pvs=21)",Yes,TCG Arena,30/30,,30/30
"Celia, Priesterin des Sol",Celia von Sonnenberg (https://www.notion.so/Celia-von-Sonnenberg-ad63744849d84f6f992661cf22208e57?pvs=21),,Yes,Magica (https://www.notion.so/Magica-ba80d98941c8405d875cb3e6fdb6bf34?pvs=21),Gut Christian,"July 7, 2024 6:49 PM","Wenn sie ruft, bricht Sols Blick durch Wolken wie eine Strafe; und wer Unschuld zerstört, spürt die sengende Wut des Lichts selbst.",454,,Charakter (https://www.notion.so/Charakter-cdfda7ca52aa435bbb22610007798d2f?pvs=21),"<ability>Bannkreis 1</ability> <desc><self>Ich</self> <key>betrete</key> das <zone>Feld</zone> mit 1 <key>Bannkreis</key>, der allen <key>Schaden</key> abwehrt.</desc>
<cost><magica/><unshaped2/></cost> Lege einen <key>Bannkreis</key> auf einen anderen <kind>Charakter</kind> Deiner Wahl mit <key>Stärke</key> 15 oder weniger, oder auf <name>Aramis von Rabenstein</name>.","Einzigartig,
Bannkreis 1,
2,M; Lege ein Bannkreis auf einen anderen Charakter deiner wahl, mit Stärke 15 oder weniger, oder Aramis von Rabenstein.",Magier (https://www.notion.so/Magier-3a53f2f6a1ef426b8a25520ab3d354b1?pvs=21),,,,2,,2,"October 27, 2025 4:38 PM",,"Alpha Set  (https://www.notion.so/Alpha-Set-22495bba56ba80dea926d7979a373c53?pvs=21), TCG Arena (https://www.notion.so/TCG-Arena-29995bba56ba8075ab9efa1a1e76ba80?pvs=21)",Yes,TCG Arena,15/15,,15/15
Icarus’ Schlag,,,No,Aeris (https://www.notion.so/Aeris-5996f3899d7740fc809fe30a652d20c6?pvs=21),Gut Christian,"September 24, 2024 8:41 PM",,455,Erste Ideen,Ereignis (https://www.notion.so/Ereignis-88e179fa1fd740499a32ee3ed4377596?pvs=21),,"Als zusätzliche kosten, um diese Karte auszuspielen, Opfere einen Charakter den du kontrollierst.
Zerstöre einen Charakter deiner Wahl.",,,,,,,,"October 23, 2025 8:13 PM",,,No,Backup,,,
Artillerie-Bombardement,,IC20 (https://www.notion.so/IC20-28695bba56ba819e928fc1685274876a?pvs=21),No,Ignis (https://www.notion.so/Ignis-ca68b053cd74404a8fa85893e505b753?pvs=21),Gut Christian,"September 24, 2024 9:04 PM",,456,,Ereignis (https://www.notion.so/Ereignis-88e179fa1fd740499a32ee3ed4377596?pvs=21),"Führe den folgenden Schritt bis zu 3-mal aus:
<ul>
<li>Füge einem <kind>Charakter</kind> oder einer <kind>Manifestation</kind> <damage>20</damage> <key>Schaden</key> zu.</li>
</ul>","Führe den folgenden Schritt bis zu drei mal aus.
- Füge einem Charakter oder Manifestation 20 Schaden zu.",,,,3,,,3,"October 27, 2025 4:38 PM",Common,"Internal Playtesting (https://www.notion.so/Internal-Playtesting-29895bba56ba80729756daaaa59bd560?pvs=21), TCG Arena (https://www.notion.so/TCG-Arena-29995bba56ba8075ab9efa1a1e76ba80?pvs=21)",Yes,TCG Arena,,,
Die wilde Jagd,,EC23 (https://www.notion.so/EC23-28695bba56ba8107b9e0eb8f4e1b8261?pvs=21),No,Aeris (https://www.notion.so/Aeris-5996f3899d7740fc809fe30a652d20c6?pvs=21),Gut Christian,"September 24, 2024 9:17 PM",,457,,Ereignis (https://www.notion.so/Ereignis-88e179fa1fd740499a32ee3ed4377596?pvs=21),"Alle gegnerischen <kind>Charaktere</kind> werden bis zum Beginn Deines nächsten <key>Zuges</key> <ability>rasend</ability>. <desc>Ein rasender <kind>Charakter</kind> wird in der ersten Hauptphase in die <key>Angriffsposition</key> gebracht und muss <key>angreifen</key>, wann immer möglich.</desc>","Alle Charaktere die du nicht kontrollierst werden “Rasend” bis zu beginn deines nächsten Zuges.
Ein Charakter mit Rasend wird in der ersten Hauptphase in die Angriffsposition gebracht und muss angreifen falls möglich.",,3,,,,,1,"October 27, 2025 4:38 PM",Common,"Internal Playtesting (https://www.notion.so/Internal-Playtesting-29895bba56ba80729756daaaa59bd560?pvs=21), TCG Arena (https://www.notion.so/TCG-Arena-29995bba56ba8075ab9efa1a1e76ba80?pvs=21)",Yes,TCG Arena,,,
Ausmerzen,,MC12 (https://www.notion.so/MC12-28695bba56ba81b2be3aeacb1914a541?pvs=21),No,Magica (https://www.notion.so/Magica-ba80d98941c8405d875cb3e6fdb6bf34?pvs=21),Gut Christian,"September 24, 2024 9:28 PM",,459,,Ereignis (https://www.notion.so/Ereignis-88e179fa1fd740499a32ee3ed4377596?pvs=21),Schicke einen <kind>Charakter</kind> Deiner Wahl ins <zone>Exil</zone>.,Schicke einen Charakter deiner Wahl ins Exil.,,,,,3,,1,"October 27, 2025 4:38 PM",Common,"Internal Playtesting (https://www.notion.so/Internal-Playtesting-29895bba56ba80729756daaaa59bd560?pvs=21), TCG Arena (https://www.notion.so/TCG-Arena-29995bba56ba8075ab9efa1a1e76ba80?pvs=21)",Yes,TCG Arena,,,
Weltenbrand,,MC20 (https://www.notion.so/MC20-28695bba56ba812e9aa8cb3d90dd55ac?pvs=21),No,Magica (https://www.notion.so/Magica-ba80d98941c8405d875cb3e6fdb6bf34?pvs=21),Gut Christian,"September 24, 2024 9:30 PM","Die Elementtreuen erzählen noch heute, wie der Himmel selbst schrie, als die Welt in Flammen ertrank.",460,,Ereignis (https://www.notion.so/Ereignis-88e179fa1fd740499a32ee3ed4377596?pvs=21),Schicke alle <kind>Charaktere</kind> auf den <zone>Friedhof</zone>.,Schick alle Charaktere auf den Friedhof.,,,,,2,,4,"October 27, 2025 4:38 PM",Common,"Alpha Set  (https://www.notion.so/Alpha-Set-22495bba56ba80dea926d7979a373c53?pvs=21), Internal Playtesting (https://www.notion.so/Internal-Playtesting-29895bba56ba80729756daaaa59bd560?pvs=21), TCG Arena (https://www.notion.so/TCG-Arena-29995bba56ba8075ab9efa1a1e76ba80?pvs=21)",Yes,TCG Arena,,,
Siegelpyramide,,MC22 (https://www.notion.so/MC22-28695bba56ba81a39c07d61f8532c226?pvs=21),No,Magica (https://www.notion.so/Magica-ba80d98941c8405d875cb3e6fdb6bf34?pvs=21),Gut Christian,"September 24, 2024 9:33 PM","Unter dem Siegel schlummert, was aus unseren Landen auf Ewigkeit verbannt sein sollte.",461,,Manifestation (https://www.notion.so/Manifestation-01fa783543da4ed2964edb521e465bd0?pvs=21),"Wenn <self>ich</self> ins <key>Spiel</key> komme, schicke einen <kind>Charakter</kind> Deiner Wahl ins <zone>Exil</zone>, bis <self>ich</self> das <zone>Feld</zone> verlasse. Der <kind>Charakter</kind> kehrt dann in <key>Verteidigungsposition</key> auf das <zone>Feld</zone> seines <key>Besitzers</key> zurück.","Wenn Siegelpyramide ins Spiel kommt, schicke einen Charakter deiner Wahl ins Exil, bis Siegelpyramide das Feld verlässt. (Wenn Siegelpyramide zerstört wird, kehrt der Charakter in Verteidigungsposition auf das Feld seines Besitzers zurück.)",,,,,2,,1,"October 27, 2025 4:38 PM",Common,"Alpha Set  (https://www.notion.so/Alpha-Set-22495bba56ba80dea926d7979a373c53?pvs=21), Internal Playtesting (https://www.notion.so/Internal-Playtesting-29895bba56ba80729756daaaa59bd560?pvs=21), TCG Arena (https://www.notion.so/TCG-Arena-29995bba56ba8075ab9efa1a1e76ba80?pvs=21)",Yes,TCG Arena,,0,
Regelkarte Wahnsinn,,,No,,Marco Meierhofer,"September 26, 2024 6:09 PM",,462,Vittel,,,"Wird ein Charakter mit Wahnsinn belegt, so muss dieser sofort einen zufälligen anderen Charakter angreifen, das gilt für feindliche und verbündete Charaktere. Am besten wirft man dafür einen geeigneten Würfel. Dafür darf dieser Charakter auch in der Verteidigungsstellung angreifen. Gibt es für den Charakter kein Angriffsziel kommt Wahnsinn nicht zum tragen. Sollten mehre Charaktere gleichzeitig Wahnsinn erhalten kämpfen sie gleichzeitig. Dabei dürfen nur jeweils zwei Charaktere miteinander kämpfen.",,,,,,,,"August 10, 2025 8:23 PM",,,No,Backup,,,
Pekars Segen,,,No,Magica (https://www.notion.so/Magica-ba80d98941c8405d875cb3e6fdb6bf34?pvs=21),Timon,"November 20, 2024 4:41 PM",,464,,Manifestation (https://www.notion.so/Manifestation-01fa783543da4ed2964edb521e465bd0?pvs=21),Alle Deine <kind>Charaktere</kind> und <kind>Manifestationen</kind> auf dem <zone>Feld</zone> mit mindestens 1 <key>Bannkreis</key> können nicht von <kind>Ereignissen</kind> und <kind>Fähigkeiten</kind> als <key>Ziel</key> gewählt werden.,Alle deine Charaktere und Manifestationen auf dem Feld mit einem Bannkreis können nicht von Ereignissen und Fähigkeiten nicht gezielt werden. Es darf ein neues Ziel gewählt werden.,,,,,2,,3,"October 27, 2025 4:38 PM",,TCG Arena (https://www.notion.so/TCG-Arena-29995bba56ba8075ab9efa1a1e76ba80?pvs=21),No,TCG Arena,,1,
Windstoss,,EC19 (https://www.notion.so/EC19-28695bba56ba810caef9fbaa19c09192?pvs=21),No,Aeris (https://www.notion.so/Aeris-5996f3899d7740fc809fe30a652d20c6?pvs=21),Gut Christian,"November 20, 2024 7:36 PM",,465,Erste Ideen,Ereignis (https://www.notion.so/Ereignis-88e179fa1fd740499a32ee3ed4377596?pvs=21),Ändere die Position von bis zu zwei Charakteren,Ändere die Position von bis zu zwei Charakteren,,2,,,,,2,"October 27, 2025 5:22 PM",Common,Internal Playtesting (https://www.notion.so/Internal-Playtesting-29895bba56ba80729756daaaa59bd560?pvs=21),Yes,Export,,,
"Alvar, dem König sein Knecht","Alvar, dem König sein Knecht (https://www.notion.so/Alvar-dem-K-nig-sein-Knecht-11995bba56ba803791dff0804eefb100?pvs=21)",,Yes,Aqua (https://www.notion.so/Aqua-8c3b1bb2cc364f6ba274d390ac8d3800?pvs=21),Gut Christian,"March 3, 2025 5:29 PM","Manchmal fragt sich Alvar, ob sein Streben nach Rettung nur eine Flucht vor der Angst ist, den König je enttäuschen zu können.",466,,Charakter (https://www.notion.so/Charakter-cdfda7ca52aa435bbb22610007798d2f?pvs=21),"<cost><opt/></cost> Ein befreundeter <kind>Charakter</kind> Deiner Wahl erhält einen <key>Bannkreis</key>. Wirf als <key>Kosten</key> eine <key>Münze</key>. Bei <key>Kopf</key> erhält der <kind>Charakter</kind> bis <key>Zugende</key> <stats>-10/-10</stats>, bei <key>Zahl</key> fügt der <typ>Charakter</typ> einem anderen, <key>befreundeten</key> <kind>Charakter</kind> Deiner Wahl <key>Schaden</key> in Höhe seiner <key>Stärke</key> zu.","Einzigartig
opt;  Ein befreundeter Charakter deiner Wahl erhält ein Gottesschild. Wirf eine Münze, bei Kopf erhält der Charakter -10/-10 bis Zugende, bei Zahl fügt der Charakter einem anderen befreundeten Charakter deiner Wahl schaden in höhe seiner Stärke zu.",Gefolge (https://www.notion.so/Gefolge-d8ea55c1066e4abbb15b1b371bd0f320?pvs=21),,2,,,,1,"October 27, 2025 4:38 PM",,"Alpha Set  (https://www.notion.so/Alpha-Set-22495bba56ba80dea926d7979a373c53?pvs=21), TCG Arena (https://www.notion.so/TCG-Arena-29995bba56ba8075ab9efa1a1e76ba80?pvs=21)",Yes,TCG Arena,10/10,,10/10
Babette E.Y. MacMetth,Babette E.Y. MacMetth (https://www.notion.so/Babette-E-Y-MacMetth-27595bba56ba807d95d7c5e2d5e610d1?pvs=21),,Yes,Terra (https://www.notion.so/Terra-a6762ab5136d4598aafb8d77da6be70f?pvs=21),Gut Christian,"March 3, 2025 5:46 PM",,467,,Charakter (https://www.notion.so/Charakter-cdfda7ca52aa435bbb22610007798d2f?pvs=21),,"Einzigartig,
Tödlicher Angriff gegen Magier. 
2,T, OPT; Füge einem Charakter deiner Wahl 10 Schaden zu.
Wenn du Janthe Nain O'Leary kontrollierst füge stattdessen 20 schaden zu.",Abenteurer (https://www.notion.so/Abenteurer-18c618e1fbc44737ad118d41cdbfa787?pvs=21),,,,,2,1,"October 26, 2025 5:55 PM",,,No,Neu,15/20,,15/20
Janthe Nain O'Leary,Janthe Nain O'Leary (https://www.notion.so/Janthe-Nain-O-Leary-27595bba56ba802eac0fd1d2d80d8e79?pvs=21),,Yes,Terra (https://www.notion.so/Terra-a6762ab5136d4598aafb8d77da6be70f?pvs=21),Gut Christian,"March 3, 2025 6:01 PM",,468,,Charakter (https://www.notion.so/Charakter-cdfda7ca52aa435bbb22610007798d2f?pvs=21),,"Einzigartig,
Tödlicher Angriff gegen Magier. 
2,T, OPT; Füge einem Charakter deiner Wahl 10 Schaden zu.
Wenn du Babette E.Y. MacMetth kontrollierst füge stattdessen 20 schaden zu.",Abenteurer (https://www.notion.so/Abenteurer-18c618e1fbc44737ad118d41cdbfa787?pvs=21),,,,,2,1,"October 26, 2025 5:55 PM",,,No,Neu,15/20,,15/20
"Soldat Rian, James",Soldat Rian (https://www.notion.so/Soldat-Rian-1cd95bba56ba8058893ee6e7ffaec50e?pvs=21),,Yes,Terra (https://www.notion.so/Terra-a6762ab5136d4598aafb8d77da6be70f?pvs=21),Gut Christian,"March 4, 2025 1:38 PM",,469,,Charakter (https://www.notion.so/Charakter-cdfda7ca52aa435bbb22610007798d2f?pvs=21),"Wenn <self>ich</self> das <zone>Feld</zone> verlasse und nicht durch einen <key>Kampf</key> <key>zerstört</key> werde, bringe <self>mich</self> zurück auf Dein <zone>Feld</zone>.","Einzigartig,
Wenn ich das Feld verlasse und nicht durch einen Kampf zerstört würde, bringe mich auf dein Feld zurück.",Soldat (https://www.notion.so/Soldat-16a95bba56ba80a0a97af872ec32e686?pvs=21),,,,,2,1,"October 26, 2025 5:55 PM",,,Yes,Playtest,15/20,,15/20
"Keroth, Thul'Heen des Südlichen Siegels ",Keroth (https://www.notion.so/Keroth-1cd95bba56ba80d0aa0bc0df6f198430?pvs=21),,Yes,Terra (https://www.notion.so/Terra-a6762ab5136d4598aafb8d77da6be70f?pvs=21),Gut Christian,"March 5, 2025 12:58 PM","“Sich erheben von der Erde, bis das Schaf zum Wolfe werde!”",470,,Charakter (https://www.notion.so/Charakter-cdfda7ca52aa435bbb22610007798d2f?pvs=21),"<typ>Soldaten</typ>, die Du <key>kontrollierst</key>, erhalten <stats>+15/+15</stats>.","Einzigartig
Soldaten die du kontrollierst erhalten +15/+15",Anführer (https://www.notion.so/Anf-hrer-5014765dddb3438f86c31b63b4523367?pvs=21),,,,,3,3,"October 27, 2025 4:38 PM",,"Alpha Set  (https://www.notion.so/Alpha-Set-22495bba56ba80dea926d7979a373c53?pvs=21), TCG Arena (https://www.notion.so/TCG-Arena-29995bba56ba8075ab9efa1a1e76ba80?pvs=21)",Yes,TCG Arena,55/55,,55/55
"Eurestes, Archon des Südlichen Siegels ",Eurestes (https://www.notion.so/Eurestes-1cd95bba56ba80af94cdd57bda142627?pvs=21),,Yes,Aeris (https://www.notion.so/Aeris-5996f3899d7740fc809fe30a652d20c6?pvs=21),Gut Christian,"March 5, 2025 1:04 PM","Seine Waffe entfesselt den reinen Grimm der Elemente, der die Verfemten zerschmettert.",471,,Charakter (https://www.notion.so/Charakter-cdfda7ca52aa435bbb22610007798d2f?pvs=21),<ability>Schildbrecher</ability> <desc>Überschüssiger <key>Schaden</key> an <key>Blockern</key> wird <self>meinem</self> ursprünglichen <key>Ziel</key> zugefügt.</desc>,"Einzigartig
Schildbrecher",Anführer (https://www.notion.so/Anf-hrer-5014765dddb3438f86c31b63b4523367?pvs=21),3,,,,,4,"September 17, 2025 8:11 PM",,Alpha Set  (https://www.notion.so/Alpha-Set-22495bba56ba80dea926d7979a373c53?pvs=21),No,Revision,65/65,,65/65
"Carmille, Beamtin der Hofkanzlei ",Carmille (https://www.notion.so/Carmille-11d95bba56ba80e890b1f1e542410ecc?pvs=21),,Yes,Terra (https://www.notion.so/Terra-a6762ab5136d4598aafb8d77da6be70f?pvs=21),Gut Christian,"March 6, 2025 2:29 PM",“Eure Belohnung? Die ist im Paragraph IV vertraglich geregelt.”,472,,Charakter (https://www.notion.so/Charakter-cdfda7ca52aa435bbb22610007798d2f?pvs=21),"Wenn ein <kind>Charakter</kind>, den Du <key>kontrollierst</key>, eine <key>Schildkarte</key> <key>zerstört</key>, <key>ziehe</key> eine <key>Karte</key>.","Einzigartig
Wenn ein Charakter, den du kontrollierst eine Schildkarte zerstört, ziehe eine Karte.",Gefolge (https://www.notion.so/Gefolge-d8ea55c1066e4abbb15b1b371bd0f320?pvs=21),,,,,1,1,"October 27, 2025 4:38 PM",,"Alpha Set  (https://www.notion.so/Alpha-Set-22495bba56ba80dea926d7979a373c53?pvs=21), TCG Arena (https://www.notion.so/TCG-Arena-29995bba56ba8075ab9efa1a1e76ba80?pvs=21)",Yes,TCG Arena,10/15,,10/15
"Laytja, Heilerin der Lüfte","Laytja, Heilerin der Winde (https://www.notion.so/Laytja-Heilerin-der-Winde-1cd95bba56ba80a19f44c528ccde798a?pvs=21)",,Yes,Aeris (https://www.notion.so/Aeris-5996f3899d7740fc809fe30a652d20c6?pvs=21),Gut Christian,"March 6, 2025 2:39 PM","“Sowie die Brise die Asche verweht, bringt der Wind Linderung für jede Wunde.”",473,,Charakter (https://www.notion.so/Charakter-cdfda7ca52aa435bbb22610007798d2f?pvs=21),"Wenn <self>ich</self> das <zone>Feld</zone> <key>betrete</key>, platziere einen <key>Bannkreis</key> auf einem anderen, <key>befreundeten</key> <kind>Charakter</kind>.","Einzigartig
Wenn ich das Feld betrete, platziere eine Bannkreis auf einen anderen befreundeten Charakter.",Priester (https://www.notion.so/Priester-048bd95495bd4b0daf5c7b992a39f61a?pvs=21),2,,,,,1,"October 27, 2025 4:38 PM",,"Alpha Set  (https://www.notion.so/Alpha-Set-22495bba56ba80dea926d7979a373c53?pvs=21), TCG Arena (https://www.notion.so/TCG-Arena-29995bba56ba8075ab9efa1a1e76ba80?pvs=21)",Yes,TCG Arena,15/15,,15/20
"Sirka Sorlissos, Hüterin der Halephischen Wälder",Sirka Sorlissos (https://www.notion.so/Sirka-Sorlissos-11d95bba56ba804f9218f493b1932cf7?pvs=21),,Yes,Terra (https://www.notion.so/Terra-a6762ab5136d4598aafb8d77da6be70f?pvs=21),Gut Christian,"March 10, 2025 8:28 AM",“Terra verzeiht vieles. Aber nie den Verrat am Kreislauf selbst.”,475,,Charakter (https://www.notion.so/Charakter-cdfda7ca52aa435bbb22610007798d2f?pvs=21),"Wenn <self>ich</self> das <zone>Feld</zone> <key>betrete</key>, decke die obersten 3 <key>Karten</key> von Deinem <zone>Deck</zone> auf, lege eine davon in Deine <zone>Elementarzone</zone> und den Rest unter Dein <zone>Deck</zone>.","Einzigartig
Wenn ich das Feld betrete, zeige die obersten drei Karten von deinem Deck auf, lege eine davon in deine Elementarzone den rest unter dein Deck.",Magier (https://www.notion.so/Magier-3a53f2f6a1ef426b8a25520ab3d354b1?pvs=21),,,,,2,2,"October 27, 2025 4:38 PM",,"Alpha Set  (https://www.notion.so/Alpha-Set-22495bba56ba80dea926d7979a373c53?pvs=21), TCG Arena (https://www.notion.so/TCG-Arena-29995bba56ba8075ab9efa1a1e76ba80?pvs=21)",Yes,TCG Arena,15/15,,15/15
Beatrix,"Iriel-Elisha, Yoah-Tan von Heldengrab (https://www.notion.so/Iriel-Elisha-Yoah-Tan-von-Heldengrab-11d95bba56ba800e9eb5de24401c9e91?pvs=21)",MC03 (https://www.notion.so/MC03-28695bba56ba812b8f62d81de8134bec?pvs=21),Yes,Magica (https://www.notion.so/Magica-ba80d98941c8405d875cb3e6fdb6bf34?pvs=21),Gut Christian,"March 10, 2025 8:42 AM",,476,,Charakter (https://www.notion.so/Charakter-cdfda7ca52aa435bbb22610007798d2f?pvs=21),"<ability>Sofort spielbar</ability> <desc>Du darfst <self>mich</self> jederzeit spielen.</desc>
<cost>Opfere <self>mich</self></cost> 2 <key>befreundete</key> <kind>Charaktere</kind> Deiner Wahl erhalten je 1 <key>Bannkreis</key>.","Einzigartig
Sofort, Opfere mich; Zwei befreundete Charaktere deiner Wahl erhalten einen Bannkreis.",Priester (https://www.notion.so/Priester-048bd95495bd4b0daf5c7b992a39f61a?pvs=21),,,,2,,2,"October 26, 2025 8:22 PM",Common,Internal Playtesting (https://www.notion.so/Internal-Playtesting-29895bba56ba80729756daaaa59bd560?pvs=21),Yes,Export,15/25,,15/30
"Kardes, der Feldkoch",Kardes (https://www.notion.so/Kardes-11d95bba56ba808f9231e9d46d5eb58e?pvs=21),,Yes,Terra (https://www.notion.so/Terra-a6762ab5136d4598aafb8d77da6be70f?pvs=21),Gut Christian,"March 10, 2025 8:46 AM",“Ein guter Eintopf füllt den Magen. Ein großartiger Eintopf hebt die Armeen wieder auf die Beine.”,477,,Charakter (https://www.notion.so/Charakter-cdfda7ca52aa435bbb22610007798d2f?pvs=21),"Wenn <self>ich</self> das <zone>Feld</zone> <key>betrete</key>, erhalten <key>befreundete</key> <kind>Charaktere</kind> <stats>+20/+20</stats> bis <key>Zugende</key>.","Einzigartig
Wenn ich das Feld betrete, erhalten alle befreundeten Charaktere +20/+20 bis zum ende des Zuges.",Gefolge (https://www.notion.so/Gefolge-d8ea55c1066e4abbb15b1b371bd0f320?pvs=21),,,,,2,2,"October 27, 2025 4:38 PM",,"Alpha Set  (https://www.notion.so/Alpha-Set-22495bba56ba80dea926d7979a373c53?pvs=21), TCG Arena (https://www.notion.so/TCG-Arena-29995bba56ba8075ab9efa1a1e76ba80?pvs=21)",Yes,TCG Arena,20/20,,20/20
"Tekkadahn, Waffenmeister Terras",Tekkadahn (https://www.notion.so/Tekkadahn-1cd95bba56ba80ba90ffe50298fcf551?pvs=21),TC05 (https://www.notion.so/TC05-28695bba56ba81dfa327e2a34bb41709?pvs=21),Yes,Terra (https://www.notion.so/Terra-a6762ab5136d4598aafb8d77da6be70f?pvs=21),Gut Christian,"March 10, 2025 8:53 AM",,478,,Charakter (https://www.notion.so/Charakter-cdfda7ca52aa435bbb22610007798d2f?pvs=21),,Einzigartig,Krieger (https://www.notion.so/Krieger-86700da5b47d4073ae8e37cc896f9162?pvs=21),,,,,2,2,"October 27, 2025 4:38 PM",Common,"Internal Playtesting (https://www.notion.so/Internal-Playtesting-29895bba56ba80729756daaaa59bd560?pvs=21), TCG Arena (https://www.notion.so/TCG-Arena-29995bba56ba8075ab9efa1a1e76ba80?pvs=21)",Yes,TCG Arena,50/50,,40/40
"Sir Beolf, Leutnant des Südlichen Siegels",Sir Beolf von der Wolfswacht  (https://www.notion.so/Sir-Beolf-von-der-Wolfswacht-1fa95bba56ba8140b2abe86b29f6bdc3?pvs=21),,Yes,Terra (https://www.notion.so/Terra-a6762ab5136d4598aafb8d77da6be70f?pvs=21),Gut Christian,"March 10, 2025 8:58 AM",“Der Untote verspottet das Leben; meine Klinge erinnert ihn an den Tod.”,479,,Charakter (https://www.notion.so/Charakter-cdfda7ca52aa435bbb22610007798d2f?pvs=21),"<typ>Soldaten</typ>, die Du <key>ausspielst</key>, kosten <unshaped1/> weniger.","Einzigartig
Soldaten die du kontrollierst kosten ein unbestimmtes Elementar weniger.",Anführer (https://www.notion.so/Anf-hrer-5014765dddb3438f86c31b63b4523367?pvs=21),,,,,2,3,"October 27, 2025 4:38 PM",,"Alpha Set  (https://www.notion.so/Alpha-Set-22495bba56ba80dea926d7979a373c53?pvs=21), TCG Arena (https://www.notion.so/TCG-Arena-29995bba56ba8075ab9efa1a1e76ba80?pvs=21)",Yes,TCG Arena,40/50,,40/50
"Aselhelm, Knapporal der Schwarzen Lilie",Aselhelm (https://www.notion.so/Aselhelm-1cd95bba56ba80d8a690c9c4c499e075?pvs=21),IC10 (https://www.notion.so/IC10-28695bba56ba810cb135c941e9055163?pvs=21),Yes,Ignis (https://www.notion.so/Ignis-ca68b053cd74404a8fa85893e505b753?pvs=21),Gut Christian,"March 10, 2025 9:04 AM","“Schlag zuerst, denk später.”",480,,Charakter (https://www.notion.so/Charakter-cdfda7ca52aa435bbb22610007798d2f?pvs=21),"<ability>Ansturm</ability> <desc><self>Ich</self> darf in dem <key>Zug</key> <key>angreifen</key>, in dem <self>ich</self> auf das <zone>Feld</zone> gekommen bin.</desc>","Einzigartig
Ansturm",Anführer (https://www.notion.so/Anf-hrer-5014765dddb3438f86c31b63b4523367?pvs=21),,,2,,,1,"October 27, 2025 4:38 PM",Common,"Alpha Set  (https://www.notion.so/Alpha-Set-22495bba56ba80dea926d7979a373c53?pvs=21), Internal Playtesting (https://www.notion.so/Internal-Playtesting-29895bba56ba80729756daaaa59bd560?pvs=21), TCG Arena (https://www.notion.so/TCG-Arena-29995bba56ba8075ab9efa1a1e76ba80?pvs=21)",Yes,TCG Arena,25/25,,25/25
"Ectelias, der Waldläufer",Ecthelias (https://www.notion.so/Ecthelias-17995bba56ba8028b790d35bc02e0c37?pvs=21),,Yes,Aeris (https://www.notion.so/Aeris-5996f3899d7740fc809fe30a652d20c6?pvs=21),Gut Christian,"March 10, 2025 9:08 AM",“Er ist schneller als Dein letzter Gedanke.”,481,,Charakter (https://www.notion.so/Charakter-cdfda7ca52aa435bbb22610007798d2f?pvs=21),"Wenn <self>ich</self> das <zone>Feld</zone> <key>betrete</key>, zahle <unshapedX/>. Sieh Dir X zufällige <zone>Handkarten</zone> eines <key>Gegners</key> an. Dieser <key>Gegner</key> legt eine <zone>Handkarte</zone> Deiner Wahl auf den <zone>Friedhof</zone>.","Einzigartig
Wenn ich das Feld betrete, zahle X, siehe dir X Handkarten deiner Wahl eines Gegners an, dein Gegner legt eine Handkarte deiner Wahl auf den Friedhof.",Abenteurer (https://www.notion.so/Abenteurer-18c618e1fbc44737ad118d41cdbfa787?pvs=21),2,,,,,2,"October 27, 2025 4:38 PM",,"Alpha Set  (https://www.notion.so/Alpha-Set-22495bba56ba80dea926d7979a373c53?pvs=21), TCG Arena (https://www.notion.so/TCG-Arena-29995bba56ba8075ab9efa1a1e76ba80?pvs=21)",Yes,TCG Arena,30/30,,30/30
"Thulmann, Weibel der Armee Bjarturs",Tuhlmann (https://www.notion.so/Tuhlmann-1cd95bba56ba800a9c4ad68e34fbf20d?pvs=21),,Yes,Terra (https://www.notion.so/Terra-a6762ab5136d4598aafb8d77da6be70f?pvs=21),Gut Christian,"March 10, 2025 9:15 AM",“Ein guter Befehl rettet hundert Leben.”,482,,Charakter (https://www.notion.so/Charakter-cdfda7ca52aa435bbb22610007798d2f?pvs=21),"Wenn <self>ich</self> das <zone>Feld</zone> <key>betrete</key>, wende <ability>2× Herbeirufen Soldat</ability> an. <desc>Decke 5 Karten von Deinem Deck auf und nimm eine vom Typ <typ>Soldat</typ> auf die <zone>Hand</zone>. Lege dann alle anderen so aufgedeckten Karten gemischt unter Dein Deck.</desc>","Einzigartig
Herbeirufen Soldat
Herbeirufen Soldat",Anführer (https://www.notion.so/Anf-hrer-5014765dddb3438f86c31b63b4523367?pvs=21),,,,,3,2,"October 27, 2025 4:38 PM",,"Alpha Set  (https://www.notion.so/Alpha-Set-22495bba56ba80dea926d7979a373c53?pvs=21), TCG Arena (https://www.notion.so/TCG-Arena-29995bba56ba8075ab9efa1a1e76ba80?pvs=21)",Yes,TCG Arena,30/30,,30/30
"Konrad, Waffenknecht in Bjartur",Soldat Konrad (https://www.notion.so/Soldat-Konrad-1cd95bba56ba80f9b251c8c7f9825b36?pvs=21),TC06 (https://www.notion.so/TC06-28695bba56ba819fb61de08e1618dbd3?pvs=21),Yes,Terra (https://www.notion.so/Terra-a6762ab5136d4598aafb8d77da6be70f?pvs=21),Gut Christian,"March 10, 2025 11:03 AM","“Mein Leben für die, die mir ihr Vertrauen schenken.”",483,,Charakter (https://www.notion.so/Charakter-cdfda7ca52aa435bbb22610007798d2f?pvs=21),<ability>Positionswechsel</ability> <desc>Ich darf stattdessen in der <phase>Hauptphase</phase> <self>meine</self> <key>Position</key> ändern.</desc>,"Einzigartig
Positionswechsel",Soldat (https://www.notion.so/Soldat-16a95bba56ba80a0a97af872ec32e686?pvs=21),,,,,2,,"October 27, 2025 4:38 PM",Common,"Alpha Set  (https://www.notion.so/Alpha-Set-22495bba56ba80dea926d7979a373c53?pvs=21), Internal Playtesting (https://www.notion.so/Internal-Playtesting-29895bba56ba80729756daaaa59bd560?pvs=21), TCG Arena (https://www.notion.so/TCG-Arena-29995bba56ba8075ab9efa1a1e76ba80?pvs=21)",Yes,TCG Arena,10/30,,15/20
"Eron, Ignis-Priester im Orden von Grauenfurt",Eron von Grauenfurt (https://www.notion.so/Eron-von-Grauenfurt-17995bba56ba80dd9583efee795a0cf9?pvs=21),,Yes,Ignis (https://www.notion.so/Ignis-ca68b053cd74404a8fa85893e505b753?pvs=21),Gut Christian,"March 10, 2025 11:12 AM","“Manchmal muss die Welt halt brennen, um gerettet zu werden.”",484,,Charakter (https://www.notion.so/Charakter-cdfda7ca52aa435bbb22610007798d2f?pvs=21),"<cost><ignis/><unshaped1/></cost> Bis <phase>Zugende</phase> erhalte <self>ich</self> <stats>+20/+0</stats> und <ability>Unblockbar</ability>, solange <self>ich</self> einen <kind>Charakter</kind> <key>angreife</key>. <desc><self>Ich</self> kann nicht <key>geblockt</key> werden.</desc>","Einzigartig
1,I; Ich erhalte +20/+0 und “unblockbar” bis Zugende solange ich einen Charakter angreife.",Priester (https://www.notion.so/Priester-048bd95495bd4b0daf5c7b992a39f61a?pvs=21),,,3,,,1,"October 27, 2025 4:38 PM",,"Alpha Set  (https://www.notion.so/Alpha-Set-22495bba56ba80dea926d7979a373c53?pvs=21), TCG Arena (https://www.notion.so/TCG-Arena-29995bba56ba8075ab9efa1a1e76ba80?pvs=21)",Yes,TCG Arena,30/50,,30/50
"Cherin, Aeris-Priesterin",Cherin Tehilla Yadah de Rihanner (https://www.notion.so/Cherin-Tehilla-Yadah-de-Rihanner-17995bba56ba80c68948cfe7e94623e7?pvs=21),,Yes,Aeris (https://www.notion.so/Aeris-5996f3899d7740fc809fe30a652d20c6?pvs=21),Gut Christian,"March 10, 2025 11:33 AM","“Ich bin nicht Herrin des Windes, sondern seine Dienerin, denn nur wer loslässt, kann lernen, wie weit er getragen wird.”",485,,Charakter (https://www.notion.so/Charakter-cdfda7ca52aa435bbb22610007798d2f?pvs=21),"Wenn <self>ich</self> das <zone>Feld</zone> <key>betrete</key>, ändere die <key>Kampfposition</key> von bis zu zwei anderen <kind>Charakteren</kind> Deiner Wahl. Falls Du einen <kind>Charakter</kind> vom <key>Typ</key> <typ>Magier</typ> und <key>Element</key> <ignis/> <key>kontrollierst</key>, füge den <key>Zielen</key> jeweils <damage>20</damage> <key>Schaden</key> zu.","Einzigartig
Wenn ich das Feld betrete, ändere die Kampfposition von bis zu zwei Charakteren. Falls du einen Charakter vom Typ Magier mit dem Element Ignis Kontrolierst, fügen den Zielen jeweils 20 Schaden zu.",Magier (https://www.notion.so/Magier-3a53f2f6a1ef426b8a25520ab3d354b1?pvs=21),2,,,,,1,"October 27, 2025 4:38 PM",,"Alpha Set  (https://www.notion.so/Alpha-Set-22495bba56ba80dea926d7979a373c53?pvs=21), TCG Arena (https://www.notion.so/TCG-Arena-29995bba56ba8075ab9efa1a1e76ba80?pvs=21)",Yes,TCG Arena,20/25,,10/30
"Sarius, Kundschafter der Hofkanzlei ",Sarius (https://www.notion.so/Sarius-1cd95bba56ba805cbef7fc51ae537cfb?pvs=21),,Yes,Aqua (https://www.notion.so/Aqua-8c3b1bb2cc364f6ba274d390ac8d3800?pvs=21),Gut Christian,"March 10, 2025 5:23 PM","Sarius’ Augen fliegen über die Zeilen – er hat schon eine Idee, wo er es auftreiben kann.",486,,Charakter (https://www.notion.so/Charakter-cdfda7ca52aa435bbb22610007798d2f?pvs=21),"Wenn <self>ich</self> das <zone>Feld</zone> <key>betrete</key>, decke die obersten 3 <key>Karten</key> von Deinem <zone>Deck</zone> auf, lege eine davon in Deine <zone>Elementarzone</zone> und den Rest unter Dein <zone>Deck</zone>.","Einzigartig
Wenn ich das Feld betrete, zeige die obersten drei Karten von deinem Deck auf, lege eine davon in deine Elementarzone den rest unter dein Deck.",Gelehrter (https://www.notion.so/Gelehrter-112f4e92a6464af1a3fe9c8f536355b0?pvs=21),,2,,,,2,"October 27, 2025 4:38 PM",,"Alpha Set  (https://www.notion.so/Alpha-Set-22495bba56ba80dea926d7979a373c53?pvs=21), TCG Arena (https://www.notion.so/TCG-Arena-29995bba56ba8075ab9efa1a1e76ba80?pvs=21)",Yes,TCG Arena,15/15,,10/15
"Corvin, die Rückhand Bjarturs",Corvin Rückhand (https://www.notion.so/Corvin-R-ckhand-1cd95bba56ba80dca82bd7a65f584251?pvs=21),,Yes,Terra (https://www.notion.so/Terra-a6762ab5136d4598aafb8d77da6be70f?pvs=21),Gut Christian,"March 10, 2025 5:28 PM","“Wo Corvins Hand zuckt, verstummen Stimmen für immer.”",487,,Charakter (https://www.notion.so/Charakter-cdfda7ca52aa435bbb22610007798d2f?pvs=21),<ability>Erstschlag</ability> <desc>Mein Schaden wird zuerst berechnet.</desc>,"Einzigartig
Erstschlag",Soldat (https://www.notion.so/Soldat-16a95bba56ba80a0a97af872ec32e686?pvs=21),,,,,2,2,"October 27, 2025 4:38 PM",,"Alpha Set  (https://www.notion.so/Alpha-Set-22495bba56ba80dea926d7979a373c53?pvs=21), TCG Arena (https://www.notion.so/TCG-Arena-29995bba56ba8075ab9efa1a1e76ba80?pvs=21)",Yes,TCG Arena,30/30,,20/50
"Theo, Wächter des Waldes",Theo (https://www.notion.so/Theo-11995bba56ba806985bee25ef71d6f47?pvs=21),TC04 (https://www.notion.so/TC04-28695bba56ba81a19b4ae3e60fd199bc?pvs=21),Yes,Terra (https://www.notion.so/Terra-a6762ab5136d4598aafb8d77da6be70f?pvs=21),Gut Christian,"March 10, 2025 5:43 PM",“Nüffe? Welfe nüffe?”,488,,Charakter (https://www.notion.so/Charakter-cdfda7ca52aa435bbb22610007798d2f?pvs=21),<ability>Doppelblock</ability> <desc><self>Ich</self> darf zwei <key>Gegner</key> gleichzeitig <key>blocken</key>.</desc>,"Einzigartig
Doppelblock",Krieger (https://www.notion.so/Krieger-86700da5b47d4073ae8e37cc896f9162?pvs=21),,,,,1,2,"October 27, 2025 4:38 PM",Common,"Alpha Set  (https://www.notion.so/Alpha-Set-22495bba56ba80dea926d7979a373c53?pvs=21), Internal Playtesting (https://www.notion.so/Internal-Playtesting-29895bba56ba80729756daaaa59bd560?pvs=21), TCG Arena (https://www.notion.so/TCG-Arena-29995bba56ba8075ab9efa1a1e76ba80?pvs=21)",Yes,TCG Arena,20/25,,15/35
"Markus Morgenwind, Leibwächter",,,Yes,Terra (https://www.notion.so/Terra-a6762ab5136d4598aafb8d77da6be70f?pvs=21),Gut Christian,"March 10, 2025 5:47 PM",“Was zahlst du?!”,489,,Charakter (https://www.notion.so/Charakter-cdfda7ca52aa435bbb22610007798d2f?pvs=21),"<ability>Doppelblock</ability> <desc><self>Ich</self> darf zwei <key>Gegner</key> gleichzeitig <key>blocken</key>.</desc>
Ich halbiere die <key>Stärke</key> aller <typ>Charaktere</typ>, die von <self>mir</self> <key>geblockt</key> werden, bis <phase>Phasenende</phase>.","Einzigartig
Doppelblock
Halbiere die Stärke von allen Charakteren die von mir geblockt werden.",Krieger (https://www.notion.so/Krieger-86700da5b47d4073ae8e37cc896f9162?pvs=21),,,,,3,2,"October 27, 2025 4:38 PM",,"Alpha Set  (https://www.notion.so/Alpha-Set-22495bba56ba80dea926d7979a373c53?pvs=21), TCG Arena (https://www.notion.so/TCG-Arena-29995bba56ba8075ab9efa1a1e76ba80?pvs=21)",Yes,TCG Arena,30/25,,25/25
"Jean-Jacques, Waffenknecht in Bjartur",Jean-Jacques (https://www.notion.so/Jean-Jacques-1cd95bba56ba80fc897beac316cabbfc?pvs=21),TC12 (https://www.notion.so/TC12-28695bba56ba81fea9afcca0881a9455?pvs=21),Yes,Terra (https://www.notion.so/Terra-a6762ab5136d4598aafb8d77da6be70f?pvs=21),Gut Christian,"March 10, 2025 5:54 PM","Sein törichter Lärm gleicht einem Hornruf, der selbst den diszipliniertesten Soldaten zur Raserei treibt.",490,,Charakter (https://www.notion.so/Charakter-cdfda7ca52aa435bbb22610007798d2f?pvs=21),<cost><terra/><unshaped1/></cost> Ein feindlicher <kind>Charakter</kind> Deiner Wahl kann bis zu Deinem nächsten <key>Zug</key> nur <self>mich</self> <key>angreifen</key>.,"Einzigartig
1,T; Ein feindlicher Charakter deiner Wahl kann bis zum Ende des Zuges nur Soldat Jean-Jacques angreifen.",Soldat (https://www.notion.so/Soldat-16a95bba56ba80a0a97af872ec32e686?pvs=21),,,,,1,2,"October 27, 2025 4:38 PM",Common,"Alpha Set  (https://www.notion.so/Alpha-Set-22495bba56ba80dea926d7979a373c53?pvs=21), Internal Playtesting (https://www.notion.so/Internal-Playtesting-29895bba56ba80729756daaaa59bd560?pvs=21), TCG Arena (https://www.notion.so/TCG-Arena-29995bba56ba8075ab9efa1a1e76ba80?pvs=21)",Yes,TCG Arena,15/25,,20/25
"Sheewa, Kommandantin der Boten Terras",Sheewa Mondblut (https://www.notion.so/Sheewa-Mondblut-11d95bba56ba80aca406faf2b81a1e84?pvs=21),,Yes,Terra (https://www.notion.so/Terra-a6762ab5136d4598aafb8d77da6be70f?pvs=21),Gut Christian,"March 12, 2025 7:58 PM","“Ich habe gelernt, dass kein Fluss, kein Ast, kein Windstoß lügt – alles erzählt mir eine Geschichte, in der die Wahrheit liegt.”",491,,Charakter (https://www.notion.so/Charakter-cdfda7ca52aa435bbb22610007798d2f?pvs=21),"<ability>Erkunden 3</ability> <desc>Wenn <self>ich</self> das <zone>Feld</zone> <key>betrete</key>, sieh Dir die obersten 3 <key>Karten</key> Deines <zone>Decks</zone> an, lege beliebig viele unter Dein <zone>Deck</zone> und den Rest in beliebiger Reihenfolge auf Dein <zone>Deck</zone>.</desc>","Einzigartig
Wennich das Feld betrete, siehe dir die obersten drei Karten von deinem Deck an, lege beliebig viele unter dein Deck, den Rest in beliebiger reihenfolge auf dein Deck.",Abenteurer (https://www.notion.so/Abenteurer-18c618e1fbc44737ad118d41cdbfa787?pvs=21),,,,,2,2,"October 27, 2025 4:38 PM",,"Alpha Set  (https://www.notion.so/Alpha-Set-22495bba56ba80dea926d7979a373c53?pvs=21), TCG Arena (https://www.notion.so/TCG-Arena-29995bba56ba8075ab9efa1a1e76ba80?pvs=21)",Yes,TCG Arena,25/30,,30/30
"Liam Lustenberg, Künstler",Liam Lustenberg (https://www.notion.so/Liam-Lustenberg-1cd95bba56ba80eabba8fba84549726e?pvs=21),,Yes,Ignis (https://www.notion.so/Ignis-ca68b053cd74404a8fa85893e505b753?pvs=21),Gut Christian,"March 12, 2025 8:05 PM",“Ich bin Künstler!”,492,,Charakter (https://www.notion.so/Charakter-cdfda7ca52aa435bbb22610007798d2f?pvs=21),"<cost><opt/></cost> Du kannst einen <key>Elementar</key>, der bereits <key>erschöpft</key> ist, <key>opfern</key>, um ein weiteres <key>Element</key> seiner Art zu generieren und eine Karte zu ziehen.","OPT: Du kannst Elementarkarten, die bereits erschöpft sind, opfern, um ein weiteres Element ihrer Art zu generieren und eine Karte zu ziehen.",Gefolge (https://www.notion.so/Gefolge-d8ea55c1066e4abbb15b1b371bd0f320?pvs=21),,,2,,,,"October 27, 2025 4:38 PM",,"Alpha Set  (https://www.notion.so/Alpha-Set-22495bba56ba80dea926d7979a373c53?pvs=21), TCG Arena (https://www.notion.so/TCG-Arena-29995bba56ba8075ab9efa1a1e76ba80?pvs=21)",Yes,TCG Arena,15/15,,15/20
"Phillipp Altdorf, Meldeläufer des Thul'Heens",Phillip Altdorf (https://www.notion.so/Phillip-Altdorf-17995bba56ba8091800fe260690dc1d5?pvs=21),,Yes,Terra (https://www.notion.so/Terra-a6762ab5136d4598aafb8d77da6be70f?pvs=21),Timon,"March 31, 2025 10:05 PM","“Ich überbringe keine Befehle. Ich bin der Beweis, dass sie schon gefallen sind.”",493,,Charakter (https://www.notion.so/Charakter-cdfda7ca52aa435bbb22610007798d2f?pvs=21),<typ>Anführer</typ> kosten bis zu <unshaped2/> weniger.,"Einzigartig
Anführer kosten bis zu 2 ungeprägte Elementar weniger",Soldat (https://www.notion.so/Soldat-16a95bba56ba80a0a97af872ec32e686?pvs=21),,,,,2,2,"October 27, 2025 4:38 PM",,"Alpha Set  (https://www.notion.so/Alpha-Set-22495bba56ba80dea926d7979a373c53?pvs=21), TCG Arena (https://www.notion.so/TCG-Arena-29995bba56ba8075ab9efa1a1e76ba80?pvs=21)",Yes,TCG Arena,20/20,,20/10
“Keilformation bilden!”,,,No,Terra (https://www.notion.so/Terra-a6762ab5136d4598aafb8d77da6be70f?pvs=21),Timon,"April 1, 2025 1:46 PM","Ein Ruf, scharf wie seine Langwehr: Thul'Heen Keroths Stimme führt seine Krieger in Formationen, die selbst den Mut der Tapfersten zerschmettern.",494,,Ereignis (https://www.notion.so/Ereignis-88e179fa1fd740499a32ee3ed4377596?pvs=21),Füge einem gegnerischen <kind>Charakter</kind> Deiner Wahl <key>Schaden</key> in Höhe der Summe der <key>Stärken</key> aller Deiner <kind>Charaktere</kind> in <key>Angriffsposition</key> zu.,Füge einem gegnerischen Charakter deiner wahl Schaden in Höhe der Summe der Stärken aller deiner Charaktere in Agriffsposition zu.,,,,,,3,,"October 27, 2025 4:38 PM",,"Alpha Set  (https://www.notion.so/Alpha-Set-22495bba56ba80dea926d7979a373c53?pvs=21), TCG Arena (https://www.notion.so/TCG-Arena-29995bba56ba8075ab9efa1a1e76ba80?pvs=21)",No,TCG Arena,,,
"Kenrik, Söldner der Morgenröte",Kenrik (https://www.notion.so/Kenrik-20595bba56ba81a1a879ebf9068038a9?pvs=21),,Yes,Ignis (https://www.notion.so/Ignis-ca68b053cd74404a8fa85893e505b753?pvs=21),Gut Christian,"June 2, 2025 7:22 PM","Von Wahnsinn entflammt und vom Ruhm getrieben, lodert Kenrik heller als die Morgendämmerung –  getrieben vom Hunger nach Unsterblichkeit in Liedern und Legenden.",496,,Charakter (https://www.notion.so/Charakter-cdfda7ca52aa435bbb22610007798d2f?pvs=21),"<ability>Angreifer</ability> <desc><self>Ich</self> darf nur in <key>Angriffsposition</key> stehen.</desc>
Zu Beginn Deiner <key>Kampfphase</key> kannst Du <self>meine</self> <key>Stärke</key> verdoppeln. Opfere <self>mich</self> in diesem Fall am Ende der <key>Kampfphase</key>.","Einzigartig
Angreifer
Zu beginn deiner Kampfphase kannst du die Stärke von mir verdoppeln, danach Opfere mich am Ende der Kampfphase.",Krieger (https://www.notion.so/Krieger-86700da5b47d4073ae8e37cc896f9162?pvs=21),,,2,,,2,"October 27, 2025 4:38 PM",,TCG Arena (https://www.notion.so/TCG-Arena-29995bba56ba8075ab9efa1a1e76ba80?pvs=21),Yes,TCG Arena,30/25,,-/-
"Henrik, Kurator verborgener Kostbarkeiten",Henrik  (https://www.notion.so/Henrik-22495bba56ba810aa347e54abc60dfe7?pvs=21),,Yes,Aeris (https://www.notion.so/Aeris-5996f3899d7740fc809fe30a652d20c6?pvs=21),Timon,"July 2, 2025 1:36 PM",“Nennt mir Euren Wunsch – der Rest ist meine Sache.”,497,,Charakter (https://www.notion.so/Charakter-cdfda7ca52aa435bbb22610007798d2f?pvs=21),<cost><aeris/><unshaped1/><opt/></cost><desc>Einmal pro Zug</desc> <key>Ziehe</key> 2 Karten. <key>Wirf</key> 1 Karte <key>ab</key>.,"1,E,OPT; Ziehe zwei Karten, wirf eine Karte ab.",Gefolge (https://www.notion.so/Gefolge-d8ea55c1066e4abbb15b1b371bd0f320?pvs=21),2,,,,,1,"October 27, 2025 4:38 PM",,"Alpha Set  (https://www.notion.so/Alpha-Set-22495bba56ba80dea926d7979a373c53?pvs=21), TCG Arena (https://www.notion.so/TCG-Arena-29995bba56ba8075ab9efa1a1e76ba80?pvs=21)",Yes,TCG Arena,15/20,,15/20
"Jasper, Wellentänzer der Saphirküste","Jasper, Wellentänzer der Saphirküste, Captain der Blackout, die Sirene, der Fluss in der Wüste (https://www.notion.so/Jasper-Wellent-nzer-der-Saphirk-ste-Captain-der-Blackout-die-Sirene-der-Fluss-in-der-W-ste-20995bba56ba81d8bb61dbcd41256440?pvs=21)",,Yes,Ignis (https://www.notion.so/Ignis-ca68b053cd74404a8fa85893e505b753?pvs=21),Timon,"July 2, 2025 1:41 PM","Jasper kennt den Wert des Schreckens. Er schlägt zu wie der Sturm, während andere noch ihre Segel reffen.",498,,Charakter (https://www.notion.so/Charakter-cdfda7ca52aa435bbb22610007798d2f?pvs=21),"<ability>Ansturm</ability> <desc><self>Ich</self> darf in dem <key>Zug</key> <key>angreifen</key>, in dem <self>ich</self> auf das <zone>Feld</zone> gekommen bin.</desc>
<ability>Bedrohlich</ability> <desc><self>Ich</self> kann nur durch mindestens 2 <kind>Charaktere</kind> <key>geblockt</key> werden.</desc>","Ansturm, Bedrohlich,",Krieger (https://www.notion.so/Krieger-86700da5b47d4073ae8e37cc896f9162?pvs=21),,,3,,,1,"October 27, 2025 4:38 PM",,"Alpha Set  (https://www.notion.so/Alpha-Set-22495bba56ba80dea926d7979a373c53?pvs=21), TCG Arena (https://www.notion.so/TCG-Arena-29995bba56ba8075ab9efa1a1e76ba80?pvs=21)",Yes,TCG Arena,25/25,,15/25
"Martin Kräuterer, Alchemist Terras","Martin Kräuterer, das Glückskind Terras (https://www.notion.so/Martin-Kr-uterer-das-Gl-ckskind-Terras-22495bba56ba8130ac4bf9c21ae8f6a5?pvs=21)",,Yes,Terra (https://www.notion.so/Terra-a6762ab5136d4598aafb8d77da6be70f?pvs=21),Timon,"July 2, 2025 2:24 PM",“Vergesst nicht das Trocknungsparadox. Die Konzentration muss stimmen!”,499,,Charakter (https://www.notion.so/Charakter-cdfda7ca52aa435bbb22610007798d2f?pvs=21),"<cost><opt/></cost><desc>Einmal pro Zug</desc> Wähle aus:
<ul>
<li><cost><aeris/></cost> <key>Ziehe</key> eine Karte, wirf eine Karte ab.</li>
<li><cost><terra/><unshaped1/></cost> Wirf eine Karte ab, nimm eine andere Karte vom <zone>Friedhof</zone> auf Deine <zone>Hand</zone>.</li>
</ul>","OPT; Führe einen der folgenden effekte as.
E; Ziehe eine Karte, wirf eine Karte ab.
1,T; Wirf eine Karte ab, nimm eine andere Karte vom Friedhof auf die Hand.",Gelehrter (https://www.notion.so/Gelehrter-112f4e92a6464af1a3fe9c8f536355b0?pvs=21),,,,,2,1,"October 27, 2025 4:38 PM",,"Alpha Set  (https://www.notion.so/Alpha-Set-22495bba56ba80dea926d7979a373c53?pvs=21), TCG Arena (https://www.notion.so/TCG-Arena-29995bba56ba8075ab9efa1a1e76ba80?pvs=21)",Yes,TCG Arena,5/10,,5/15
"Rekrut Diego, Bannerträger der Wolfswacht",Rekrut Diego (https://www.notion.so/Rekrut-Diego-24395bba56ba81ad8a0bd717c4a13ee0?pvs=21),IC13 (https://www.notion.so/IC13-28695bba56ba81248f57f51ce274b802?pvs=21),Yes,Ignis (https://www.notion.so/Ignis-ca68b053cd74404a8fa85893e505b753?pvs=21),Timon,"August 4, 2025 6:00 PM","„Ich weiß nicht, ob es Mut war oder Pflicht, was ihn dort hielt. Aber er wich nicht. Zog ihren Zorn auf sich. Nun ist er fort – und der Preis, den er zahlte, steht in meinem Namen geschrieben.“ – Sir Beolf von der Wolfswacht",503,,Charakter (https://www.notion.so/Charakter-cdfda7ca52aa435bbb22610007798d2f?pvs=21),<ability>Verhöhnen</ability> <desc><self>Ich</self> muss zuerst als <key>Angriffsziel</key> <key>gewählt</key> werden.</desc>,Verhöhnen,Soldat (https://www.notion.so/Soldat-16a95bba56ba80a0a97af872ec32e686?pvs=21),,,2,,,1,"October 27, 2025 4:38 PM",Common,"Internal Playtesting (https://www.notion.so/Internal-Playtesting-29895bba56ba80729756daaaa59bd560?pvs=21), TCG Arena (https://www.notion.so/TCG-Arena-29995bba56ba8075ab9efa1a1e76ba80?pvs=21)",Yes,TCG Arena,15/20,,15/20
Iriel-Elisha,,,No,,Gut Christian,"August 14, 2025 9:13 PM",,504,,,,,,,,,,,,"August 14, 2025 9:13 PM",,,No,Neu,,,
"Scamall le Casúr, Söldnern der Morgenröte",Scamall le Casúr (https://www.notion.so/Scamall-le-Cas-r-25395bba56ba8188856ec2e4cbe1dbbf?pvs=21),IC12 (https://www.notion.so/IC12-28695bba56ba8169ad81efe09fc26406?pvs=21),Yes,Ignis (https://www.notion.so/Ignis-ca68b053cd74404a8fa85893e505b753?pvs=21),Gut Christian,"October 6, 2025 10:21 PM","Vom Steinbruch zur Schmiede, von der Schmiede zum Schwert. Scamall lernte früh: Schilde schützen die Schwachen. Hämmer brechen beide.",506,,Charakter (https://www.notion.so/Charakter-cdfda7ca52aa435bbb22610007798d2f?pvs=21),<ability>Schildbrecher</ability> <desc>Überschüssiger <key>Schaden</key> an <key>Blockern</key> wird <self>meinem</self> ursprünglichen <key>Ziel</key> zugefügt.</desc>,Schildbrecher,Krieger (https://www.notion.so/Krieger-86700da5b47d4073ae8e37cc896f9162?pvs=21),,,2,,,2,"October 26, 2025 8:13 PM",Common,Internal Playtesting (https://www.notion.so/Internal-Playtesting-29895bba56ba80729756daaaa59bd560?pvs=21),Yes,Export,30/30,,30/30
Helenischer Wälder,,TC22 (https://www.notion.so/TC22-28695bba56ba81258b7bd14b6ba60965?pvs=21),No,Terra (https://www.notion.so/Terra-a6762ab5136d4598aafb8d77da6be70f?pvs=21),Gut Christian,"October 6, 2025 10:50 PM",,507,,Manifestation (https://www.notion.so/Manifestation-01fa783543da4ed2964edb521e465bd0?pvs=21),"T, opt; Lege einen Charkter deiner wahl aus dem Friedhof als Elementar getappt in deine Elementarzone.","T, opt; Lege einen Charkter deiner wahl aus dem Friedhof als Elementar getappt in deine Elementarzone.",,,,,,1,1,"October 27, 2025 5:22 PM",Common,Internal Playtesting (https://www.notion.so/Internal-Playtesting-29895bba56ba80729756daaaa59bd560?pvs=21),Yes,Export,,,
Verwitterter Altar,,TC23 (https://www.notion.so/TC23-28695bba56ba81548330dd2e31d7d597?pvs=21),No,Terra (https://www.notion.so/Terra-a6762ab5136d4598aafb8d77da6be70f?pvs=21),Gut Christian,"October 6, 2025 11:02 PM",,508,,Manifestation (https://www.notion.so/Manifestation-01fa783543da4ed2964edb521e465bd0?pvs=21),"opt; Opfere einen Charakter, ziehe eine Karte.","opt; Opfere einen Charakter, ziehe eine Karte.",,,,,,2,2,"October 27, 2025 8:14 PM",Common,Internal Playtesting (https://www.notion.so/Internal-Playtesting-29895bba56ba80729756daaaa59bd560?pvs=21),Yes,Export,,1,
Eiserne Mauer,,TC24 (https://www.notion.so/TC24-28695bba56ba8163bdaadd1ede0088c7?pvs=21),No,Terra (https://www.notion.so/Terra-a6762ab5136d4598aafb8d77da6be70f?pvs=21),Gut Christian,"October 6, 2025 11:07 PM",,509,,Manifestation (https://www.notion.so/Manifestation-01fa783543da4ed2964edb521e465bd0?pvs=21),"Doppelblock
Die eiserne Mauer darf Charktere Blocken als wäre sie ein Charakter in verteidigungsposition.
In der Kampfphase wird die Eiserne Mauer nur zerstört, wenn sie 60 oder mehr Schaden erleidet.","Doppelblock
Die eiserne Mauer darf Charktere Blocken als wäre sie ein Charakter in verteidigungsposition.
In der Kampfphase wird die Eiserne Mauer nur zerstört, wenn sie 60 oder mehr Schaden erleidet.",,,,,,3,2,"October 27, 2025 5:22 PM",Common,Internal Playtesting (https://www.notion.so/Internal-Playtesting-29895bba56ba80729756daaaa59bd560?pvs=21),Yes,Export,,,
Magiefluss durchbrechen,,MC16 (https://www.notion.so/MC16-28695bba56ba81d3be06ea1b21c62381?pvs=21),No,Magica (https://www.notion.so/Magica-ba80d98941c8405d875cb3e6fdb6bf34?pvs=21),Gut Christian,"October 7, 2025 6:17 PM",,510,,Ereignis (https://www.notion.so/Ereignis-88e179fa1fd740499a32ee3ed4377596?pvs=21),Ein Charakter oder eine Manifestation deiner Wahl mit einem Bannkreis verliert alle seine Bannkreise. Schicke die Karte bis zur nächsten Endphase ins Exil.,Ein Charakter oder eine Manifestation deiner Wahl mit einem Bannkreis verliert alle seine Bannkreise. Schicke die Karte bis zur nächsten Endphase ins Exil.,,,,,2,,2,"October 27, 2025 5:22 PM",Common,Internal Playtesting (https://www.notion.so/Internal-Playtesting-29895bba56ba80729756daaaa59bd560?pvs=21),Yes,Export,,,
EC01,,EC01 (https://www.notion.so/EC01-28695bba56ba81ff95b9d351ee4a5b27?pvs=21),No,Aeris (https://www.notion.so/Aeris-5996f3899d7740fc809fe30a652d20c6?pvs=21),Gut Christian,"October 23, 2025 9:16 PM",,512,,Charakter (https://www.notion.so/Charakter-cdfda7ca52aa435bbb22610007798d2f?pvs=21),,,Soldat (https://www.notion.so/Soldat-16a95bba56ba80a0a97af872ec32e686?pvs=21),1,,,,,,"October 26, 2025 7:35 PM",Common,Internal Playtesting (https://www.notion.so/Internal-Playtesting-29895bba56ba80729756daaaa59bd560?pvs=21),Yes,Export,10/10,,10/10
AC04,,AC04 (https://www.notion.so/AC04-28695bba56ba811a85a8d49bee76efe1?pvs=21),No,Aqua (https://www.notion.so/Aqua-8c3b1bb2cc364f6ba274d390ac8d3800?pvs=21),Gut Christian,"October 26, 2025 7:03 PM",,513,,Charakter (https://www.notion.so/Charakter-cdfda7ca52aa435bbb22610007798d2f?pvs=21),Tödlicher Angriff,Tödlicher Angriff,Abenteurer (https://www.notion.so/Abenteurer-18c618e1fbc44737ad118d41cdbfa787?pvs=21),,2,,,,,"October 27, 2025 5:22 PM",Common,Internal Playtesting (https://www.notion.so/Internal-Playtesting-29895bba56ba80729756daaaa59bd560?pvs=21),Yes,Export,5/10,,5/10
Grüner Schuppenhecht,,AC08 (https://www.notion.so/AC08-28695bba56ba8141a637e55b442bbe65?pvs=21),No,Aqua (https://www.notion.so/Aqua-8c3b1bb2cc364f6ba274d390ac8d3800?pvs=21),Gut Christian,"October 26, 2025 7:10 PM",,514,,Charakter (https://www.notion.so/Charakter-cdfda7ca52aa435bbb22610007798d2f?pvs=21),Sofort Spielbar,Sofort Spielbar,Bestie (https://www.notion.so/Bestie-95ad0a0b63a24c66940280fe886abd05?pvs=21),,3,,,,1,"October 27, 2025 5:22 PM",Common,Internal Playtesting (https://www.notion.so/Internal-Playtesting-29895bba56ba80729756daaaa59bd560?pvs=21),Yes,Export,30/30,,30/30
AC09,,AC09 (https://www.notion.so/AC09-28695bba56ba81a8b343ea8db09eaae4?pvs=21),No,Aqua (https://www.notion.so/Aqua-8c3b1bb2cc364f6ba274d390ac8d3800?pvs=21),Gut Christian,"October 26, 2025 7:11 PM",,515,,Charakter (https://www.notion.so/Charakter-cdfda7ca52aa435bbb22610007798d2f?pvs=21),"Wenn AC09 das Schlachtfeld betritt, gib einen Charakter deiner wahl auf die Hand seines Besitzers zurück","Wenn AC09 das Schlachtfeld betritt, gib einen Charakter deiner wahl auf die Hand seines Besitzers zurück",,,3,,,,2,"October 27, 2025 5:22 PM",Common,Internal Playtesting (https://www.notion.so/Internal-Playtesting-29895bba56ba80729756daaaa59bd560?pvs=21),Yes,Export,30/40,,40/30
AC10,,AC10 (https://www.notion.so/AC10-28695bba56ba8191b67ed1af613ebb6f?pvs=21),No,Aqua (https://www.notion.so/Aqua-8c3b1bb2cc364f6ba274d390ac8d3800?pvs=21),Gut Christian,"October 26, 2025 7:14 PM",,516,,Charakter (https://www.notion.so/Charakter-cdfda7ca52aa435bbb22610007798d2f?pvs=21),"Wenn AC10 das Schlachtfeld betritt nim eine Elementarkarte die du kontrollierst auf die Hand zurück, Du darfst in diesem zug eine weitere Elementarkarte spielen.","Wenn AC10 das Schlachtfeld betritt nim eine Elementarkarte die du kontrollierst auf die Hand zurück, Du darfst in diesem zug eine weitere Elementarkarte spielen.",,,3,,,,1,"October 27, 2025 5:22 PM",Common,Internal Playtesting (https://www.notion.so/Internal-Playtesting-29895bba56ba80729756daaaa59bd560?pvs=21),Yes,Export,25/30,,25/30
AC16,,AC16 (https://www.notion.so/AC16-28695bba56ba81eabdd4f98a9fad43f9?pvs=21),No,Aqua (https://www.notion.so/Aqua-8c3b1bb2cc364f6ba274d390ac8d3800?pvs=21),Gut Christian,"October 26, 2025 7:22 PM",,517,,Ereignis (https://www.notion.so/Ereignis-88e179fa1fd740499a32ee3ed4377596?pvs=21),"Siehe dir die obersten zwei karten von deinem Deck an, nim eine auf die Hand, lege die andere unter dein Deck.","Siehe dir die obersten zwei karten von deinem Deck an, nim eine auf die Hand, lege die andere unter dein Deck.",,,1,,,,2,"October 27, 2025 5:22 PM",Common,Internal Playtesting (https://www.notion.so/Internal-Playtesting-29895bba56ba80729756daaaa59bd560?pvs=21),Yes,Export,,,
AC22,,AC22 (https://www.notion.so/AC22-28695bba56ba81ccb85df0a6ccab944f?pvs=21),No,Aqua (https://www.notion.so/Aqua-8c3b1bb2cc364f6ba274d390ac8d3800?pvs=21),Gut Christian,"October 26, 2025 7:27 PM",,518,,Manifestation (https://www.notion.so/Manifestation-01fa783543da4ed2964edb521e465bd0?pvs=21),"1,A; Ein Charakter deiner Wahl erhält +0/+20 bis am ende des zuges.","1,A; Ein Charakter deiner Wahl erhält +0/+20 bis am ende des zuges.",,,1,,,,1,"October 27, 2025 5:22 PM",Common,Internal Playtesting (https://www.notion.so/Internal-Playtesting-29895bba56ba80729756daaaa59bd560?pvs=21),Yes,Export,,,
Labor des Giftmischers,,AC24 (https://www.notion.so/AC24-28695bba56ba819d8df8d796ecc1e818?pvs=21),No,Aqua (https://www.notion.so/Aqua-8c3b1bb2cc364f6ba274d390ac8d3800?pvs=21),Gut Christian,"October 26, 2025 7:31 PM",,519,,Manifestation (https://www.notion.so/Manifestation-01fa783543da4ed2964edb521e465bd0?pvs=21),"2,A; Ein charkter deiner wahl erhält “Tödlicher Angrif” bis zum ende des Zuges.","2,A; Ein charkter deiner wahl erhält “Tödlicher Angrif” bis zum ende des Zuges.",,,2,,,,2,"October 27, 2025 5:22 PM",Common,Internal Playtesting (https://www.notion.so/Internal-Playtesting-29895bba56ba80729756daaaa59bd560?pvs=21),Yes,Export,,,
Elias Greer,"Elias Greer, zuverlässige Bote (https://www.notion.so/Elias-Greer-zuverl-ssige-Bote-11995bba56ba8083a14ff6fb24aab327?pvs=21)",EC07 (https://www.notion.so/EC07-28695bba56ba8132a5bad6233f05159c?pvs=21),Yes,Aeris (https://www.notion.so/Aeris-5996f3899d7740fc809fe30a652d20c6?pvs=21),Gut Christian,"October 26, 2025 7:39 PM","„Trage die Stimme, nicht das Urteil. Übergib den Vorteil, nicht die Drohung.“ — 3. Leitspruch der Botengilde",520,,Charakter (https://www.notion.so/Charakter-cdfda7ca52aa435bbb22610007798d2f?pvs=21),Wenn Ich das Spielfeld betrete ziehe eine Karte,Wenn Ich das Spielfeld betrete ziehe eine Karte,Gefolge (https://www.notion.so/Gefolge-d8ea55c1066e4abbb15b1b371bd0f320?pvs=21),1,,,,,1,"October 28, 2025 1:42 PM",Common,Internal Playtesting (https://www.notion.so/Internal-Playtesting-29895bba56ba80729756daaaa59bd560?pvs=21),Yes,Export,10/15,,10/15
EC08,,EC08 (https://www.notion.so/EC08-28695bba56ba81b98b97fb05b06e841d?pvs=21),No,Aeris (https://www.notion.so/Aeris-5996f3899d7740fc809fe30a652d20c6?pvs=21),Gut Christian,"October 26, 2025 7:43 PM",,521,,Charakter (https://www.notion.so/Charakter-cdfda7ca52aa435bbb22610007798d2f?pvs=21),,,,2,,,,,2,"October 26, 2025 7:43 PM",Common,Internal Playtesting (https://www.notion.so/Internal-Playtesting-29895bba56ba80729756daaaa59bd560?pvs=21),Yes,Export,40/40,,40/40
Sir Trystan Eisenfaust,,EC09 (https://www.notion.so/EC09-28695bba56ba813d97abf3c0a98a9b1c?pvs=21),Yes,Aeris (https://www.notion.so/Aeris-5996f3899d7740fc809fe30a652d20c6?pvs=21),Gut Christian,"October 26, 2025 7:44 PM",,522,,Charakter (https://www.notion.so/Charakter-cdfda7ca52aa435bbb22610007798d2f?pvs=21),Positionswechsel,Positionswechsel,Adel (https://www.notion.so/Adel-16a95bba56ba8066bc1bc23c764d9b4b?pvs=21),2,,,,,2,"October 27, 2025 5:23 PM",Common,Internal Playtesting (https://www.notion.so/Internal-Playtesting-29895bba56ba80729756daaaa59bd560?pvs=21),Yes,Export,35/30,,30/35
Thea Eisenfeder,,EC11 (https://www.notion.so/EC11-28695bba56ba81b587bcf204ac8157ed?pvs=21),Yes,Aeris (https://www.notion.so/Aeris-5996f3899d7740fc809fe30a652d20c6?pvs=21),Gut Christian,"October 26, 2025 7:50 PM",,523,,Charakter (https://www.notion.so/Charakter-cdfda7ca52aa435bbb22610007798d2f?pvs=21),Erstschlag,Erstschlag,Soldat (https://www.notion.so/Soldat-16a95bba56ba80a0a97af872ec32e686?pvs=21),2,,,,,2,"October 27, 2025 5:23 PM",Common,Internal Playtesting (https://www.notion.so/Internal-Playtesting-29895bba56ba80729756daaaa59bd560?pvs=21),Yes,Export,30/30,,30/30
Cari Eisenfeder,,EC12 (https://www.notion.so/EC12-28695bba56ba81e09abbf3a6890449b9?pvs=21),Yes,Aeris (https://www.notion.so/Aeris-5996f3899d7740fc809fe30a652d20c6?pvs=21),Gut Christian,"October 26, 2025 7:51 PM",,524,,Charakter (https://www.notion.so/Charakter-cdfda7ca52aa435bbb22610007798d2f?pvs=21),Flankieren,Flankieren,Soldat (https://www.notion.so/Soldat-16a95bba56ba80a0a97af872ec32e686?pvs=21),2,,,,,2,"October 27, 2025 5:23 PM",Common,Internal Playtesting (https://www.notion.so/Internal-Playtesting-29895bba56ba80729756daaaa59bd560?pvs=21),Yes,Export,20/40,,30/30
Gwendolin Eisenfeder,,EC13 (https://www.notion.so/EC13-28695bba56ba81e48384d3616b10d0bd?pvs=21),Yes,Aeris (https://www.notion.so/Aeris-5996f3899d7740fc809fe30a652d20c6?pvs=21),Gut Christian,"October 26, 2025 7:55 PM",,525,,Charakter (https://www.notion.so/Charakter-cdfda7ca52aa435bbb22610007798d2f?pvs=21),"OPT; Wenn ein verbündeter Charakter eine Karte zerstört, ziehe eine Karte.","OPT; Wenn ein verbündeter Charakter eine Karte zerstört, ziehe eine Karte.",Soldat (https://www.notion.so/Soldat-16a95bba56ba80a0a97af872ec32e686?pvs=21),2,,,,,2,"October 27, 2025 5:23 PM",Common,Internal Playtesting (https://www.notion.so/Internal-Playtesting-29895bba56ba80729756daaaa59bd560?pvs=21),Yes,Export,25/30,,25/30
EC18,,EC18 (https://www.notion.so/EC18-28695bba56ba81869574dbeb8fdf9704?pvs=21),No,Aeris (https://www.notion.so/Aeris-5996f3899d7740fc809fe30a652d20c6?pvs=21),Gut Christian,"October 26, 2025 7:59 PM",,526,,Ereignis (https://www.notion.so/Ereignis-88e179fa1fd740499a32ee3ed4377596?pvs=21),"Sofort Spielbar
Ein Charakter deiner Wahl erhält Erstschlag bis zum ende des Zuges.","Sofort Spielbar
Ein Charakter deiner Wahl erhält Erstschlag bis zum ende des Zuges.",,2,,,,,1,"October 27, 2025 5:23 PM",Common,Internal Playtesting (https://www.notion.so/Internal-Playtesting-29895bba56ba80729756daaaa59bd560?pvs=21),Yes,Export,,,
IC04,,IC04 (https://www.notion.so/IC04-28695bba56ba81318efdd4b4d272966f?pvs=21),No,Ignis (https://www.notion.so/Ignis-ca68b053cd74404a8fa85893e505b753?pvs=21),Gut Christian,"October 26, 2025 8:06 PM",,527,,Charakter (https://www.notion.so/Charakter-cdfda7ca52aa435bbb22610007798d2f?pvs=21),Angreifer,Angreifer,,,,1,,,1,"October 27, 2025 5:23 PM",Common,Internal Playtesting (https://www.notion.so/Internal-Playtesting-29895bba56ba80729756daaaa59bd560?pvs=21),Yes,Export,25/25,,
IC05,,IC05 (https://www.notion.so/IC05-28695bba56ba8123a626ff450085133c?pvs=21),No,Ignis (https://www.notion.so/Ignis-ca68b053cd74404a8fa85893e505b753?pvs=21),Gut Christian,"October 26, 2025 8:07 PM",,528,,Charakter (https://www.notion.so/Charakter-cdfda7ca52aa435bbb22610007798d2f?pvs=21),Erstschlag,Erstschlag,,,,1,,,2,"October 27, 2025 5:23 PM",Common,Internal Playtesting (https://www.notion.so/Internal-Playtesting-29895bba56ba80729756daaaa59bd560?pvs=21),Yes,Export,20/20,,20/20
Zyklop,,IC06 (https://www.notion.so/IC06-28695bba56ba815a98e3d12040bfac9b?pvs=21),No,Ignis (https://www.notion.so/Ignis-ca68b053cd74404a8fa85893e505b753?pvs=21),Gut Christian,"October 26, 2025 8:08 PM",,529,,Charakter (https://www.notion.so/Charakter-cdfda7ca52aa435bbb22610007798d2f?pvs=21),Bedrohlich,Bedrohlich,,,,2,,,1,"October 27, 2025 11:26 PM",Common,Internal Playtesting (https://www.notion.so/Internal-Playtesting-29895bba56ba80729756daaaa59bd560?pvs=21),Yes,Export,25/15,,20/20
Reinhard vom Greifenberg,,IC11 (https://www.notion.so/IC11-28695bba56ba813d820adb505aedcc7b?pvs=21),Yes,Ignis (https://www.notion.so/Ignis-ca68b053cd74404a8fa85893e505b753?pvs=21),Gut Christian,"October 26, 2025 8:11 PM",,530,,Charakter (https://www.notion.so/Charakter-cdfda7ca52aa435bbb22610007798d2f?pvs=21),Wenn ich angreife erhalte ich erstschlag,Wenn ich angreife erhalte ich erstschlag,Soldat (https://www.notion.so/Soldat-16a95bba56ba80a0a97af872ec32e686?pvs=21),,,2,,,2,"October 27, 2025 5:23 PM",Common,Internal Playtesting (https://www.notion.so/Internal-Playtesting-29895bba56ba80729756daaaa59bd560?pvs=21),Yes,Export,35/25,,25/35
IC17,,IC17 (https://www.notion.so/IC17-28695bba56ba81a28611fe0155f291ba?pvs=21),No,Ignis (https://www.notion.so/Ignis-ca68b053cd74404a8fa85893e505b753?pvs=21),Gut Christian,"October 26, 2025 8:15 PM",,531,,Ereignis (https://www.notion.so/Ereignis-88e179fa1fd740499a32ee3ed4377596?pvs=21),"Sofort Spielbar
Ein charkter deiner Wahl erhält +10/+0","Sofort Spielbar
Ein charkter deiner Wahl erhält +10/+0",,,,1,,,,"October 27, 2025 5:23 PM",Common,Internal Playtesting (https://www.notion.so/Internal-Playtesting-29895bba56ba80729756daaaa59bd560?pvs=21),Yes,Export,,,
MC04,,MC04 (https://www.notion.so/MC04-28695bba56ba8124b919e6b015fc8ea5?pvs=21),No,Magica (https://www.notion.so/Magica-ba80d98941c8405d875cb3e6fdb6bf34?pvs=21),Gut Christian,"October 26, 2025 8:24 PM",,532,,Charakter (https://www.notion.so/Charakter-cdfda7ca52aa435bbb22610007798d2f?pvs=21),Bankreis 1,Bankreis 1,,,,,1,,2,"October 27, 2025 10:09 PM",Common,Internal Playtesting (https://www.notion.so/Internal-Playtesting-29895bba56ba80729756daaaa59bd560?pvs=21),Yes,Export,20/20,,20/20
MC07,,MC07 (https://www.notion.so/MC07-28695bba56ba81008f6ed9bbb0d3a102?pvs=21),No,Magica (https://www.notion.so/Magica-ba80d98941c8405d875cb3e6fdb6bf34?pvs=21),Gut Christian,"October 26, 2025 8:25 PM",,533,,Charakter (https://www.notion.so/Charakter-cdfda7ca52aa435bbb22610007798d2f?pvs=21),Wenn ein ereignis gespielt wird erhalte ich +10/+10 bis zum einde des zuges.,Wenn ein ereignis gespielt wird erhalte ich +10/+10 bis zum einde des zuges.,Magier (https://www.notion.so/Magier-3a53f2f6a1ef426b8a25520ab3d354b1?pvs=21),,,,2,,2,"October 27, 2025 5:23 PM",Common,Internal Playtesting (https://www.notion.so/Internal-Playtesting-29895bba56ba80729756daaaa59bd560?pvs=21),Yes,Export,20/30,,30/30
MC08,,MC08 (https://www.notion.so/MC08-28695bba56ba81c8b0fbc288cd6a833c?pvs=21),No,Magica (https://www.notion.so/Magica-ba80d98941c8405d875cb3e6fdb6bf34?pvs=21),Gut Christian,"October 26, 2025 8:28 PM",,534,,Charakter (https://www.notion.so/Charakter-cdfda7ca52aa435bbb22610007798d2f?pvs=21),"Solange ich auf dem Schlachtfeld stehe können befreundete Manifestationen nicht als angrifsziel gewählt werden. ","Solange ich auf dem Schlachtfeld stehe können befreundete Manifestationen nicht als angrifsziel gewählt werden. ",Krieger (https://www.notion.so/Krieger-86700da5b47d4073ae8e37cc896f9162?pvs=21),,,,3,,1,"October 27, 2025 5:23 PM",Common,Internal Playtesting (https://www.notion.so/Internal-Playtesting-29895bba56ba80729756daaaa59bd560?pvs=21),Yes,Export,30/30,,20/40
MC11,,MC11 (https://www.notion.so/MC11-28695bba56ba81538ec5fbd222becbf3?pvs=21),No,Magica (https://www.notion.so/Magica-ba80d98941c8405d875cb3e6fdb6bf34?pvs=21),Gut Christian,"October 26, 2025 8:31 PM",,535,,Ereignis (https://www.notion.so/Ereignis-88e179fa1fd740499a32ee3ed4377596?pvs=21),"Sofort Spielbar
Ein Charakter oder Manifestation deiner Wahl erhält einen Bannkreis","Sofort Spielbar
Ein Charakter oder Manifestation deiner Wahl erhält einen Bannkreis",,,,,1,,1,"October 27, 2025 5:23 PM",Common,Internal Playtesting (https://www.notion.so/Internal-Playtesting-29895bba56ba80729756daaaa59bd560?pvs=21),Yes,Export,,,
MC17,,MC17 (https://www.notion.so/MC17-28695bba56ba81499311cacb887eaa31?pvs=21),No,Magica (https://www.notion.so/Magica-ba80d98941c8405d875cb3e6fdb6bf34?pvs=21),Gut Christian,"October 26, 2025 8:34 PM",,536,,Ereignis (https://www.notion.so/Ereignis-88e179fa1fd740499a32ee3ed4377596?pvs=21),"Verhindere allen Kampfschaden, der diese Runde zugeteilt wird.","Verhindere allen Kampfschaden, der diese Runde zugeteilt wird.",,,,,2,,1,"October 27, 2025 5:23 PM",Common,Internal Playtesting (https://www.notion.so/Internal-Playtesting-29895bba56ba80729756daaaa59bd560?pvs=21),Yes,Export,,,
Umleitung,,MC18 (https://www.notion.so/MC18-28695bba56ba81429aa9ec371941cfc6?pvs=21),No,Magica (https://www.notion.so/Magica-ba80d98941c8405d875cb3e6fdb6bf34?pvs=21),Gut Christian,"October 26, 2025 8:37 PM",,537,,Ereignis (https://www.notion.so/Ereignis-88e179fa1fd740499a32ee3ed4377596?pvs=21),"Sofort Spielbar
Schicke einen Charakter deiner Wahl bis am ende des zuges ins Exil.",,,,,,2,,1,"October 26, 2025 8:39 PM",Common,Internal Playtesting (https://www.notion.so/Internal-Playtesting-29895bba56ba80729756daaaa59bd560?pvs=21),Yes,Export,,,
MC18,,MC19 (https://www.notion.so/MC19-28695bba56ba81d8af84e4eb83316f1d?pvs=21),No,Magica (https://www.notion.so/Magica-ba80d98941c8405d875cb3e6fdb6bf34?pvs=21),Gut Christian,"October 26, 2025 8:40 PM",,538,,Ereignis (https://www.notion.so/Ereignis-88e179fa1fd740499a32ee3ed4377596?pvs=21),X Charaktere deiner Wahl erhalten einen Bannkreis,X Charaktere deiner Wahl erhalten einen Bannkreis,,,,,2,,X,"October 27, 2025 5:23 PM",Common,Internal Playtesting (https://www.notion.so/Internal-Playtesting-29895bba56ba80729756daaaa59bd560?pvs=21),Yes,Export,,,
"Charon, wächter des Waldes",,TC09 (https://www.notion.so/TC09-28695bba56ba814ebe19c9a66fc631ad?pvs=21),No,Terra (https://www.notion.so/Terra-a6762ab5136d4598aafb8d77da6be70f?pvs=21),Gut Christian,"October 26, 2025 8:47 PM",,539,,Charakter (https://www.notion.so/Charakter-cdfda7ca52aa435bbb22610007798d2f?pvs=21),Verteidiger,Verteidiger,Krieger (https://www.notion.so/Krieger-86700da5b47d4073ae8e37cc896f9162?pvs=21),,,,,1,3,"October 27, 2025 5:23 PM",Common,Internal Playtesting (https://www.notion.so/Internal-Playtesting-29895bba56ba80729756daaaa59bd560?pvs=21),Yes,Export,,,30/50
TC10,,TC10 (https://www.notion.so/TC10-28695bba56ba81ad9f3fef89e1b0f0e6?pvs=21),No,Terra (https://www.notion.so/Terra-a6762ab5136d4598aafb8d77da6be70f?pvs=21),Gut Christian,"October 26, 2025 8:49 PM",,540,,Charakter (https://www.notion.so/Charakter-cdfda7ca52aa435bbb22610007798d2f?pvs=21),Doppelblock,Doppelblock,,,,,,2,2,"October 27, 2025 5:23 PM",Common,Internal Playtesting (https://www.notion.so/Internal-Playtesting-29895bba56ba80729756daaaa59bd560?pvs=21),Yes,Export,30/30,,30/30
TC14,,TC14 (https://www.notion.so/TC14-28695bba56ba814d9023e31356d397e8?pvs=21),No,Terra (https://www.notion.so/Terra-a6762ab5136d4598aafb8d77da6be70f?pvs=21),Gut Christian,"October 26, 2025 8:52 PM",,541,,Charakter (https://www.notion.so/Charakter-cdfda7ca52aa435bbb22610007798d2f?pvs=21),Schildbrecher,Schildbrecher,,,,,,3,1,"October 27, 2025 5:23 PM",Common,Internal Playtesting (https://www.notion.so/Internal-Playtesting-29895bba56ba80729756daaaa59bd560?pvs=21),Yes,Export,40/30,,20/30